codigo;descripcion;unidades;um;precio
1000;DUCADOS AZUL BLANDO;10;Cajetilla;6,20
1001;FORTUNA ORIGINAL BLANDO (20);10;Cajetilla;5,95
1004;CHESTERFIELD CLASSIC RED DURO;10;Cajetilla;6,10
10048;ROM Y JUL MINI 20 ESP PC BY;5;Estuche;9,60
10050;ROM Y JUL CLUB 20 ESP PC BY;5;Caja;12,20
1006;WINSTON CLASSIC KS BOX;10;Cajetilla;6,00
1008;LUCKY STRIKE RED;10;Cajetilla;5,85
1009;CAMEL FILTER BOX 20;10;Cajetilla;6,10
1011;NOBEL DURO;10;Cajetilla;5,95
1012;B.N. CLASICO DURO;10;Cajetilla;6,20
1015;DUCADOS AZUL DURO;10;Cajetilla;6,20
1017;CALYPSO REIG 15  NL  (10);10;Estuche;7,60
10170;DAVIDOFF ANIVER ENTREACTO 4;1;Estuche;46,00
1018;CALYPSO REIG 15 MINOR NL(10);10;Estuche;5,50
1020;FARIAS SUPERIORES (25);1;Caja;47,50
1021;DUCADOS AZUL/BLANCO BLANDO;10;Cajetilla;6,20
1022;FORTUNA ORIGINAL (20);10;Cajetilla;5,95
1023;HERENCIA BLANDO;10;Cajetilla;6,35
10257;MONTECRISTO N.5   (10) NL;1;Caja;91,00
1026;ROTHMANS OF LONDON;10;Cajetilla;5,50
1028;NOBEL BLANDO;10;Cajetilla;5,80
1030;CALYPSO REIG MINI    NL(20);5;Estuche;6,60
1031;ROYAL CROWN FILTER;10;Cajetilla;6,25
10335;LA PAZ WILDE MINIATURAS  20;5;Lata;6,70
1036;FORTUNA ORIGINAL BLUE (AZUL) 20;10;Cajetilla;5,95
10415;VEGAFINA CLASSIC MINUTOS (8);5;Lata;15,20
10416;VEGAFINA MINUTOS 25;1;Caja;47,50
10420;MONTECRISTO PURITOS 25 BY;1;Estuche;46,25
10421;MONTECRISTO PURITOS 5 BY;10;Estuche;9,25
10468;ERINMORE FLAKE LATA (5*50)BY;5;Lata;11,50
1047;ROTHMANS OF LONDON WHITE AND BLUE;10;Cajetilla;5,50
10474;ERINMORE MIXTURE LATA (5*50G) BY;5;Lata;10,50
10488;DAVIDOFF CLUB CIGARILLO 10;5;Lata;12,20
1049;CAMEL BLUE 20;10;Cajetilla;6,10
10491;NEOS COUNTRY CIGARILLO 20;10;Lata;8,20
10492;NEOS COUNTRY MINI  20;5;Lata;6,60
1051;CHESTERFIELD CL BLUE DURO;10;Cajetilla;6,10
10518;DENIM RED AMERICAN BLEND;10;Cajetilla;4,50
10519;EXCITE BLUE 20;10;Cajetilla;4,70
10520;EXCITE RED DURO 20;10;Cajetilla;4,70
10530;BULLBRAND NEGRO CLASICO 20;10;Cajetilla;4,80
10531;MANITOU NATIVO BLEND N8 RED (20);10;Cajetilla;4,80
10537;MECANICOS EXTRA FILTRO;10;Cajetilla;4,80
1056;B.N. BEIGE DURO;10;Cajetilla;6,20
1064;GUAJIRO BREVAS.           (50);1;Caja;32,50
10690;BORKUM RIFF ORANGE  50 G;5;Bolsa;8,10
10715;RAFAEL GONZ. PETIT CORONAS25NL;1;Caja;147,50
10717;TRINIDAD REYES 12 NL;1;Caja;408,00
1072;MONTECRISTO N.4  (25);1;Caja;317,50
10723;ROTHMANS OF LONDON SILVER (20);10;Cajetilla;5,50
1074;FORTUNA ORIGINAL SILVER (20);10;Cajetilla;5,95
10768;AGIO MINI MEHARI'S ECUADOR 20 NL;10;Estuche;6,30
1077;FARIAS CLUB (20);10;Estuche;5,85
1080;GUAJIRO PALMEROS          (50);1;Estuche;29,00
1082;F.SAVANE PETIT CIGARE    (20);10;Estuche;5,90
10845;FLEUR DU PAYS N.1  BLOND 40 GR NL;10;Bolsa;11,10
10846;FLEUR DU PAYS N.1 BLOND 200 GR NL;4;Lata;52,00
1085;LUCKY STRIKE BLUE;10;Cajetilla;5,85
10866;BULLBRAND RUBIO 20 NL;10;Cajetilla;4,80
1090;DON JULIÁN Nº5 (5);5;Estuche;11,00
1091;LUCKY STRIKE RED BLANDO;10;Cajetilla;5,75
1092;CAMEL FILTER SOFT;10;Cajetilla;6,00
1093;LA PAZ WILDE CILLOS   (20);5;Lata;9,10
1095;R 1 ROJO;10;Cajetilla;6,70
1096;GUAJIRO TROMPETAS         (20).;5;Estuche;8,60
1097;HERENCIA DURO;10;Cajetilla;6,35
1098;SUPERKINGS;10;Cajetilla;7,90
1102;LA DALIA REIG 7 MINOR  NL  (10);10;Estuche;5,50
1103;GUAJIRO ESP.GUAJIRO.    (50);1;Caja;29,00
1105;WEST ROJO (20);10;Cajetilla;5,10
1108;JPS AMERICAN BLEND BLUE STREAM (20);10;Cajetilla;5,85
1112;REGAL KS;10;Cajetilla;7,90
1117;R 1 AZUL;10;Cajetilla;6,70
1120;NOBEL 0,1;10;Cajetilla;6,00
1122;WEST SILVER;10;Cajetilla;5,55
1128;QUINTERO BREVAS           (25);1;Caja;65,00
1129;GUAJIRO SEÑORITAS         (50);1;Estuche;16,50
1131;LAMBERT & BUTLER KS;10;Cajetilla;7,75
1137;RAFAEL GONZ. PANETELAS EXT. (25);1;Caja;67,50
1140;WEST AZUL (20);10;Cajetilla;5,10
1144;SILK CUT PURPLE;10;Cajetilla;7,90
1149;LA PAZ MINI WILDE CILLOS (20);5;Lata;7,80
1153;MONTECRISTO MINI (20);5;Estuche;12,40
1156;AGIO MEHARI'S  JAVA    (20);10;Estuche;7,30
1158;GAULOISES RUBIO ROJO;10;Cajetilla;5,85
1171;PICADURA SELECTA         (40G);10;Bolsa;9,80
1173;MINI DAVIDOFF GOLD (20);5;Estuche;15,20
1174;GAULOISES RUBIO AZUL;10;Cajetilla;5,85
1176;AGIO MEHARI'S ECUADOR. (20);10;Estuche;7,30
1179;MONTECRISTO N.3           (25);1;Caja;415,00
1180;COHIBA MINI     (20);5;Estuche;14,90
11841;BLACK DEVIL BLACK (20);10;Cajetilla;4,90
1185;LA PAZ WILDE CIGARRO      (20);5;Estuche;13,70
1188;DUNHILL INTERNATIONAL;10;Cajetilla;7,15
1189;DON JULIÁN MINI (20);5;Estuche;7,20
1195;SUPERKINGS BLUE;10;Cajetilla;7,90
1210;GAULOISES RUBIO AMARILLO;10;Cajetilla;5,85
1218;EMBASSY Nº 1;10;Cajetilla;7,90
1223;MONTECRISTO N.5           (25);1;Caja;227,50
1230;GITANES CORTOS SIN FILTRO DURO;10;Cajetilla;7,00
1232;AGIO MEHARI'S RED ORIENT (20);10;Estuche;7,30
1234;DON JULIÁN Nº1 (5);5;Estuche;22,00
1236;GUAJIRO AROMAS            (10);10;Caja;3,80
1243;FONSECA DELICIAS          (25);1;Caja;110,00
1248;ROTHMANS BLUE;10;Cajetilla;6,90
12503;VEGAFINA CLASICC PERLA (10;1;Caja;29,50
12511;PUEBLO  30 G  FINE CUT NL;10;Bolsa;7,10
1258;JPS BLACK;10;Cajetilla;5,85
1263;JPS AMERICAN BLEND WHITE;10;Cajetilla;5,85
12669;TRABUCOS CORONAS 50 NL;1;Estuche;27,50
1272;SILK CUT WHITE;10;Cajetilla;7,90
1285;VOGUE SUPER SLIMS BLUE;10;Cajetilla;7,15
12913;LATINO HERITAGE;10;Cajetilla;4,80
1295;FONSECA COSACOS           (25);1;Caja;182,50
1299;GITANES CORTOS CON FILTRO DURO;10;Cajetilla;7,00
1306;VASCO DA GAMA Nº2 CLARO (25);1;Caja;50,00
1307;REY MUNDO DEMI TASSE      (25);1;Caja;150,00
13081;ROM Y JUL SHORT CHURCHIL 25 NL;1;Caja;530,00
13083;ROM Y JUL SHORT CHURCHIL 10 NL;1;Caja;212,00
1311;LAMBERT & BUTLER GOLD;10;Cajetilla;7,75
1314;CLUBMASTER MINI N.121 SUM.(20);10;Lata;4,70
1321;MINI DAVIDOFF             (50);1;Caja;38,00
1324;FONSECA N.1 (25);1;Caja;250,00
1332;GUAJIRO N.5               (25);1;Caja;27,50
1333;MONTECRISTO N.1           (25);1;Caja;522,50
1337;FONSECA CADETES           (25);1;Caja;107,50
1340;F.T.PARTAGAS SUPERPARTAGAS(25);1;Caja;252,50
1356;MONTECRISTO MINI (10);10;Estuche;6,30
1360;FLOR CANO PETIT CORONAS   (25);1;Caja;97,50
1362;MONTECRISTO N.2           (25);1;Caja;645,00
1365;AGIO MEHARI'S ECUADOR . (50);4;Estuche;15,60
13721;VEGAFINA MINI FILTER 20 NL;5;Lata;5,90
13729;STERLING KING SIZE;10;Cajetilla;7,20
13730;STERLING SUPERKINGS;10;Cajetilla;7,20
13772;ROM Y JUL SHORT CHURCH TUB 3NL;1;Caja;65,70
13783;PALL MALL PUERTO RICO;10;Cajetilla;5,85
13842;COHIBA CLUB (10) ESP PC NL;10;Caja;9,70
13843;MONTECRISTO CLUB (10) ESP PC NL;10;Caja;8,00
13929;ROM Y JUL PETIT JULIETA 25 NL;1;Caja;160,00
13931;BOLIVAR BELICOSOS FINOS WSL (25);1;Caja;455,00
13933;H. UPMANN CORONAS MAJOR T/AL 25 NL;1;Caja;235,00
13935;AMBER LEAF 10 X 50 G;10;Bolsa;15,50
13936;ROM Y JUL MILLE FLEURS (10) NL;1;Caja;74,00
13979;FLEUR DU PAYS N.1 BLOND 500 GR NL;1;Bolsa;130,40
14064;J.CORTES CORONA SUMATRA 100% S (10);2;Caja;33,00
14077;VILLIGER EXPORT  PRESSED (5) NL;5;Estuche;7,20
14079;VILLIGER KIEL JUNIOR  (10) NL;10;Estuche;5,50
14129;MONTECRISTO PETIT EDMUNDO (25) NL;1;Caja;457,50
14130;MONTECRISTO PETIT EDMUNDO (10);1;Caja;183,00
14134;JPS AMERICAN BLEND RED 100'S;10;Cajetilla;5,50
14138;BRANIFF NEGRO FILTER CAPA NATURAL 20;10;Estuche;3,10
1421;F.T.PARTAGAS HABANEROS    (25);1;Caja;197,50
1427;SIGNATURE BLUE      (20);5;Lata;6,10
1428;SIGNATURE ORIGINAL (20);5;Lata;6,10
1429;ROM Y JUL CORONITAS     (25);1;Caja;217,50
14443;DUCADOS MINI 20 ESP NL;10;Estuche;4,10
1445;H.W. HALF CORONAS          (5);5;Estuche;8,60
14534;VEGAFINA CLASSIC PERLA TUBO (10);1;Caja;33,50
1461;BORKUM RIFF BRONZE   (50 G);5;Bolsa;7,80
14636;H. UPMANN MAGNUM 46  TUBO (3) NL;1;Caja;59,10
14638;MONTECRISTO PETIT EDMUNDO TUBO (3)  NL;1;Caja;57,00
1465;MONTECRISTO N.3            (5);1;Estuche;83,00
14667;H.MONTERREY CORONATIONS T/ALUM(25);1;Caja;300,00
14672;MONTECRISTO EDMUNDO TUBO (3);1;Estuche;79,20
14673;MONTECRISTO N.4        (10) NL;1;Caja;127,00
14674;MONTECRISTO PETIT TUBOS 25  NL;1;Caja;335,00
14675;MONTECRISTO PETIT TUBOS 5;1;Caja;67,00
14686;ROM Y JUL ROMEO N.1    (3) NL;1;Estuche;34,80
14688;ROM Y JUL ROMEO N.2    (3) NL;1;Caja;36,00
14689;ROM Y JUL ROMEO N.3   (10)  NL;1;Caja;93,00
14690;ROM Y JUL ROMEO N.3   (3)  NL;1;Caja;27,90
14715;H. UPMANN CORONAS JUNIOR TUBO 25;1;Caja;185,00
14720;JOSE L. PIEDRA PETIT CAZADOR5;5;Caja;9,50
14730;QUAI D'ORSAY CORONAS CLARO (25) NL;1;Caja;400,00
14757;TOSCANELLO ROSSO 5;10;Estuche;4,90
14759;ANTICO TOSCANO 5;10;Estuche;9,50
14760;TOSCANELLO 5;10;Estuche;4,90
14761;TOSCANO EXTRAVECCHIO 5;10;Estuche;7,10
1483;PUNCH PUNCH PUNCH         (25);1;Caja;475,00
1484;TURNER ORIGINAL     (40G);5;Bolsa;7,95
14871;RICHMOND SUPERKINGS;10;Cajetilla;7,40
1490;VEGAS ROBAINA FAMOSOS      (25);1;Caja;400,00
14915;TOSCANO CLASSICO 5;10;Estuche;6,60
1493;DAVIDOFF DEMI TASSE NL (10);5;Caja;20,80
1499;AMPHORA FULL   (50G);5;Bolsa;7,80
15021;AL CAPONE ORIGINAL FILTER (10);10;Estuche;2,70
15062;PONCHO CIGARRITOS  10;10;Caja;2,60
1507;JOHN PLAYER KING SIZE BLUE;10;Cajetilla;6,90
1508;NOBEL PETIT WHITE SUMATRA (20);5;Estuche;8,90
1510;QUINTERO LONDRES EXTRA    (25);1;Caja;85,00
1513;VEGAS ROBAINA UNICOS       (25);1;Caja;550,00
15158;DAVIDOFF PRIMEROS 6;5;Estuche;30,00
1518;GUAJIRO GRAN CEDRO        (25);1;Caja;46,50
1520;COHIBA SIGLO II           (25);0;Caja;980,00
1526;MINI DAVIDOFF CIGAR SILVER 20;5;Estuche;15,20
15322;VASCO DA GAMA CAPA DE ORO25 NL;1;Estuche;50,00
1534;CONDAL N.4  (25);1;Caja;155,00
1535;AMSTERDAMER FINE CUT 40 G;10;Bolsa;8,50
15369;MACANUDO CLUB CIGARILLOS (20);5;Caja;8,80
1538;BORKUM RIFF ORIGINAL (50G) BY.;5;Bolsa;7,90
1541;MONTECRISTO ESPECIAL      (25);1;Caja;635,00
1545;BORKUM RIFF RUBY (50 G);5;Bolsa;8,00
1549;DAVIDOFF SIGNATURE N.2000 (25) NL;1;Caja;360,00
1554;ROM Y JUL ROMEO N.1     (10);1;Estuche;116,00
1559;SANCHO PANZA NON PLUS     (25);1;Caja;230,00
1560;ST. BRUNO READY RUBBED   (50G);5;Bolsa;8,90
1564;MONTECRISTO JOYITAS       (25);1;Caja;225,00
15723;TOSCANO ANTICA RISERVA 2;10;Estuche;5,30
15724;DAVIDOFF ROBUSTO COLLECTION 5;1;Caja;67,10
15727;HOLGER DANSKE RUBY MELANGE 50 G;5;Bolsa;4,50
15728;HOLGER DANSKE BLACK & B (50 G);5;Bolsa;5,65
15760;NOBEL TRIPLE FILTRO;10;Cajetilla;6,00
15774;PALL MALL R. N. ORL S.R.T. 200;3;Lata;48,00
15791;HERENCIA PALMERA BREVAS 25;1;Estuche;15,00
15793;HERENCIA PALMERA SEÑORITAS 25;1;Estuche;12,50
1580;DAVIDOFF SIGNATURE 1000 (25);1;Caja;275,00
15897;PUEBLO  100 G  FINE CUT NL;1;Lata;23,60
1590;F.T.PARTAGAS LUSITANIA    (25);0;Caja;805,00
1594;SANCHO PANZA BELICOSOS    (25);1;Caja;390,00
1595;CONDAL N.6  (25);1;Caja;155,00
15968;GUAJIRO FORTE TROMPETAS 5 NL;5;Estuche;2,10
1597;MAC BAREN MIXTURE        (50G);5;Bolsa;8,00
1598;CALYPSO REIG MINI FILTER NL(20);10;Estuche;6,70
1599;ROM Y JUL CHURCHILLS TUBO (10);1;Caja;300,00
1603;COHIBA EXQUISITOS         (25);0;Caja;980,00
1607;COHIBA PANATELAS (25);0;Caja;775,00
16082;BRANIFF AMER.  BLEND CAPA NATURAL;10;Estuche;3,10
16104;F.T.PARTAGAS MILLE FLEUR(25)NL;1;Caja;185,00
16114;VEGAFINA CLASSIC SHORT ROBUSTO (25);1;Caja;122,50
1613;HALF AND HALF            (50G);5;Bolsa;8,10
16151;PANTER MINI ORIGINAL 20;10;Lata;5,60
16152;PANTER MINI BLEU 20;10;Lata;5,60
16213;H. UPMANN MAGNUM 50   (25)  NL;1;Caja;577,50
16214;TABACS JUNEDA CALIQUEÑOS 20;4;Caja;20,00
16216;NEOS MINI JAVA  (20)  NL;10;Estuche;5,00
16263;GAULOISES BRUNES;10;Cajetilla;6,35
16280;D.TOMAS CLASICO ROBUSTO  25;1;Caja;107,50
16281;D.TOMAS CLASICO ROTHSCHILD  25;1;Caja;100,00
16284;PUEBLO CIGARETTE;10;Cajetilla;5,15
1629;DAVIDOFF SIGNATURE N.2000 (5) NL;1;Estuche;72,00
16328;GAULOISES MELANGE ORIGINAL 40G;10;Bolsa;10,05
1634;BORKUM RIFF BLACK (50 G);5;Bolsa;8,30
16350;F.T.PARTAGAS SERIE D N.4(10)NL;1;Caja;212,00
16357;H.MONTERREY EPICURE ESP  25;1;Caja;565,00
1637;DAVIDOFF SIGNATURE 1000  (5) NL;1;Estuche;55,00
16404;EL CREDITO SERIE R N.4 ( 24) NL;1;Caja;124,80
16405;EL CREDITO SERIE R N.5 ( 24) NL;1;Caja;141,60
16406;EL CREDITO SERIE R N.6 ( 24) NL;1;Caja;194,40
1645;CLAN BLUE (50G);5;Bolsa;8,30
1646;CAPSTAN ORIGINAL NAVY CUT(50G);5;Lata;11,40
1651;BROOKFIELD Nº 1 (50 G);5;Bolsa;5,00
16629;H.MONTERREY EPICURE ESP  10;1;Caja;226,00
16638;LA CAMPANA CALIQUEÑOS (20);2;Caja;20,00
16641;LA CAMPANA CALIQUEÑOS (10);5;Caja;10,00
16684;MARLBORO POCKET PACK (CORTO);10;Cajetilla;6,00
16725;PUEBLO BLUE;10;Cajetilla;5,15
16763;MACANUDO LONDON CLUB CONNECTICUT 25;1;Caja;77,50
16781;TABACS JUNEDA  CALIQUEÑOS 50;1;Caja;50,00
1689;DAVIDOFF SIGNATURE N.2   (5) NL;1;Estuche;105,00
1696;BORKUM RIFF COPPER (50 G);5;Bolsa;8,30
1699;KENTUCKY BIRD            (50G);5;Bolsa;7,20
17000;F.T.PARTAGAS SALOMONES 10;1;Caja;382,00
17036;VEGAFINA SHORT ROBUSTO (10) NL;1;Caja;49,00
17097;EL CREDITO SERIE R N.3  24;1;Caja;94,80
17140;PANTER MINI RED 20;10;Lata;5,60
17149;AMIGOS  (20) NL CN;10;Caja;4,60
17196;CANDLELIGHT FILTER RED (10);10;Caja;1,60
17197;CANDLELIGHT FILTER GOLD 10;10;Caja;1,60
1720;INDIAN SUMMER            (50G);5;Bolsa;8,00
17201;CANDLELIGHT B. CORONA SUMATRA 25;1;Caja;30,00
17202;MANITOU F.CUT VIRGINIA.GOLD100;3;Lata;19,00
17213;BURTON ORIGINAL;10;Cajetilla;4,80
17217;MANITOU VIRGINIA GOLD;10;Cajetilla;5,00
17218;MANITOU VIRGINIA PINK;10;Cajetilla;5,00
17221;CALYPSO REIG 1 (10);10;Estuche;3,40
1723;MAC BAREN GOLDEN AMBROSIA(50G);5;Bolsa;8,30
1725;H.MONTERREY EPICURE N.1   (25);1;Caja;530,00
17253;MAKLA BOUHLEL BENTCHICOU ROUGE 20;10;Lata;1,70
17257;LA DALIA REIG 7 CORTADOS NA (10);10;Estuche;7,60
17317;H. UPMANN MAGNUM 50 TUBO 3;1;Caja;71,40
17318;H.MONTERREY EPICURE ESP TUBO 3;1;Caja;69,90
1733;MAC BAREN RED AMBROSIA (50G);5;Bolsa;8,00
17412;MONTE NEGRO SERIE ORO (24) ED.ESP;1;Caja;55,20
17487;CLUBMASTER MINI FILTER RED 20;10;Estuche;4,70
1754;SKANDINAVIK NAVY (50 G);5;Bolsa;8,40
17555;GOLDEN VIRGINIA YELLOW 50G;10;Bolsa;15,30
1757;GAWITH ORIGINAL  (10G);10;Lata;2,50
17579;HDA. DOS SANTOS CORONAS 25;1;Caja;50,00
1758;GLETSCHERPRISE           (10G);10;Lata;2,50
17580;HDA. DOS SANTOS G. RESERVA 25;1;Caja;56,25
17582;CONSUL CRISTALES RESERVA 25;1;Caja;47,50
17583;CONSUL ESPECIALES 25;1;Caja;42,50
1761;LOWENPRISE               (10G);10;Lata;2,50
17648;MONTE NEGRO PANETELAS 25;1;Caja;35,00
17656;JPS VIRGINIA BLUE;10;Cajetilla;7,15
1772;DAVIDOFF ANIVER SPECIAL R  (25);1;Caja;562,50
17737;AMIGOS   10;10;Estuche;3,30
1775;SKANDINAVIK MIXTURE      (50G);5;Bolsa;8,20
1776;EXCLUSIV MIXTURE Nº 6 (50 G);5;Lata;5,50
17770;D.TOMAS CLASICO LINDOS (25);1;Caja;90,00
1783;CAPSTAN GOLD NAVY CUT (50G);5;Lata;10,90
17853;PANTER DESERT 20 ND;10;Caja;4,70
17859;NEOS MINI JAVA 50   NL;2;Caja;18,00
17869;BRANIFF NEGRO CAPA NATURAL 20;10;Estuche;3,10
17945;STEEPLE MEZCLA AMERICANA 350 G;1;Lata;71,00
1796;CONDAL ROBUSTO (25);1;Caja;162,50
18014;MONTECRISTO OPEN REGATA 20;1;Caja;292,00
18015;MONTECRISTO OPEN EAGLE 20;1;Caja;568,00
18017;MONTECRISTO OPEN JUNIOR 20;1;Caja;182,00
1803;CONDAL CHURCHILL  (25);1;Caja;212,50
18100;AJJA 17 EXTRA BLONDE  40 GR;10;Bolsa;9,90
18151;MACANUDO ASCOTS MADURO 10;10;Caja;11,60
1816;DANSKE CLUB BLACK LUXURY (50G);5;Bolsa;8,50
1820;EXCLUSIV MIXTURE Nº 2 (50 G);5;Bolsa;5,50
1822;J.CORTES MINI             (20);5;Estuche;11,50
18294;CHESTERFIELD ROLL YOUR OWN 30 G;10;Bolsa;6,50
18327;ORIGENES 30 G;10;Bolsa;6,90
18416;BOLIVAR ROYAL CORONAS TUBO 10;1;Caja;203,00
18417;PUNCH PUNCH TUBO 10;1;Caja;197,00
1845;DAVIDOFF ANIVERSARIO SPECIAL'T'  (20);1;Caja;536,00
18627;SIGNATURE FINOS BLUE 20;5;Lata;5,10
18697;PUEBLO  30 G  BURLEY BLEND;10;Bolsa;7,10
18725;AMIGOS POCKET FILTER 20;10;Estuche;3,30
18726;AMIGOS POCKET 20;10;Estuche;3,40
18760;ROLL´S RED 17;10;Estuche;2,70
18762;ROLL´S NEGRO FILTER 17;10;Estuche;2,70
18775;CLUBMASTER CIGARILLO RED 20;10;Estuche;5,20
18793;CHESTERFIELD BLANDO;10;Cajetilla;6,00
18803;BRANIFF LINEA D'ORO RED 20;10;Estuche;3,30
18804;BRANIFF LINEA D'ORO WHITE 20;10;Estuche;3,30
18861;MONTECRISTO OPEN REGATA  T 3;1;Estuche;45,90
18862;MONTECRISTO OPEN EAGLE T 3;1;Estuche;87,30
18863;MONTECRISTO OPEN MASTER T 3;1;Estuche;69,90
18864;MONTECRISTO OPEN JUNIOR T 3;1;Estuche;29,40
1889;BORKUM RIFF MALT BRONZE LAT (200 G);1;Lata;22,80
1907;DAVIDOFF SCOTTISH MIXTURE NL(50G);5;Lata;17,20
19078;MARLBORO TOUCH AZUL;10;Cajetilla;6,00
19102;DUCADOS RUBIO RED SOFT (20);10;Cajetilla;5,70
19117;Vegafina Classic Minutos Ecobag (16);5;Estuche;28,00
19138;ROM Y JUL  JULIETA (5);1;Caja;50,00
19140;ROM Y JUL WIDE CHURCHILLS 10;1;Caja;234,00
19141;ROM Y JUL WIDE CHURCHILLS 3 TUBO;1;Caja;72,30
19159;CANDLELIGHT FILTER WHITE 10;10;Caja;1,60
19185;MAC BAREN 7 SEAS GOLD B. 40 G;5;Bolsa;4,10
19314;L&M BLUE BLANDO;10;Cajetilla;5,75
19379;JPS BLACK 100S;10;Cajetilla;5,85
1942;W.O.LARSEN OLD FASHION. (100G);3;Lata;19,30
1952;CONDAL CORONA INMENSO  (25);1;Caja;206,25
19643;MONTE NEGRO CORONAS 48 HUMIDOR PW;1;Lata;81,60
19676;FLOR DEL SOL ROBUSTO 10;1;Estuche;29,00
19677;FLOR DEL SOL SHORT ROBUSTO 10;1;Estuche;27,00
19683;CANDLELIGHT FILTER GOLD 17;10;Caja;2,60
19758;BULLBRAND FILTER CIGARS 20 HL;10;Caja;2,70
19968;DAVIDOFF P. D'ORO SUBLIMES 4;1;Estuche;16,00
19969;DAVIDOFF P. D'ORO SUBLIMES 10;1;Caja;40,00
19974;DAVIDOFF P. D'ORO NOTABLES 4;1;Estuche;24,00
19975;DAVIDOFF P. D'ORO NOTABLES 10;1;Caja;60,00
19978;DAVIDOFF P. D'ORO MAGNIFICOS10;1;Caja;61,20
1999;MAC LINTOCK WILD C.  50 G;5;Bolsa;5,50
2001;W.O.LARSEN CLASSIC      (100G);3;Lata;19,30
20030;DUCADOS 25 AZUL DURO;8;Cajetilla;7,50
20071;NOBEL STYLE;10;Cajetilla;5,60
20154;MCCHRYSTAL S ORIG & GEN SNUFF 4 G;12;Lata;1,00
20227;AMIGOS FILTER 20     CN;10;Caja;4,70
20228;AMIGOS (50)   CN;1;Caja;17,00
20242;COBURN CAPA NATURAL RED 20;10;Estuche;3,80
20243;COBURN CAPA NATURAL BLUE 20;10;Estuche;3,85
20280;AMIGOS MEDIUM 10;10;Estuche;2,60
20300;BULLBRAND A.B. FILTER CIGARS 20;10;Caja;2,70
20313;TOSCANELLO NERO 5;10;Estuche;4,90
20314;HERENCIA PALMERA;10;Cajetilla;4,80
20343;SELEC P. ROBUSTOS TR 2012 (10);1;Caja;251,00
20344;H. UPMANN HALF CORONA  25;1;Caja;167,50
20345;H. UPMANN HALF CORONA 5;1;Caja;35,00
20351;F.T.PARTAGAS SERIE E N.2  (25);1;Caja;670,00
20352;F.T.PARTAGAS SERIE E N.2  (5);1;Caja;134,00
20376;CALYPSO REIG 1  (18);10;Estuche;5,65
20461;DUCADOS RUBIO 112G;1;Bolsa;26,50
20745;H.MONTERREY EPICURE N.2 TUBO 3;1;Estuche;65,70
20820;BARLOVENTO BREVAS (50);1;Estuche;32,50
20943;VERELLEN PONCHO 10;10;Caja;3,00
21109;QUINTERO FAVORITOS    25;1;Caja;117,50
21110;RAFAEL GONZ. PERLAS 25;1;Caja;93,75
21130;CAMEL PICADURA DE LIAR 70G;5;Lata;16,90
21141;WINSTON PICADURA DE LIAR 70G;5;Lata;16,90
2117;CONDAL N.5  (25);1;Caja;150,00
21190;COBURN CAPA NATURAL RED 10;20;Estuche;2,00
2121;PUNCH PETIT CORONATIONS   (25);1;Caja;220,00
21250;MONTE NEGRO BUCANEROS 10 PW;10;Caja;3,00
21294;VEGAFINA SERIE 2 GRAN CORONA (10);1;Caja;48,00
21295;VEGAFINA PANETELAS F2 25;1;Caja;80,00
21296;VEGAFINA SERIE 2 SHORT BELICOSO (10);1;Caja;50,00
21348;AMSTERDAMER 40 G;5;Bolsa;4,50
21363;DUCADOS RUBIO 170G;1;Bolsa;39,85
21797;FORTUNA CUBO LIAR/ENTU (80 G);3;Lata;18,15
22052;AROMAS DEL CARIBE SHORT ROBUSTO 25 PW;1;Caja;45,00
22053;AROMAS DEL CARIBE TORPEDOS 25 PW;1;Caja;45,00
22055;AROMAS DEL CARIBE DEMI TASSE 25 PW;1;Caja;35,00
22056;AROMAS DEL CARIBE G. ROBUSTO 25 PW;1;Caja;50,00
22550;MONTECRISTO N.5      (5)    PW;1;Caja;45,50
22562;MONTECRISTO N.4         (5) PW;1;Estuche;63,50
22572;H.MONTERREY P. ROBUSTOS (3) PW;1;Estuche;46,20
22573;MONTECRISTO N.4      (3)    PW;1;Estuche;38,10
22629;F.T.PARTAGAS SER.D N.4 TUB(3)PW;1;Estuche;65,70
22728;F.T.PARTAGAS SERIE D N.5  (10)PW;1;Caja;160,00
22729;F.T.PARTAGAS SERIE D N.5  (25)PW;1;Caja;400,00
22742;NOBEL SLIMS;10;Cajetilla;5,85
22758;HANDELSGOLD N.100 (10) PW;10;Caja;2,00
22815;VEGAFINA CORONAS (4) PW;1;Estuche;18,20
22816;VEGAFINA CORONITAS  (4)PW;1;Estuche;17,00
22821;VEGAFINA ROBUSTOS (3)PW;5;Estuche;17,10
22824;VEGAFINA SHORT ROBUSTOS (3) PW;5;Lata;14,70
22829;VEGAFINA GRAN CORONA F2 (4)PW;1;Estuche;19,20
22830;VEGAFINA SHORT BELICOSO F2(3)PW;1;Estuche;15,00
22831;VEGAFINA SERIE 2 PANETELA (5);1;Estuche;16,00
23007;CAMEL ACTIVA;10;Cajetilla;6,10
23479;LUCKY STRIKE ORIGIN. TOBAC;10;Cajetilla;5,75
23483;AL CAPONE GOLD FILTER (10);10;Estuche;2,70
23580;AL FAKHER THE DOUBLE CRUNCH (50G);10;Caja;4,70
23581;AL FAKHER RED PATCH (50G);10;Caja;4,70
23586;AL FAKHER GRAPIO GREEN (50G);10;Caja;4,70
23587;AL FAKHER GRAPIO(50G);10;Caja;4,70
23589;AL FAKHER BIG GREEN (50G);10;Caja;4,70
23611;DESERT GOLD BLUE;10;Cajetilla;4,65
23621;AL FAKHER GRAPIO GREEN(250G);1;Caja;19,95
23622;AL FAKHER GRAPIO (250 G) PW;1;Caja;19,95
23676;ELIXYR RED;10;Cajetilla;4,95
23677;ELIXYR RED 100`S;10;Cajetilla;4,90
23678;ELIXYR BLUE;10;Cajetilla;4,95
23679;ELIXYR + M-TYPE;10;Cajetilla;5,00
23681;AUSTIN RED;10;Cajetilla;4,80
23682;AUSTIN BLUE;10;Cajetilla;4,80
23684;DUCAL RED;10;Cajetilla;4,85
23686;ELIXYR ORIGINAL (175 G);1;Lata;31,50
23799;F.T.PARTAGAS SERIE D N.5 T (3) PW;1;Estuche;50,10
23801;ROM Y JUL PETIT CHURCHILLS 25 PW;1;Caja;387,50
23802;ROM Y JUL PETIT CHURCHILLS T 3 PW;1;Estuche;48,60
23906;CORONAS RESERVA CIG CPB CAJ.20 PW;10;Caja;4,65
23912;PANTER MINI FILTER RED 20 PW;10;Lata;5,60
24010;CROSSROAD GOLD DRUM 75 G PW;1;Lata;15,50
24037;GAULOISES RUBIO ROJO 24;8;Cajetilla;6,65
24039;GAULOISES RUBIO AZUL 24;8;Cajetilla;6,65
24068;CORSET LILAS SUPERSLIMS;10;Cajetilla;4,80
24069;CORSET PINK SUPERSLIMS;10;Cajetilla;4,80
24070;CORSET MARINE SUPERSLIMS;10;Cajetilla;4,80
24075;JPS AMERICAN BLEND RED 24;8;Cajetilla;6,70
24187;ELIXYR OPTIMAL CUT (150 G);1;Lata;27,00
24227;VEGAFINA ROBUSTO F2 (10) PW;1;Caja;57,00
24228;VEGAFINA ROBUSTO F2 TUBO 20 PW;1;Caja;126,00
24229;STEEPLE NEGRO 70 G PW;1;Bote;14,25
24233;FLANDRIA TABAC SPECIAL 100 G PW;1;Bote;20,55
2443;PETER STUYVESANT BLUE;10;Cajetilla;6,25
2444;PETER STUYVESANT SILVER;10;Cajetilla;6,25
24498;EL CREDITO SERIE R N.6 (4) PW;1;Estuche;24,40
24520;COBURN DARK 20 PW;10;Estuche;3,80
24572;MANITOU GREEN 50 GR PW;4;Lata;10,20
24604;CANDLELIGHT FILTER GREEN 10 CB PW;10;Caja;1,60
24607;BULLBRAND TABACO NEGRO 100 G L PW;3;Lata;18,90
2461;WINFIELD RED;8;Cajetilla;8,40
24628;MINI DAVIDOFF CIGARILLOS GOLD 10 PW;10;Caja;7,60
24648;DUCADOS RUBIO CIGARRITOS (20);10;Estuche;3,75
24651;IDEALES 75 G;5;Lata;18,25
2470;AGIO MEHARI'S JAVA   (50);4;Caja;15,60
24711;FLORIDITA RED FILTER 20;10;Estuche;4,20
24712;FLORIDITA 20 PW;10;Estuche;4,20
24720;MAYA ORIGINAL PF;10;Cajetilla;5,20
2481;PETER STUYVESANT RED;10;Cajetilla;6,25
24864;AL FAKHER GREEN CHU (50 G);10;Caja;4,70
24871;AL FAKHER THE DOUBLE CRUNCH (1000G);1;Caja;73,95
24872;AL FAKHER BIG GREEN (1000G);1;Caja;73,95
24873;AL FAKHER GREEN CHU 1000 G;1;Caja;73,95
24879;VILLIGER MINI BLACK SUMATRA 20 PW;5;Estuche;4,50
24880;VILLIGER MINI RED FILTER 20 PW;5;Estuche;4,50
24883;BRANIFF LINEA D ORO NEGRO FIL 20 PW;10;Estuche;3,30
24885;CORONAS BLACK SOFT;10;Cajetilla;5,95
24896;JOCKEY RED FILT CIG 17 CELO PW;10;Caja;2,40
24897;JOCKEY BLUE FILT CIG 17 CELO PW;10;Caja;2,40
24905;VEGAFINA SHORT ROBUSTO TUB 20 PW;1;Caja;110,00
24911;MONTE NEGRO BREVAS ESPEC. 25 PW;1;Caja;13,75
24923;MANITOU VIRGINIA GREEN 20;10;Cajetilla;5,20
24933;Vegafina Classic Corona Tubos Humidor 40;1;Caja;202,00
24952;QUINTERO FAVORITOS 5 PW;1;Estuche;23,50
24954;NOBEL LATA LIAR/ENTU (70 G);3;Lata;16,85
24960;MAC BAREN 7 SEAS ORIG BLEND 40 PW;5;Bolsa;3,60
25003;NEOS MINI RED FILTER 20 PW;10;Estuche;5,00
25015;CLUBMASTER MINI BLUE 20 PW;10;Caja;4,70
25016;BARSDORF`S BEST B.VIRGIN 100 G PW;2;Lata;7,60
25017;BARSDORF'S BESTER MIXTURE 100 G PW;2;Lata;7,60
25020;BARSDORF`S BEST B.VIRGIN 40 G PW;5;Bolsa;3,50
25048;MONTE NEGRO BUCANEROS CUBA 10 PW;10;Caja;3,00
25116;PARTAGAS CLUB 10 PW;10;Estuche;6,10
25117;PARTAGAS MINI 10 PW;10;Estuche;5,00
25119;GUANTANAMERA CRISTALES 5  PW;1;Caja;10,50
25168;CALYPSO DANN. MINI MOODS 10 FIL PW;10;Caja;3,50
25189;CHE RED;10;Cajetilla;5,25
25191;PUEBLO GREEN;10;Cajetilla;5,15
25196;AROMAS DEL CARIBE CELEBRACION 24 PW;1;Caja;48,00
25229;CASA DE GARCIA TORO 10 PW;1;Caja;18,00
25352;DENIM BLUE AMERICAN BLEND;10;Cajetilla;4,50
25362;VASCO DA GAMA CAPA ORO 5 PW;5;Estuche;5,00
2539;DUCADOS MINI CLASSIC (20);10;Estuche;4,10
25427;COHIBA WHITE MINI 20 PW;5;Caja;14,90
25428;COHIBA WHITE CLUB 20 PW;5;Caja;19,00
25444;JPS AMERICAN BLEND BLUE STREAM 24;8;Cajetilla;6,70
25476;AMIGOS POCKET RED 10 PW;10;Estuche;1,60
2548;PHILIP MORRIS FILTER KING;10;Cajetilla;6,10
25500;ROLL´S AB EXCLUSIVE RED 20 PW;10;Estuche;3,30
25501;ROLL´S AB EXCLUSIVE WHITE 20 PW;10;Estuche;3,30
25507;JPS VIRGINIA BLUE 100'S;10;Cajetilla;7,15
25526;DAVIDOFF MAST ED 2013 (10) CHT PW;1;Caja;135,20
25527;DAVIDOFF P. D'ORO GORDITOS 25 PW;1;Caja;175,50
25528;DAVIDOFF P. D'ORO GORDITOS 4 PW;1;Estuche;28,08
25648;MIRO ROBUSTO 20 PW;1;Caja;90,00
25649;MIRO SHORT ROBUSTO 15 PW;1;Caja;59,25
25650;MIRO MINI TORPEDO 15 PW;1;Caja;45,00
25658;CUSANO CORONA 16  PW;1;Caja;52,80
25659;CUSANO PETIT PANETELA 16 PW;1;Caja;41,60
25661;CUSANO FIGURADO 16 PW;1;Caja;41,60
25662;CUSANO ROBUSTO 16 PW;1;Caja;57,60
25663;CUSANO CHURCHILL 16 PW;1;Caja;62,40
25668;CUSANO CORONA 4  PW;1;Estuche;10,00
25671;CUSANO FIGURADO 4 PW;1;Estuche;10,00
25675;CUSANO PETIT CORONA 4 PW;1;Estuche;8,80
2570;DUCADOS AZUL/BLANCO DURO;10;Cajetilla;6,20
25707;MONTECRISTO DOUBLE EDMUNDO (3) PW;1;Estuche;77,40
25708;MONTECRISTO DOUBLE EDMUNDO 25 PW;1;Caja;645,00
25709;MONTECRISTO DOUBLE EDMUNDO 10 PW;1;Caja;258,00
25718;MONTE NEGRO CORONITAS 25 PW;1;Caja;8,50
25725;AL CAPONE ORIGINAL FILTER (18);10;Caja;4,70
25747;WEST ROJO 100 (20);10;Cajetilla;5,00
25797;CASA DE GARCIA ROBUSTOS (10)PW;1;Caja;16,00
25798;CASA DE GARCIA SHORT ROBUSTO 10 PW;1;Caja;14,00
25808;PUEBLO BLUE 30 G PW;10;Bolsa;7,10
25820;MONTECRISTO PETIT N.2 (25) PW;1;Caja;457,50
25821;MONTECRISTO PETIT N.2  (10)  PW;1;Caja;183,00
25825;VEGUEROS ENTRETIEMPOS (4)  PW;1;Caja;29,60
25826;VEGUEROS MAÑANITAS (4)  PW;1;Caja;21,60
25827;VEGUEROS TAPADOS (4)  PW;1;Caja;23,60
2588;REX CIGARRITOS            (20);10;Estuche;4,50
2589;REX CIGARRITOS  FILTRO   (20);10;Estuche;4,50
25927;MARLBORO RED TUB&ROLL 30 G PW;10;Bolsa;7,10
25929;MARLBORO GOLD ORIG TUB&ROLL 30G PW;10;Bolsa;7,10
2595;DAVIDOFF GRAND CRU N 2 NL(5);1;Estuche;86,00
25959;CHESTERFIELD CIGARRITOS 20´S;10;Estuche;4,50
25961;DAVIDOFF NICARAGUA TORO (4);1;Estuche;87,60
25963;DAVIDOFF NICARAGUA ROBUSTO T 4 PW;1;Estuche;79,20
2601;DAVIDOFF GRAND CRU N.5 NL (5);1;Estuche;62,50
2602;DAVIDOFF GRAND CRU N.5 NL(25);1;Caja;312,50
2604;DAVIDOFF Nº2 TUBOS NL   (4);1;Estuche;59,20
2610;FARIAS SUPERIORES (5);10;Estuche;9,50
2611;ENTREFINOS CORTADOS (10);10;Estuche;5,50
26140;JOCKEY GREEN FILT CIG 17 CELO PW;10;Caja;2,40
26146;REDFIELD 350 G PW;1;Bote;67,50
26166;TOSCANELLO BIANCO (5);10;Estuche;4,90
26173;COLTS YELLOW 40 G PW;5;Bolsa;3,60
26174;COLTS DUTCH BLEND 40 G PW;5;Bolsa;3,60
2619;VEGAFINA MINI (20);5;Estuche;5,90
2621;ROTHMANS RED;10;Cajetilla;6,90
2628;FARIAS MINI (20);10;Estuche;5,50
2632;FARIAS CHICOS (10);10;Estuche;6,10
26337;MONTE NEGRO CORSARIO 10 PW;10;Estuche;2,90
26338;HOLGER DANSKE ORIGINAL TOBACCO 40G;5;Bolsa;3,90
26339;NEWS (50 G);5;Lata;11,90
2634;ALBATROS TUBULAR.         (20);1;Caja;34,00
26340;NEWS (250 G);1;Bote;55,50
2637;MARLBORO RED 100'S;10;Cajetilla;6,00
2638;MARLBORO GOLD 100'S;10;Cajetilla;6,00
26384;AL CAPONE SUN FILTER (10);10;Estuche;2,70
26401;FORTUNA 180 C LIAR/ENTUBAR 90 G;1;Bolsa;21,10
26414;JPS 120 C LIAR/ENTUBAR 60 G;3;Lata;14,30
26425;MAC BAREN 7 SEAS BRIGHT BL 40 G PW;5;Bolsa;3,60
26449;H.MONTERREY HOYO SAN JUAN 10 PW;1;Caja;248,00
26450;H.MONTERREY HOYO SAN JUAN T 3 PW;1;Estuche;76,50
26455;F.T.PARTAGAS SERIE D N.6  20 PW;1;Caja;250,00
26456;F.T.PARTAGAS SERIE D N.6  5 PW;1;Caja;62,50
26458;QUINTERO PETIT QUINTEROS 25 PW;1;Caja;57,50
26466;ROM Y JUL CEDROS DE LUXE 10 PW;1;Caja;238,00
26472;TRINIDAD VIGIA  12 PW;1;Caja;636,00
26473;VEGUEROS ENTRETIEMPOS 16  PW;1;Caja;118,40
26474;VEGUEROS MAÑANITAS 16  PW;1;Caja;86,40
26475;VEGUEROS TAPADOS 16 PW;1;Caja;94,40
26491;AUSTIN RED 100´S;10;Cajetilla;4,75
26532;CAO OSA LOT 50 (25) PW;1;Caja;152,50
26533;CAO OSA LOT 54 (25) PW;1;Caja;165,00
26534;CAO OSA LOT 58 (25) PW;1;Caja;177,50
26535;SIGNATURE FINOS FILTER RED 10;10;Lata;2,50
26536;SIGNATURE FINOS FILTER BLUE 10 PW;10;Lata;2,50
2656;VEGAFINA CLASSIC CORONA (25);1;Caja;113,75
2657;VEGAFINA CORONITAS (25);1;Caja;106,25
2659;VEGAFINA PROMINENTES      (25);1;Caja;208,75
2660;VEGAFINA ROBUSTOS         (25);1;Caja;142,50
26609;CAMEL ESSENTIAL FILTERS;10;Cajetilla;6,00
26610;CAMEL ESSENTIAL BLUE;10;Cajetilla;6,00
26626;SIGNATURE FINOS BEIGE 20 PW;5;Lata;5,10
26647;ROTHMANS OF LONDON 100´S;10;Cajetilla;5,10
26656;ROLL´S WHITE (17);10;Estuche;2,70
26657;BRANIFF A B CAPA NATURAL 17 PW;10;Estuche;2,70
26658;BRANIFF NEGRO F CAPA NATURAL17 PW;10;Estuche;2,70
26694;PARTAGAS SERIE CLUB 20 PW F;5;Caja;13,20
26697;PARTAGAS SERIE MINI 20 PW F;5;Caja;10,70
26699;JOCKEY RED XL CIGAR 10 SP;10;Caja;1,70
26704;BLACK DEVIL PINK;10;Cajetilla;4,90
26727;MACANUDO INSPIRADO P.PIRAMID20 PW;1;Caja;106,00
26779;HERENCIA PALMERA BREVAS 5 PW;10;Estuche;2,35
26780;HERENCIA PALMERA SEÑORITA 5 PW;10;Estuche;1,85
26782;NEWMINSTER 20 PW;10;Estuche;2,80
26796;MIRO TOROS 20 PW;1;Caja;80,00
26797;MIRO GORDOS 20 PW;1;Caja;90,00
26798;MIRO PERLAS 24 PW;1;Caja;52,80
26802;DAVIDOFF NICARAGUA PRIMEROS 6 PW;5;Estuche;30,00
26803;DAVIDOFF NICA. PRIM. MADURO 6 PW;5;Estuche;30,00
26804;DAVIDOFF PRIMEROS MADURO 6 PW;5;Estuche;30,00
26805;DAVIDOFF ANIVERSARIO N.3  (10);1;Caja;260,00
26809;VEGAFINA NICARAGUA G. TORO 25 PW;1;Caja;165,00
26810;VEGAFINA NICARAGUA ROBUSTO (25);1;Caja;142,50
26811;VEGAFINA NICARAGUA SHORT 25;1;Caja;85,00
26812;VEGAFINA NICARAGUA SHORT 4 PW;5;Caja;13,60
26834;PUEBLO ORANGE;10;Cajetilla;5,15
26866;L&M FIRST CUT;10;Cajetilla;5,55
26920;BREAK NEGRO 17 PW;10;Caja;2,30
26951;MCCHRYSTAL'S ORIG&GEN SNUFF GLACIER 4 G;12;Lata;1,00
26952;MCCHRYSTAL'S OR&GEN SNUFF SUNSET 4 G;12;Lata;1,00
2701;MAKLA IFRIKIA            (20G);10;Lata;1,85
27019;BURTON ORIGINAL 100;10;Cajetilla;4,70
27051;MISSISIPI 70 G PW;4;Lata;5,75
27052;OLSEN 80 G PW;4;Lata;5,60
27106;DAVIDOFF NICARAGUA ROBUSTO TUBO 12 PW;1;Caja;237,60
27137;MONTE NEGRO ROBUSTO MAZO 25 PW;1;Caja;47,50
27191;MANITOU VIRGINIA GOLD 50 GR  PW;4;Lata;9,70
27207;JOCKEY NEGRO XL CIGAR 10;10;Caja;1,70
27254;D.TOMAS BUNDLES PET. CORONA 10 PW;1;Estuche;21,50
27255;D.TOMAS BUNDLES ROBUSTO 10 PW;1;Estuche;22,50
27256;D.TOMAS BUNDLES ROTHSCHILD 10 PW;1;Estuche;22,00
27257;D.TOMAS BUNDLES TORO 10 PW;1;Estuche;23,00
27310;BROOKFIELD Nº 2 (50 G) PW;5;Bolsa;5,00
27317;MONTE NEGRO ESPECIALES MAZO 25 PW;1;Estuche;45,00
27318;MONTE NEGRO TORPEDO MAZO 25 PW;1;Estuche;50,00
2735;MAYFAIR KING SIZE;10;Cajetilla;7,40
27362;HAMPTON PIPE'S TOBACCO 60 G PW;1;Lata;5,35
27363;H.MONTERREY HOYO SAN JUAN 25;1;Caja;620,00
27516;DUCADOS RUBIO 83G;1;Bolsa;19,85
27530;PALL MALL RED CAPA NATURAL (18);10;Caja;3,50
27531;COLONIALES BY FARIAS 25;1;Caja;25,00
27534;BROOKFIELD Nº 1 (200 G) PW;1;Lata;18,30
27551;REIG XS 15 PW;10;Estuche;4,30
27554;LA AURORA 107 CORONA (21);1;Caja;112,14
27555;LA AURORA 107 MADURO ROBUSTO21;1;Caja;115,50
27557;LA AURORA 107 GRAN (21);1;Caja;152,25
27582;PRINCIPES LF MADURO TORO (12);1;Estuche;27,00
27584;PRINCIPES LF MADURO S.SH.ROB12;1;Estuche;19,20
27586;PRINCIPES LF MADURO ROBUSTO 12;1;Estuche;22,20
27587;PRINCIPES LF CLARO ROBUSTO 12;1;Estuche;33,60
27589;PRINCIPES LF CLARO TORO 12;1;Estuche;34,20
27594;AL FAKHER GREEN VELVET (50G);10;Caja;4,70
27597;AL FAKHER WHITE PODS (50 G);10;Caja;4,70
27627;LA AURORA 1495 S.SH.ROBUSTO 10;1;Caja;51,00
27630;WINSTON BLUE 20S;10;Cajetilla;5,85
27677;LA AURORA 1495 S.SH.ROBUSTO 25;1;Caja;175,00
27712;PRINCIPES LF CLARO S.SH.ROBU25;1;Caja;61,25
27713;PRINCIPES LF MADURO S.SH.ROBU25;1;Caja;40,00
27719;PRINCIPES LF CLARO TORO (25);1;Caja;71,25
27721;PRINCIPES LF CLARO ROBUSTO(25);1;Caja;70,00
27723;PRINCIPES CORONAS BLOND 25;1;Caja;23,75
27724;PRINCIPES CORONAS BROWN 25;1;Caja;23,75
27725;PRINCIPES CORONAS ORIGINAL 25;1;Caja;23,75
27732;PRINCIPES CORONAS ORIGINAL (5);6;Caja;4,75
27733;PRINCIPES CORONAS BLOND (5);6;Caja;4,75
27734;PRINCIPES CORONAS BROWN (5);6;Caja;4,75
27762;FERNANDO LEON FR BELICOSO (20);1;Caja;120,00
27764;LA AURORA 1495 15 MINUTES BREAK DISP(5);4;Caja;15,25
27765;PRINCIPES CORONAS ORIGINAL (55);1;Caja;52,25
27780;PRINCIPES CHICOS ORIGINAL(6X5);6;Caja;4,00
27781;PRINCIPES CHICOS BROWN 6X5;6;Caja;4,00
27782;PRINCIPES CHICOS BLOND 6X5;6;Caja;4,00
27792;PETERSON OLD DUBLIN 50 G;1;Lata;11,80
27795;PETERSON SHERLOCK HOLMES 50 G;1;Lata;12,30
27835;LA AURORA 107 LANCERO (21);1;Caja;73,50
27849;LA AURORA 107 BELICOSO (21);1;Caja;145,95
27851;LA AURORA 1495 BME ROBUST BRZ25;1;Caja;135,00
27860;LA AURORA 107 HUM  S E TORO30 (PVP ENVAS;1;Caja;130,00
27861;CAMACHO CONNECTICUT CORONA 20 PW;1;Caja;100,00
27864;CAMACHO CONNECTICUT ROBUSTO 20 PW;1;Caja;164,00
27865;CAMACHO CONNECTI ROBUSTO T 10 PW;1;Caja;82,50
27867;CAMACHO COROJO CORONA 20 PW;1;Caja;100,00
27869;CAMACHO CRIOLLO CORONA 20 PW;1;Caja;100,00
27870;CAMACHO CRIOLLO ROBUSTO 20 PW;1;Caja;160,00
27871;CAMACHO CRIOLLO ROBUSTO TUB 10 PW;1;Caja;75,00
27872;CAMACHO ROBUSTO TUB DISPEN 15 PW;1;Caja;138,00
27893;CLUBMASTER MINI RED 5 TPD;20;Estuche;1,50
27894;CANDLELIGHT CLUB SUMATRA 10;10;Caja;2,50
27895;CANDLELIGHT CLUB HAVANA FILLER 10;10;Caja;2,50
27899;BIG BEN 25 G PW;10;Bolsa;1,95
28047;COLTS ORIGINAL 70 G;1;Bote;6,20
28176;NOBEL 23;8;Cajetilla;6,40
28193;FLOR DE FILIPINAS CORONITAS 25 PW;1;Caja;16,25
28194;FLOR DE FILIPINAS CORONAS 25 PW;1;Caja;16,25
28201;MOON HABANA TABAC DE PIPA 100 G;3;Lata;8,30
28280;MIRO GOLD SERIES 3 TOROS;3;Estuche;11,85
2831;BENSON & HEDGES GOLD;10;Cajetilla;7,90
28324;BARLOVENTO VIUDITA 10 PW;1;Caja;14,00
28325;BARLOVENTO ROBUSTO 10 PW;1;Caja;17,00
28326;BARLOVENTO CORONA 10 PW;1;Caja;16,00
28328;D.TOMAS CLASICO GRUESO 10 PW;1;Caja;53,00
28329;D.TOMAS CLASICO COLOSAL 10 PW;1;Caja;58,50
28344;MANITOU VIRGINIA SKY;10;Cajetilla;5,00
28362;MONTECRISTO MEDIAS CORONAS 25 PW;1;Caja;197,50
28372;ROYALE CASINO 10 ASES PW;10;Estuche;2,30
2841;L&M BLUE LABEL DURO;10;Cajetilla;5,85
28456;DAVIDOFF NICARAGUA DIADEMA 12 PW;1;Caja;279,60
28467;FERNANDO LEON FR CORONA GORDA 20 PW;1;Caja;112,00
28468;FERNANDO LEON FR FOUNDER CH.20 PW;1;Caja;110,00
28469;FERNANDO LEON FR GRAN TORO 20 PW;1;Caja;124,00
28471;FERNANDO LEON FR ROBUSTO 20 PW;1;Caja;116,00
28498;MANITOU VIRGINIA GOLD 30 GR;5;Bolsa;5,90
28499;CANDLELIGHT CORONA SUMATRA 25 PW;3;Lata;15,00
28508;DAVIDOFF WINSTON CH BELICOSO 4 PW;5;Lata;30,00
28509;DAVIDOFF WINSTON CH P. PANETELA 5 PW;5;Lata;35,00
2851;ROM Y JUL ROMEO N.2 TUBO (25);1;Caja;300,00
2852;ROM Y JUL ROMEO N.3 (25);1;Caja;232,50
28521;LUCKY STRIKE ENTUBAR 84 G;1;Bolsa;19,90
28527;BULLBRAND NEGRO DURO;10;Cajetilla;4,80
28528;MANITOU VIRGINIA SKY 30 G;5;Bolsa;5,90
28529;TRINIDAD VIGIA T (3) PW;1;Caja;165,00
28532;BARSDORF`S BEST. ORIG. BLEND 40 G PW;3;Bote;3,50
28538;CAMACHO TRIP MADURO ROBUSTO 20 PW;1;Caja;200,00
28540;SIGNATURE FILTER & BROWN 8;10;Caja;2,00
28542;LUCKY STRIKE TAB. VOLUMEN 53G;4;Lata;12,00
28598;DAVIDOFF ESCURIO GRAN TORO 4 PW;1;Estuche;82,80
28599;DAVIDOFF ESCURIO P. ROBUSTO 4 PW;1;Estuche;43,20
28600;DAVIDOFF ESCURIO ROBUSTO TUB 4 PW;1;Estuche;68,80
28601;DAVIDOFF ESCURIO P. ROBUSTO 14 PW;1;Caja;151,20
28603;DAVIDOFF ESCURIO GRAN TORO 12 PW;1;Caja;170,40
28658;LUCKY STRIKE COMPACT AMBER;10;Cajetilla;5,60
28682;ELIXYR 24 RED;8;Cajetilla;5,75
2872;DAVIDOFF CLASSIC;10;Cajetilla;6,40
2873;DAVIDOFF GOLD;10;Cajetilla;6,40
28735;BREAK ORIGINAL 17;10;Caja;2,90
28736;BREAK BLUE 17 PW;10;Caja;2,90
28737;EASTWOOD ORIGINAL BLEND 20 G;10;Bolsa;1,80
2876;ENTREFINOS MINI (20);10;Estuche;5,00
2884;MARLBORO RED DURO;10;Cajetilla;6,25
2885;MARLBORO RED BLANDO;10;Cajetilla;6,25
2886;MARLBORO GOLD DURO;10;Cajetilla;6,25
2891;TRINIDAD FUNDADORES       (24);1;Caja;1608,00
28942;MIRO CAPA NEGRA LONSDALE 20;1;Caja;60,00
28943;MIRO CAPA NEGRA MOMENTOS 20;1;Caja;64,00
28944;MIRO CAPA NEGRA TOROS 20;1;Caja;100,00
28959;BULLBRAND AB XL CIGAR 10;10;Caja;1,70
28960;BULLBRAND NEGRO XL CIGAR 10;10;Caja;1,70
28974;MACANUDO INSPIRADO MAREVAS 20 PW;1;Caja;92,00
29010;CAO OSA LOT T (25) PW;1;Caja;100,00
29012;LA AURORA 1903 EDF TREASURE 6 BOX;1;Caja;123,00
29013;GUANTANAMERA PURITOS (5)  PWF;10;Caja;3,75
29023;CUSANO SHORT ROBUSTO ND 16 PW;1;Caja;41,60
29025;CAMACHO ECUADOR TORO 20 PW;1;Caja;120,00
29032;VILLIGER GREEN MINI FILTER 20 PW;5;Estuche;5,00
29033;VILLIGER GOLD MINI FILTER 20 PW;5;Estuche;4,50
2905;MAC BAREN ORIGINAL CHOICE(40G);5;Bolsa;7,80
29053;BRIGG ORIGINAL 50 G LATA;1;Lata;3,60
29086;CLUBMASTER MINI BROWN 20 PW;10;Lata;4,70
29114;CAMACHO COROJO MACHITOS 6 PW;5;Estuche;18,00
29117;CAMACHO CRIOLLO MACHITOS 6 PW;5;Estuche;18,00
29119;AMIGOS AUTHENTIC 20 PW;10;Estuche;4,60
29121;ROLL´S EXCLUSIVE NEGRO 20 PW;10;Estuche;3,30
29173;CUSANO CONNECTICUT CORONA 16  PW;1;Caja;57,60
29177;LUCKY STRIKE XL TAB. VOL. 88 G;3;Lata;20,40
29198;MONTECRISTO PETIT N.2 T (3) PW;1;Estuche;57,00
29208;VEGAFINA NICARAGUA MINUTOS 8 PW;5;Lata;17,20
29210;ROTHMANS OF LONDON DS;10;Cajetilla;5,40
29221;CANDLELIGHT CORONA HAVANA FI25 PW;3;Lata;15,00
29281;BULLBRAND NEGRO 30 G;5;Bolsa;5,90
29282;MANITOU VIRGINIA FINE GREEN 30 G;5;Bolsa;6,50
29283;MANITOU VIRGINIA PINK 30 G;5;Bolsa;5,90
29284;MANITOU VIRGINIA GREEN 30 G;5;Bolsa;6,50
29300;AMSTERDAMER FINE CUT 30G;5;Bolsa;6,20
29301;AMSTERDAMER VIRGINIA BLEND 30 G;5;Bolsa;6,20
29311;WEST CIGARRITOS 17;10;Estuche;3,10
29314;H.MONTERREY EPICURE N.1 T (3) PW;1;Estuche;65,70
29401;BARSDORF`S BEST. ORI. BLEND 20 G PW;5;Bolsa;1,70
29402;BARSDORF`S BEST. BRIGHT VIRG 20 G PW;5;Bolsa;1,40
29425;GUAJIRO TARAJALES (50) PW;1;Estuche;16,50
29426;GUAJIRO CORTADOS (50) PW;1;Estuche;13,50
29441;MAC BAREN 7 SEAS ORIG BLEND 20 G PW;5;Bolsa;2,00
29443;SCAFERLATI CAPORAL 40 G;5;Bolsa;7,80
29444;ROYALE CASINO 5 ASES PW;10;Estuche;1,10
29457;VEGAFINA NICARAGUA ROBUSTO TUBE (20);1;Caja;126,00
29511;CUBERO ORIGINAL 10 PW;10;Caja;2,10
29513;CUBERO MINI RED FILTER 10 TPD;10;Caja;1,85
29520;DAVIDOFF NICARAGUA ROBUSTO BOX 12PRESSED;1;Caja;225,60
29521;DAVIDOFF NICARAGUA TORO BOX (4) PRESSED;1;Estuche;51,00
29522;DAVIDOFF NICARAGUA TORO BOX 12 PRESSED;1;Caja;157,20
29536;BIG BEN CLASSIC MIXTURE 100 G PW;1;Lata;7,00
29545;CROSSROAD RYO GOLD 30 G TPD;5;Bolsa;6,60
29546;CROSSROAD RYO ORIGINAL 30 G TPD;5;Bolsa;6,60
29547;CROSSROAD RYO VIRGINIA 30 G TPD;5;Bolsa;6,60
29553;BIG BEN CLASSIC GREEN 25 G PW;10;Bolsa;2,00
29557;PARTAGAS SERIE PURITOS 5 PW F;10;Caja;7,75
29593;BAKERSTREET 104 (50 G);6;Lata;3,80
29595;MONTE NEGRO BUCANEROS MINI 10 PW;10;Estuche;2,00
29613;BRANIFF NEGRO FILTRO 100 (17) PW;10;Estuche;2,90
29614;BRANIFF A B FILTER 100 (17) PW;10;Estuche;2,90
29644;LUCKY STRIKE RED 100´S;10;Cajetilla;5,35
29707;MONTE NEGRO SUBLIMES 2 (24) PW;1;Caja;60,00
29708;HAMPTON 20 G;10;Bolsa;1,70
29709;HAMPTON 30 G;10;Bolsa;2,65
29929;PUEBLO BLUE 100 G;1;Lata;23,60
29963;DAVIDOFF CHEFS EDITION 10;1;Caja;210,00
29969;NEOS MINI RED 20 TPD;10;Caja;5,00
29996;D.TOMAS NICARAGUA LINDOS 25 PW;1;Caja;92,50
29997;D.TOMAS NICARAGUA TORO 10 PW;1;Caja;53,00
30109;LA AURORA 1495 ROBUSTO GB 20;1;Caja;155,00
30187;D.TOMAS NICARAGUA ROTHSCHILD25;1;Caja;101,25
30197;LUCKY STRIKE LIAR Y ENTUBAR 30 G;10;Bolsa;6,80
30198;LUCKY STRIKE PARA LIAR 30 G;6;Bolsa;7,00
30218;FLANDRIA ENGLISH VIRGINIA 30 G TPD;10;Bolsa;6,20
30219;FLANDRIA NEGRO 30 G TPD;10;Bolsa;6,20
30220;FLANDRIA SAUVAGE 30 G TPD;10;Bolsa;6,20
30221;FLANDRIA VIRGINIA 30 G TPD;10;Bolsa;6,20
30222;FLANDRIA WILD 30 G TPD;10;Bolsa;6,20
30234;CHESTERFIELD CIG TOBACCO 30 G;10;Bolsa;7,10
30271;DAVIDOFF ESCURIO CORONA GORDA 4;1;Estuche;68,80
30272;DAVIDOFF ESCURIO CORONA GORDA 12 PW;1;Caja;146,40
30274;DAVIDOFF ESCURIO G. PERFECTO 12 PW;1;Caja;238,80
30275;DAVIDOFF ESCURIO PRIMEROS 6 PW;5;Lata;30,00
30285;CAO PILON ROBUSTO EXTRA 20 PW;1;Caja;134,00
30359;L&B BLUE KS;10;Cajetilla;7,15
3036;NEOS PACIFIC (10);10;Caja;3,20
3038;BROOKFIELD Nº 4 (50 G);5;Bolsa;5,00
30449;MAYA ORIGINAL (30 G) IP;10;Bolsa;5,65
30483;DOMINGO CELESTE 30 G TPD;10;Bolsa;7,00
30541;STERLING DUAL TPD;10;Cajetilla;7,20
30667;SIGNATURE FILTER RED 10 PW;10;Caja;3,10
30693;R&W AUT TOB CLASSIC 30G PAPEL TPD;5;Bolsa;6,20
30695;R&W AUT TOB ORIG GREEN 30 G PAPEL TPD;5;Bolsa;6,30
30696;DOMINGO NEGRO 30 G TPD;10;Bolsa;7,00
30699;ELIXYR + M-TYPE 100'S;10;Cajetilla;5,10
30723;WEST 30 G;10;Bolsa;6,90
30724;DUCADOS RUBIO POUCH 30G;10;Bolsa;6,90
30725;FORTUNA 30 G;10;Bolsa;7,10
30726;GOLDEN VIRGINIA 30 G;10;Bolsa;6,80
30744;CAO PILON CHURCHILL 20 PW;1;Caja;148,00
30765;DAVIDOFF YAMASA P. CHURCHILL (4);1;Estuche;55,20
30766;DAVIDOFF YAMASA P. CHURCHILL (14);1;Caja;193,20
30767;DAVIDOFF YAMASA ROBUSTO (4);1;Estuche;82,40
30768;DAVIDOFF YAMASA ROBUSTO (12);1;Caja;247,20
30769;DAVIDOFF YAMASA TORO (4);1;Estuche;96,40
30770;DAVIDOFF YAMASA TORO (12);1;Estuche;268,80
30771;CAMACHO ECUADOR ROBUSTO TUBOS (20);1;Caja;184,00
30786;LOBO AMERICAN BLEND FILTRO 20;10;Estuche;2,75
30815;FLOR DE FILIPINAS PALMEROS 25 TPD;1;Caja;15,00
30825;CASA DE GARCIA MAGNUM (10) PW;1;Estuche;19,50
30826;NEWS 500 G;1;Bote;110,00
30830;COHIBA SHORT 10 PW F;10;Caja;16,50
30907;WINSTON PICADURA LIAR 30 G TPD;10;Bolsa;7,10
30910;CAMEL PICADURA LIAR 30 GR TPD;10;Bolsa;7,10
30911;VEGAFINA CLASSIC PERLA ECOBAG 10;5;Estuche;26,00
30916;CUSANO MADURO TORO 16 PW;1;Caja;63,20
30919;CUSANO NICARAGUA CORONA 16 PW;1;Caja;57,60
30952;ROTHMANS OF LONDON CIGARRITOS 18;10;Caja;3,50
30954;DAVIDOFF ARGENTINA PIPE TOB 50 G;5;Bolsa;10,50
30955;DAVIDOFF BRAZIL PIPE TOB 50 G;5;Bolsa;10,50
30956;DAVIDOFF MALAWI PIPE TOB 50 G;5;Bolsa;10,50
30959;H. UPMANN MAGNUM 54 (10)  PW;1;Caja;205,00
30960;H. UPMANN MAGNUM 54 (25)  PW;1;Caja;512,50
3097;JOSE L. PIEDRA CAZADORES   (5);5;Estuche;11,00
3099;JOSE L. PIEDRA CONSERVAS   (5);5;Estuche;11,00
31000;KING BLUE 100'S;10;Cajetilla;4,70
31001;KING BLUE;10;Cajetilla;4,60
31002;KING RED 100'S;10;Cajetilla;4,70
31003;KING RED;10;Cajetilla;4,60
31008;WINSTON PICADURA LIAR/ENTUB 30G;5;Lata;6,90
3109;VEGAFINA CLASSIC PIRAMIDES (25);1;Caja;200,00
31103;CAMACHO AM BARREL GORDO 20 PW;1;Caja;242,00
31104;CAMACHO AM BARREL ROBUSTO T 20 PW;1;Caja;212,00
31105;CAMACHO AM BARREL TORO 20 PW;1;Caja;226,00
31109;AVO SYNCRO NICARAGUA TORO 4 PW;1;Estuche;33,20
31110;AVO SYNCRO NICARAGUA ROBUSTO 4 PW;1;Estuche;27,60
31111;AVO SYNCRO NICARAGUA ROBUSTO 20 PW;1;Caja;152,00
31112;AVO SYNCRO NICARAGUA TORO 20 PW;1;Caja;166,00
31113;AVO SYNCRO NICAR. SHOR ROBUSTO 20 PW;1;Caja;150,00
31271;VEGAFINA CLASSIC ROBUSTO TUBO (20);1;Caja;126,00
31272;DAVIDOFF GRAND CRU ROBUSTO 25 PW;1;Caja;472,50
31273;DAVIDOFF GRAND CRU TORO 25 PW;1;Caja;572,50
31274;DAVIDOFF SIGNATURE P. CORONA 25 PW;1;Caja;196,25
31276;DAVIDOFF GRAND CRU TORO (4) PW;1;Estuche;91,60
31277;DAVIDOFF GRAND CRU ROBUSTO 4 PW;1;Estuche;75,60
31278;DAVIDOFF SIGNATURE TORO (4) PW;1;Estuche;79,60
31281;PUNCH PUNCH 48  (10) PW;1;Caja;209,00
31299;AMSTERDAMER ORIGINAL BLEND 20 G TPD;10;Bolsa;2,10
31300;AL FAKHER BIG BLUE(50G);10;Caja;4,70
31302;AL FAKHER BIG BLUE GREEN (50G);10;Caja;4,70
31304;AMSTERDAMER BRIGHT BLEND 20 G TPD;10;Bolsa;2,10
31418;CAO PILON TORO 20 PW;1;Caja;146,00
31421;AL CAPONE SUN FILTER (18);10;Caja;4,70
31432;EASTWOOD VIRGINIA BLEND 20 G TPD;10;Bolsa;1,80
31443;MAKLA BOUHLEL BENTCHIKOU 30 G TPD;10;Bolsa;1,40
31445;MAKLA EL KANTARA 20 G TPD;10;Lata;1,60
31456;WEST RED COMPACT;10;Cajetilla;5,40
31457;WEST BLUE COMPACT;10;Cajetilla;5,40
31477;CLUBMASTER SUP. FILT RED 10 TPD;10;Estuche;2,50
31482;MOON HABANA TABAC DE PIPA 70 G TPD;3;Lata;5,90
31484;H. UPMANN MAGNUM 54  T (3)  PW;1;Estuche;63,60
31486;F.T.PARTAGAS SERIE E N.2  T (3) PW;1;Estuche;82,50
31511;VEGAFINA EXTRAMINI XS 20;5;Lata;4,70
31518;DAVIDOFF ANIV ENTREACTO702 SER (20);1;Caja;150,00
31523;DAVIDOFF SIGNATURE Nº2 702 SERIES (5);1;Estuche;85,00
31561;PETERSON IRISH DEW 40 G TPD;5;Bolsa;4,90
31562;PETERSON 1865 MIXTURE 100 G TPD;1;Lata;20,00
31564;HANDELSGOLD CLASSIC CIGARRITOS 4 TPD;10;Estuche;0,80
31565;HANDELSGOLD BLOND CIGARRITOS 4 TPD;10;Estuche;0,80
31600;LA AURORA CAM.1903 ROBUS LUX TUB 20;1;Caja;88,00
31601;LA AURORA CAMER.1903 ROBUSTO20;1;Caja;117,00
31602;LA AURORA COROJO 1962 ROBUST20;1;Caja;117,00
31603;LA AURORA CONN.1987 ROBUSTO 20;1;Caja;117,00
31604;LA AURORA CAM.SUM.SH.ROBU.OR20;1;Caja;112,00
31605;LA AURORA CAMER.1903 SUBLIMES TUB 20;1;Caja;112,00
31643;MONTE NEGRO VOLCANO 10;10;Estuche;2,50
31661;WINSTON PICADURA LIAR/ENTUB 67G;3;Lata;15,70
3167;REY MUNDO CHOIX SUPREM.   (25);1;Caja;350,00
31702;AVO SYNCRO FOGATA ROBUSTO 4 TPD;1;Estuche;48,80
31703;AVO SYNCRO FOGATA SH. TORPEDO 4 TPD;1;Estuche;35,20
31704;AVO SYNCRO FOGATA TORO TUB 3 TPD;1;Estuche;30,00
31717;JOCKEY BLUE FILTER CIGAR 8 TPD;10;Estuche;1,30
31718;JOCKEY RED FILTER CIGAR 8 TPD;10;Estuche;1,30
31719;CANDLELIGHT CLUB SUMATRA LATA 50 TPD;3;Estuche;10,00
31729;LA FINCA N.5 (25);1;Caja;72,50
31730;LA FINCA N.7 (25);1;Caja;82,50
31731;LA FINCA N.10 (25);1;Caja;95,00
31755;HAMPTON PIPE NEGRO 100 G;1;Lata;9,00
31760;BULLBRAND NEGRO 100;10;Cajetilla;4,80
31761;DENIM RED 100 (20);10;Cajetilla;4,60
31796;VASCONHA 30G;10;Bolsa;6,05
31800;BREAK SILVER 17 TPD;10;Estuche;2,90
31805;VERELLEN PONCHO MINI 20 TPD;5;Estuche;4,00
31810;MACANUDO INSPIRADO MAREVA H 20 TPD;1;Estuche;90,00
31811;REPOSADO COLORADO ROBUSTO 10 TPD;1;Estuche;16,50
31812;REPOSADO COLORADO TORO 10 TPD;1;Estuche;18,50
31813;REPOSADO CONNECT. ROBUSTO 10 TPD;1;Estuche;16,50
31814;REPOSADO CONNECT. TORO 10 TPD;1;Estuche;18,50
31815;D.TOMAS NICARAGUA ROBUSTO 25 TPD;1;Caja;110,00
31816;D.TOMAS CLASICO ROBUSTO  HF 20 TPD;1;Estuche;70,00
31868;COLTS BLUE 70 G TPD;1;Bote;6,20
31886;BRANIFF LINEA D'ORO GOLD 20 TPD;10;Estuche;3,30
31887;BRANIFF WHITE FILTER 100 (17) TPD;10;Estuche;2,90
31903;ROLL´S EXCLUSIVE GOLD 20 TPD;10;Estuche;3,30
3193;AGIO MEHARI'S BRASIL      (50);4;Caja;15,60
3207;MONTECRISTO MINI (50);1;Caja;30,50
32259;L&M FIRST CUT 100´S;10;Cajetilla;5,25
3263;DUCADOS BLANCO DURO;10;Cajetilla;6,20
3287;DAVIDOFF ANIVER SPECIAL R TUB (3)NL;1;Estuche;70,50
3288;DAVIDOFF SIGNATURE 2000 TUB 20 NL;1;Caja;308,00
3289;DAVIDOFF SIGNATURE 2000 TUB 4 NL;1;Estuche;61,60
33340;BACKWOODS FOREST 50 G TPD;1;Lata;4,20
33341;BACKWOODS MOUNTAIN 50 G TPD;1;Lata;4,20
33357;NEWMINSTER RED 100MM 10*17 TPD;10;Estuche;2,80
33358;NEWMINSTER WHITE 100MM 10*17 TPD;10;Estuche;2,80
33377;CORSET WHITE SUPERSLIMS;10;Cajetilla;4,80
33450;NEWS&CO ROUGE;10;Cajetilla;4,85
33451;NEWS&CO BLEU;10;Cajetilla;5,40
33477;BARSDORF`S BESTER RED EASY BURN 40g TPD;3;Bote;3,50
33479;ERASMUS AMSTERDAM (50 G) TPD;6;Bote;3,75
33480;ERASMUS ATHENAS  (50 G) TPD;6;Bote;3,75
33481;ERASMUS BERLIN  (50 G) TPD;6;Bote;3,75
33482;ERASMUS BRUSELAS  (50 G) TPD;6;Bote;3,75
33483;ERASMUS HELSINKI (50 G) TPD;6;Bote;3,75
33484;ERASMUS LONDON  (50 G) TPD;6;Bote;3,75
33485;ERASMUS PARIS  (50 G) TPD;6;Bote;3,75
33486;ERASMUS ROMA  (50 G) TPD;6;Bote;3,75
33522;ROM Y JUL PETIT ROYALES (25) TPD;1;Caja;237,50
33539;CAO AMAZON ANACONDA 20 TPD;1;Caja;140,00
33540;CAO FUMA EM CORDA 20 TPD;1;Caja;160,00
33564;DAVIDOFF W.CH. LATE H. CHURC 4 TPD;1;Estuche;110,00
33565;DAVIDOFF W.CH. LATE H. CHURC 20 TPD;1;Caja;550,00
33566;DAVIDOFF W.CH. LATE H. ROBUS 4 TPD;1;Estuche;101,60
33567;DAVIDOFF W.CH. LATE H. ROBUS 20 TPD;1;Caja;508,00
33570;JUAN LOPEZ SELECCION N.1 (25) TPD;1;Caja;415,00
33572;JUAN LOPEZ SELECCION N.2 (25) TPD;1;Caja;415,00
33581;DAVIDOFF ROYAL RELEASE ROBUSTO 10 TPD;1;Caja;1200,00
33582;DAVIDOFF ROYAL RELEASE SALOMONES 10 TPD;1;Caja;1500,00
33585;CAMACHO POWERBAND TORO 20 TPD;1;Caja;218,00
3362;TORRES QUART CALIQUEÑO Nº2 (20);4;Caja;20,00
3363;TORRES QUART CALIQUEÑO Nº2 (10);10;Caja;10,00
33637;CLUBMASTER SUP. FILT WHITE 10 TPD;10;Estuche;2,50
33638;CLUBMASTER MINI FILTER WHITE 20 TPD;10;Estuche;4,70
3364;EL CAVALLER CALIQUEÑO Nº 2 (20);4;Caja;20,00
3365;EL CAVALLER CALIQUEÑO Nº2 (10);10;Caja;10,00
33655;LA AURORA R.E.2008 BELICOSO 10 TPD;1;Caja;160,00
3366;CANALEÑOS EXTRA       (25) BY;1;Caja;45,00
3367;CANALEÑOS PATA  CANALEÑO 25 BY;1;Caja;45,00
3368;CANALEÑOS CALIQUEÑOS      (40);1;Caja;44,00
3369;CANALEÑOS CORNETAS   (40);1;Caja;44,00
3445;BORKUM RIFF SUNGOLD (50 G);5;Bolsa;8,20
3446;SIGNATURE RED 20;5;Estuche;6,00
3474;PUNCH MINI (20);5;Caja;7,00
3480;CANALEÑOS CALIQUEÑOS      (10);10;Caja;11,00
3481;CANALEÑOS CORNETAS   (10);10;Caja;11,00
34878;FOR.GUIP.IMP.IAE.MOD.840 0,45 2014;1;Unidad;0,45
34881;FOR.GUIP IMP.DECL.MODEL.310  2015;1;Unidad;0,15
34889;FOR.GUIP.IMP.RES.349  2013 0,45;1;Unidad;0,45
3500028;DAVIDOFF WINSTON CH ROBUSTO 4 TPD;1;Estuche;90,40
3500029;DAVIDOFF WINSTON CH TORO 4 TPD;1;Estuche;104,00
3500045;CLUBMASTER SUPER DISPL 100 TPD;1;Unidad;25,00
3500049;AVO SYNCRO FOGATA PURITOS 10;10;Lata;19,50
3500055;LA AURORA 107 SALOMON 16 TPD;1;Caja;104,00
3500056;LA AURORA 1903 ED BR. ROBUSTO 18 TPD;1;Caja;161,10
3500058;LA AURORA 1903 ED ECUADOR.ROBUSTO 18 TPD;1;Caja;152,10
3500059;LA AURORA ADN DOMINICANO G.TORO 20 TPD;1;Caja;184,00
3500060;LA AURORA ADN DOMINICANO ROBUSTO 20 TPD;1;Caja;152,00
3500071;HAMPTON PURE PIPE 12 G TPD;10;Bolsa;1,10
3500072;HAMPTON PIPE GREEN 12 G TPD;10;Bolsa;1,15
3500074;QUAI D'ORSAY N.50 (10) TPD;1;Caja;148,00
3500075;QUAI D'ORSAY N.54 (10) TPD;1;Caja;210,00
3500079;MONTE NEGRO PIRATAS 5 TPD;10;Estuche;1,40
3500080;MONTE NEGRO PIRATAS 10 TPD;10;Estuche;2,90
3500412;CANDLELIGHT CORONA HABA FIL CIG  5 TPD;5;Estuche;3,00
3500413;CANDLELIGHT CORONA SUMATRA FILLER 5 TPD;5;Estuche;3,00
3500428;TOSCANO GARIBALDI 5 TPD;10;Estuche;6,90
3500444;D.TOMAS BUNDLE GIGANTE 10 TPD;1;Estuche;25,00
3500445;MACANUDO INSPIRADO WHITE CHURCHIL 20 TPD;1;Estuche;126,00
3500446;MACANUDO INSPIRADO WHITE ROBUST0 20 TPD;1;Estuche;118,00
3500448;DIESEL D5 (20) TPD;1;Estuche;98,00
3500449;DIESEL D4 (20) TPD;1;Estuche;90,00
3500450;MACANUDO INSPIRADO WHITE TORO 20 TPD;1;Estuche;128,00
3500602;DUCADOS RUBIO 67G;6;Bote;15,70
3500610;DENIM RED FILTER CIGAR 17 TPD;10;Estuche;2,40
3500633;DENIM RED FILTER CIGAR (8) TPD;10;Estuche;1,30
3500667;BAKERSTREET 190 ( 90 G) TPD;2;Lata;6,30
3500746;DAVIDOFF ENGLISH MIXTURE 50 G TPD;5;Lata;17,20
3500747;DAVIDOFF DANISH MIXTURE 50 G TPD;5;Lata;17,20
3500748;DAVIDOFF FLAKE MEDAILLONS 50 G TPD;5;Lata;20,90
3500754;BACKGAMMON CORONAS ESPECIALES 10 TPD;1;Caja;25,00
3500761;AMSTERDAMER ORIGINAL BLEND 40 G TPD;1;Lata;4,00
3500804;HORIZON 30 G;10;Bolsa;6,80
3500813;FLOR DE FILIPINAS ROBUSTO 25 TPD;1;Caja;17,50
3500814;FLOR DE FILIPINAS CORONAS XXL 25 TPD;1;Caja;18,75
3500816;SIGNATURE FINOS FILTER BEIG (10) TPD;10;Caja;2,50
3500817;VEGAFINA F2 ROBUSTO TUBO 3 TPD;1;Estuche;18,90
3500818;VEGAFINA NICARAGUA ROBUSTO T 3 TPD;1;Estuche;18,90
3500819;VEGAFINA ROBUSTO TUBO 3 TPD;1;Estuche;18,90
3500860;REDFIELD RED 20 G TPD;10;Bolsa;1,80
3500912;DOMINGO CELESTE 88 G LEP S2;5;Lata;20,60
3500972;PLAYER'S 100S (20);10;Cajetilla;6,90
3500973;PLAYER'S KS (20);10;Cajetilla;7,00
3501010;SIOUX ORIGINAL RED 40 G LATA TPD;3;Lata;3,50
3501021;CANDLELIGHT CORONA/CLUB MIX DISP 90 TPD;1;Unidad;33,00
3501022;WINSTON PICADURA LIAR/ENTUB 46G;4;Lata;11,00
3501026;PANTER MINI FILTER BLEU 20 TPD;10;Lata;5,60
3501028;LUCKY STRIKE CRISP CIGARRITOS (20);10;Caja;4,50
3501050;MCCHRYSTAL'S SN.OLD. ENG.4GTPD;12;Lata;1,00
3501051;AL FAKHER MAGIC LOVE(50G);10;Caja;4,70
3501067;GUAJIRO MINI TROMPETAS 5 TPD;10;Estuche;1,90
3501114;VEGAFINA NICARAGUA VULCANO (10);1;Caja;56,00
3501119;PALL MALL INTERNATIONAL RED;10;Cajetilla;6,45
3501131;MONTECRISTO MEDIA CORONA 5 TPD;1;Caja;41,00
3501136;MANITOU FINE GREEN 20;10;Cajetilla;5,20
3501142;DAVIDOFF 50TH DIADEMAS FIN AMER 10 TPD;1;Caja;280,00
3501143;DAVIDOFF 50TH DIADEMAS FIN ASIA 10 TPD;1;Caja;280,00
3501144;DAVIDOFF 50TH DIADEMAS FIN EURO 10 TPD;1;Caja;280,00
3501145;DAVIDOFF 50TH DIADEMAS FIN ORIE 10 TPD;1;Caja;280,00
3501231;ADALYA BLUE I'SS 50 G TPD;10;Caja;3,85
3501232;ADALYA HAWAII 50 G TPD;10;Caja;3,85
3501233;ADALYA I´SS BONI 50 G TPD;10;Caja;3,85
3501234;ADALYA I'SS LIE ON THE ROCKS 50 G TPD;10;Caja;3,85
3501235;ADALYA KIZZ 50 G TPD;10;Caja;3,85
3501237;ADALYA L. KILL 50 G TPD;10;Caja;3,85
3501238;ADALYA LOVE66 50 G TPD;10;Caja;3,85
3501239;ADALYA MANKO TANKO I'SS 50 G TPD;10;Caja;3,85
3501240;ADALYA MANKO TANKO 50 G TPD;10;Caja;3,85
3501241;ADALYA PAIR KIZZ 50 G TPD;10;Caja;3,85
3501242;ADALYA SWEESS BOOM 50 G TPD;10;Caja;3,85
3501243;ADALYA TWO APP 50 G TPD;10;Caja;3,85
3501244;ADALYA TYNKY WYNKY 50 G TPD;10;Caja;3,85
3501245;ADALYA DRAGAN CODE 50 G TPD;10;Caja;3,85
3501246;ADALYA GREEN LEON KIZZ 50 G TPD;10;Caja;3,85
3501248;BONESHAKER MAUL 54 (20) TPD;1;Caja;144,00
3501249;BONESHAKER MACE 60 (20) TPD;1;Caja;124,00
3501314;AL FAKHER BIG CORAL (50G);10;Caja;4,70
3501315;AL FAKHER TWIWI (50G);10;Caja;4,70
3501325;ROYALE CASINO XTRA LARGE 10 ASES TP;10;Estuche;3,00
3501329;VASCONHA 95 G;3;Lata;19,10
3501485;ERASMUS MILLENNIAL  (50 G) TPD;6;Bote;3,75
3501486;ERASMUS KLOUT  (50 G) TPD;6;Bote;3,75
3501488;ERASMUS INFLUENCER  (50 G) TPD;6;Bote;3,75
3501489;ERASMUS INBOUND  (50 G) TPD;6;Bote;3,75
3501490;ERASMUS HASHTAG  (50 G) TPD;6;Bote;3,75
3501491;ERASMUS ENGAGEMENT  (50 G) TPD;6;Bote;3,75
3501492;ERASMUS TIMELINE  (50 G) TPD;6;Bote;3,75
3501493;ERASMUS PHOTOBOMB  (50 G) TPD;6;Bote;3,75
3501498;MACANUDO VINTAGE MADURO 1997 EL 12 TPD;1;Caja;120,00
3501556;EXCITE RED 100;10;Cajetilla;4,70
3501593;BRANIFF GOLD FILTER 100 (17) TPD;10;Estuche;2,90
3501634;D.TOMAS NICARAGUA COLLECTION 48 TPD;1;Caja;150,00
3501644;LA AURORA HORDS D´AGED TORO (15);1;Caja;210,00
3501647;BULLBRAND NEGRO FILTER CIGAR 8;10;Estuche;1,30
3501648;BULLBRAND A.B. FILTER CIGAR (8);10;Estuche;1,30
3501659;#NO NAME AMERICAN BLEND WHITE 30G TPD;5;Bolsa;5,80
3501662;TRINIDAD SHORT 10 TPD;10;Caja;15,50
3501664;MISSISIPI ORIGINAL 35 G;3;Lata;2,60
3501665;MISSISIPI VIRGINIA 35 G;3;Lata;3,00
3501666;MISSISIPI VIRGINIA 70 G;4;Lata;5,00
3501686;DAVIDOFF YAMASA ROBUSTO TUB (4) TPD;1;Estuche;86,40
3501712;F.T PARTAGAS MADURO N.1 (25) TPD;1;Caja;575,00
3501715;F.T PARTAGAS MADURO N.2 (25) TPD;1;Caja;580,00
3501718;F.T PARTAGAS MADURO N.3 (25) TPD;1;Caja;612,50
3501738;TILBURY N.1 (90 G);1;Lata;8,60
3501739;TILBURY N.1 (25 G);10;Bolsa;2,50
3501767;MOON HABANA NEW MIXTURE 70 G TPD;3;Lata;5,90
3501865;EASTWOOD ORIGINAL BLEND 40 G TPD;1;Lata;3,60
3501925;DAVIDOFF ROBUSTO TUB SEL BLACK 3 TPD;1;Estuche;56,30
3501934;DEL MAR NORTH BLUE 40 G;5;Lata;3,00
3501935;DEL MAR SOUTH RED 40 G;5;Lata;3,00
3501973;MACANUDO INSPIRADO RED GIGANTE 20 TPD;1;Caja;140,00
3501974;MACANUDO INSPIRA RED ROBUST 20 BOX P TPD;1;Caja;124,00
3501975;D.TOMAS BUNDLES NICA ROTHSCHILD 10 TPD;1;Estuche;22,00
3501976;D.TOMAS BUNDLES NICA ROBUSTO 10 TPD;1;Estuche;22,50
3501978;D.TOMAS BUNDLES NICA TORO 10 TPD;1;Estuche;23,00
3501980;ADALYA LOVE66 200 G TPD;1;Lata;14,00
3501981;ADALYA L. KILL 200 G TPD;1;Lata;14,00
3501982;ADALYA TYNKY WYNKY 200 G TPD;1;Lata;14,00
3501983;ADALYA HAWAII 200 G TPD;1;Lata;14,00
3501984;ADALYA MANKO TANKO I´SS 200 G TPD;1;Lata;14,00
3501995;CHAZZ CIGARROS 10 TPD;5;Estuche;6,00
3501997;CHAZZ CIGARILLOS 20 TPD;5;Estuche;7,00
3502056;LA AURORA 115 ANIV BELICOSO (15) E.L TPD;1;Caja;225,00
3502059;LA AURORA 115 ANIV G. TORO 30 EL TPD;1;Caja;396,00
3502063;LA AURORA 115 ANIV ROBUSTO 20 TPD;1;Caja;260,00
3502067;LA AURORA 115 ANIV TORO 20 TPD;1;Caja;276,00
3502088;CLAN HOLLANDIA 40 G TPD;5;Bolsa;5,60
3502089;CHAZZ DISPLAY 130;1;Unidad;58,00
35021;FOR.VIZC.IMP.IVA MODELO 303 0,20;1;Unidad;0,20
3502111;AL CAPONE ORIGINAL FILTER (4);10;Estuche;1,20
3502112;AL CAPONE SUN FILTER (4);10;Estuche;1,20
3502113;DANNEMANN MOODS SILVER 4 TPD;10;Estuche;1,40
3502114;DANNEMANN MOODS BAHIA 4 TPD;10;Estuche;1,40
3502132;FORTUNA ORIGINAL 22;10;Cajetilla;6,10
3502134;DAVIDOFF ESCURIO G. TORPEDO (3) TPD;1;Estuche;33,00
3502135;DAVIDOFF NICARAGUA G. TORPEDO (3) TPD;1;Estuche;33,00
3502136;DAVIDOFF YAMASA G. TORPEDO (3) TPD;1;Estuche;42,90
3502207;DENIM CRUSH BLUE FILT CIGAR 17 TPD;10;Estuche;2,70
3502208;DENIM CRUSH PURPLE FILT CIGAR 17 TPD;10;Estuche;2,70
3502209;PIPERS CLUB RED CIGARS 10 TPD;10;Estuche;1,70
3502210;PIPERS CLUB GOLD CIGARS 10 TPD;10;Estuche;1,70
3502211;PIPERS CLUB CLASSIC CIGARS 10 TPD;10;Estuche;1,70
3502267;DUCADOS RUBIO BOTE 30G;5;Lata;6,90
3502304;WINSTON PICAD LIAR/ENTUB 135GR;1;Bolsa;33,40
3502324;REIG XS 4 TPD;10;Estuche;1,20
3502325;DUCADOS RUBIO EXTRA 100'S (20);10;Cajetilla;5,10
3502339;LA ESTRELLA POLAR GIGANTE 20 TPD;1;Caja;71,00
3502340;LA ESTRELLA POLAR ROBUSTO 20 TPD;1;Caja;61,00
3502359;ERASMUS HOOTSUITE (180 G) TPD;1;Bote;13,50
3502360;ERASMUS LONDON  (180 G) TPD;1;Bote;13,50
3502361;ERASMUS ROMA (180 G) TPD;1;Bote;13,50
3502362;ERASMUS HOOTSUITE (750 G) TPD;1;Bote;55,00
3502363;ERASMUS LONDON (750 G) TPD;1;Bote;55,00
3502364;ERASMUS ROMA (750 G) TPD;1;Bote;55,00
3502376;ADALYA I'SS 50 G TPD;10;Caja;3,85
3502378;ADALYA LEON PI 50 G TPD;10;Caja;3,85
3502379;ADALYA GIPSY KINGS 50 G TPD;10;Caja;3,85
3502380;ADALYA CHWNG WOOD KIZZ 50 G TPD;10;Caja;3,85
3502381;ADALYA BERLIN NIGHTS 50 G TPD;10;Caja;3,85
3502382;ADALYA WATERLON KIZZ 50 G TPD;10;Caja;3,85
3502383;ADALYA BLUE YELLOW 50 G TPD;10;Caja;3,85
3502384;ADALYA SKYFALL 50 G TPD;10;Caja;3,85
3502385;ADALYA ESKIMO LEON 50 G TPD;10;Caja;3,85
3502387;ADALYA L. KILL 1000 G TPD;1;Lata;65,00
3502435;HAMPTON MAX 90 G TPD;1;Lata;7,50
3502436;HAMPTON MAX 35 G TPD;1;Lata;3,75
3502437;HAMPTON MAX 25 G TPD;10;Bolsa;2,30
3502460;H.MONTERREY HOYO RIO SECO T 3 TPD;1;Estuche;79,50
3502466;VEGUEROS CENTROFINOS  (4)  TPD;1;Caja;33,60
3502475;DAVIDOFF NICARAGUA ROBUSTO (4) TPD;1;Estuche;75,20
3502515;CANDLELIGHT B. CORONA HAVANA 25 TPD;1;Caja;30,00
3502518;Marlboro Crafted Selection 30G;6;Lata;6,80
3502519;CHESTERFIELD VOLUME TOBACC 30G;6;Lata;6,80
3502591;MAKLA PLATINIUM (20G) TPD;10;Lata;1,20
3502600;FLOR DE FILIPINAS SH. ROBUSTO 25 TPD;1;Caja;15,00
3502603;COLTS RED (100 G) TPD;1;Bote;8,30
3502604;COLTS RED (20 G) TPD;5;Bolsa;2,10
3502668;TOSCANELLO VELLUTO 3 TPD;10;Estuche;2,00
3502674;MARLBORO RED ROLLING & TUB 70G;4;Lata;16,40
3502741;CLUBMASTER CIGARILLO RED FIL 20 TPD;10;Estuche;5,20
3502742;AL FAKHER FROST DOUBLE CRUNCH (50G);10;Caja;4,70
3502743;AL FAKHER SNOWY FUCHSIA GREEN (50G);10;Caja;4,70
3502745;AL FAKHER SNOWY FUCHSIA GREEN (250G);1;Caja;19,95
3502782;MARLBORO GOLD ROL&TUB 70G TSAR;4;Lata;16,40
3502783;CHESTERFIELD CIG. TOBACCO 67 G;4;Lata;15,20
3502865;CAPITOL JACK (10) TPD;1;Caja;90,00
3502866;CAPITOL CASINO (10) TPD;1;Caja;110,00
3502867;CAPITOL GALA (10) TPD;1;Caja;130,00
3502933;EASTWOOD VIRGINIA TOBACCO 20 G TPD;10;Bolsa;1,80
3502934;EASTWOOD ORIGINAL BLEND 100 G TPD;1;Lata;7,90
3502945;AL FAKHER BIG YELLOW GREEN (50G);10;Caja;4,70
3502957;AL FAKHER BIG YELLOW GREEN (250G);1;Caja;19,95
3502969;HORIZON BLUE 30G;10;Bolsa;6,80
3502970;HORIZON VIRGINIA 30G;10;Bolsa;6,20
3503169;SIGNATURE FINOS FILTER INDOCHINA 10 TPD;10;Estuche;2,00
3503177;NEWS 80G;1;Bolsa;18,15
3503182;CLUBMASTER CIGARILLO RED 200 DISPLAY;1;Unidad;52,00
3503198;BACKWOODS MOUNTAIN 20 G;5;Bolsa;2,00
3503200;CANDLELIGHT FILTER 10 MIXED 200 DISPLAY;1;Unidad;32,00
3503201;AMIGOS POCKET FILTER AB 20 TPD;10;Estuche;3,00
3503202;AMIGOS POCKET FILTER WHITE 20 TPD;10;Estuche;2,80
3503207;PANTER MINI FILTER SWIRL 20;10;Lata;5,60
3503208;MANITOU VIRGINIA PINK 50 GR TT;4;Bote;9,70
3503216;MOON HABANA ESPECIAL MIXTURE 20 G;10;Bolsa;1,80
3503217;MOON HABANA EXCLUSIVE MIXTURE 20G;10;Bolsa;1,80
3503218;FLOR DE FILIPINAS CORONITAS 5 TPD;5;Caja;2,25
3503220;FLOR DE FILIPINAS ROBUSTO 3 TPD;5;Caja;1,45
3503296;KINGSTON RED 10 GR;10;Bolsa;1,00
3503297;REDFIELD GREEN 20 GR;10;Bolsa;1,80
3503323;NEWS 30 G;10;Bolsa;5,85
3503324;NEWS&CO ROUGE 100'S (20);10;Cajetilla;4,80
3503325;NEWS&CO ROUGE 30;8;Cajetilla;8,20
3503327;REIG XS BLUE (4);10;Estuche;1,20
3503328;REIG XS BLUE (15);10;Estuche;4,30
3503375;BULLBRAND WHITE FILTER CIGARS 20;10;Caja;2,70
3503508;REDFIELD 200 G TT;1;Bote;39,50
3503516;MONTE NEGRO ROBUSTO CUBAN SEEDS 5 TPD;5;Estuche;10,00
3503518;MONTE NEGRO ROBUSTO NICARAGUA 5 TPD;5;Estuche;10,00
3503519;MONTE NEGRO ROBUSTO R. DOMINICA 5 TPD;5;Estuche;10,00
3503590;ADALYA BLACK LEM BRY 50 G TPD;10;Caja;3,85
3503592;ADALYA BLACK CANE MNT 50 G TPD;10;Caja;3,85
3503595;ADALYA BLACK PYCH 50 G TPD;10;Caja;3,85
3503667;PUNCH SHORT DE PUNCH 10 TPD;1;Caja;186,00
3503671;CAO CHAMPION SAMPLERS 10 TPD;1;Caja;76,00
3503885;VEGAFINA 1998 VF 50 (10) TPD;1;Caja;60,00
3503886;VEGAFINA 1998 VF 52 (10) TPD;1;Caja;66,00
3503887;VEGAFINA 1998 VF 54 (10) TPD;1;Caja;72,00
3503935;INDEPENDENCE TUBOS ORIGINAL (20) TPD;1;Estuche;39,00
3503936;MAYA VIRGINIA (30 G) IP;10;Bolsa;5,65
3504071;ADALYA BLUE DRAGAN 50 G TPD;10;Caja;3,85
3504072;ADALYA PARADISO I`SS 50 G TPD;10;Caja;3,85
3504073;ADALYA THREE ANGELS 50 G TPD;10;Caja;3,85
3504090;AMSTERDAMER ESSENTIAL 20 G TPD;5;Bolsa;1,50
3504115;AMBER LEAF TABACO VIRGINIA 30G;5;Bolsa;6,80
3504215;BULLBRAND GOLD FILTER CIGARS OP 20;10;Estuche;2,50
3504217;BURTON ORIGIN RED FILTER 17 TPD;10;Estuche;2,30
3504221;HORIZON 100 G;3;Lata;22,65
3504266;CAO HOMMAGE TO NICARAGUA 10 TPD;1;Caja;120,00
3504352;LA AURORA HORS D´AGED 2018 G. TORO JARRA;1;Caja;420,00
3504374;MONTE NEGRO 15 MINUTOS 10 TPD;1;Estuche;14,00
3504375;MONTE NEGRO MINI TORPEDO 10 TPD;1;Estuche;15,00
3504376;MONTE NEGRO PETIT ROBUSTO TPD 10;1;Estuche;15,00
3504377;MONTE NEGRO TORO 10 TPD;1;Estuche;20,00
3504378;MONTE NEGRO GORDO 10 TPD;1;Estuche;21,00
3504403;MACANUDO HERITAGE NUEVO TORO (10);1;Caja;120,00
3504404;CAO ORELLANA TORO (20);1;Caja;170,00
3504406;PETERSON EARLY MORNING 50G TPD;5;Lata;13,00
3504407;PETERSON MY MIXTURE 965 50G TPD;5;Lata;13,00
3504408;PETERSON NIGHTCAP 50 GR TPD;5;Lata;13,00
3504409;PETERSON STANDARD MIXTURE 50G TPD;5;Lata;13,00
3504415;1637 BLOND 40 G;5;Bolsa;9,50
3504459;MARLBORO RED KS 22;20;Cajetilla;6,70
3504502;DAVIDOFF EXCLUSIVE MADRID 2019 (10) TPD;1;Caja;250,00
3504503;DAVIDOFF EXCLUSIVE BARCELONA 2019 (10);1;Caja;250,00
3504507;QUAI D'ORSAY SENADORES (25)TPD;1;Caja;1495,00
3504512;H. UPMANN REGALIAS (5) TPD;1;Estuche;59,50
3504514;H.MONTERREY SOUVENIR LUXE (5) TPD;1;Caja;59,50
3504515;JOSE L. PIEDRA P. CAB (12) TPD;1;Caja;31,20
3504516;JOSE L. PIEDRA P. CAB (3) TPD;5;Caja;7,80
3504519;PARTAGAS CAPITOLS (5) TPD;1;Caja;59,50
3504520;RAMON ALLONES ALLONES Nº 2 (10) TPD;1;Caja;536,00
3504522;ROM Y JUL  CLUB KINGS (5) TPD;1;Caja;59,50
3504590;REDFIELD RED 100 G;1;Lata;7,90
3504599;LA AURORA 115 ED HUMIDOR TORO 30 TPD;1;Caja;411,00
3504650;ADALYA MOON DREAM 50 G TPD;10;Caja;3,85
3504651;ADALYA ADALYA POWER 50 G TPD;10;Caja;3,85
3504652;ADALYA PASSION KIZZ 50 G TPD;10;Caja;3,85
3504659;CAMACHO LIBERTY 2019 (20);1;Caja;300,00
3504668;HOOKAIN WHITE (50 G);6;Bote;4,80
3504669;HOOKAIN BIG BLACK BARRIES 50 G TPD;6;Bote;4,80
3504670;HOOKAIN C C C 50 G;6;Bote;4,80
3504672;HOOKAIN LEMENCIAGA 50 G TPD;6;Bote;4,80
3504674;HOOKAIN PUNANI 50 G TPD;6;Bote;4,80
3504675;HOOKAIN SOLEIRO SPLIFF 50 G TPD;6;Bote;4,80
3504698;SIGNATURE FINOS FILTER GREEN (10) TPD;10;Estuche;2,50
3504783;DANNEMANN MINI MOODS 4 TPD;10;Estuche;1,40
3504784;DANNEMANN MOODS FILTER 4 TPD;10;Estuche;1,40
3504835;DAVIDOFF YEAR OF THE RAT (10) TPD;1;Caja;256,00
3504837;QUAI D'ORSAY N.50 (25) TPD;1;Caja;370,00
3504839;H.MONTERREY H. RIO SECO (25) TPD;1;Caja;645,00
3504853;MACANUDO GRAN RESERVA EL 2020 (8) TPD;1;Caja;120,00
3504859;SIGNATURE FINOS FILTER HINDUSTAN 10 TPD;10;Estuche;2,00
3505079;CAO SESSION GARAGE 20 WB ES TPD;1;Caja;144,00
3505080;CAO SESSION SHOP 20 WB ES TPD;1;Caja;164,00
3505096;CAMEL PICADURA LIAR/ENTUBAR 65G;3;Lata;15,70
3505098;F.T.PARTAGAS ARISTOCRATS (25) TPD;1;Estuche;182,50
3505100;HOOKAIN WHITE (200 G);1;Bote;16,95
3505101;HOOKAIN BIG BLACK BARRIES 200 G TPD;1;Bote;16,95
3505102;HOOKAIN C C C (200 G);1;Bote;16,95
3505104;HOOKAIN LEMENCIAGA 200 G TPD;1;Bote;16,95
3505154;HOOKAIN BUBBLENCIAGA 50G TPD;6;Bote;4,80
3505155;HOOKAIN CACTOPUS 50G TPD;6;Bote;4,80
3505156;HOOKAIN GREEN LEAN 50G TPD;6;Bote;4,80
3505157;HOOKAIN KAFFA YAYO 50G TPD;6;Bote;4,80
3505162;CALYPSO DANN. MINI MOODS FIL (20);10;Caja;6,50
3505195;ALLURE LILAC (40);6;Cajetilla;9,60
3505196;ALLURE WHITE (40);6;Cajetilla;9,60
3505197;MACANUDO INSPIRADO GREEN ROBUSTO 25 TPD;1;Caja;155,00
3505198;MACANUDO INSPIRADO GREEN TORO 25 WB TPD;1;Caja;165,00
3505199;MONTE NEGRO ENORME 5 TPD;1;Estuche;11,00
3505200;MONTE NEGRO MAGNUM 10 TPD;1;Estuche;19,00
3505201;HAMPTON PIPE'S TOBACCO 150 G TPD;1;Bote;11,50
3505294;LA AURORA 107 NICARAGUA ROBUSTO (20);1;Caja;137,00
3505295;LA AURORA 107 NICARAGUA TORO (20);1;Caja;153,00
3505297;ADALYA VAN 50G   A TPD;10;Caja;3,85
3505298;ADALYA I´SS KAKTU 50 G TPD;10;Caja;3,85
3505368;ERASMUS HOOTSUITE  (50 G) TPD;10;Caja;3,75
3505369;ERASMUS CHUNKY MONKEY (50 G) TPD;10;Caja;3,75
3505371;ADALYA M.M 50G TPD;10;Caja;3,30
3505372;ADALYA TWO YELLOW I´SS 50G TPD;10;Caja;3,85
3505374;NEO CLASSIC TOBACCO;10;Cajetilla;4,00
3505377;LA AURORA 1985 MADURO GRAN TORO (20);1;Caja;134,00
3505378;LA AURORA 1985 MADURO ROBUSTO (20);1;Caja;119,00
3505382;AVO SYNCRO NICARAGUA ROBUSTO TUB 20 TPD;1;Caja;158,00
3505383;AVO SYNCRO RITMO TORO TUBO 20 TPD;1;Caja;178,00
3505384;AVO SYNCRO RITMO ROBUSTO TUB 20 TPD;1;Caja;166,00
3505385;CAMACHO DIPLO SP SEL ROBUSTO BLACK 18;1;Caja;324,00
3505610;LUCKY STRIKE SILVER BAY;10;Cajetilla;5,75
3505640;AUSTIN SILVER SUPERSLIMS;10;Cajetilla;4,70
3505687;MACANUDO INSPIRADO BLACK ROBUSTO 20 TPD;1;Estuche;132,00
3505688;MACANUDO INSPIRADO BLACK TORO 20 TPD;1;Estuche;142,00
3505701;HAMPTON  PIPES´S GREEN 30G TPD;10;Bolsa;3,30
3505707;TOSCANELLO CASTANO 5 TPD;10;Estuche;4,90
3505708;TOSCANELLO GIALLO 5 TPD;10;Estuche;4,90
3505737;CAMEL PICADURA LIAR/ENTUBAR 43G;4;Lata;10,20
3505738;CAMEL BLUE PICADURA LIAR O ENTUBAR 43G;4;Lata;10,20
3505749;JPS LIAR/ENTUBAR 137 G;1;Bolsa;32,00
3505786;ADALYA MOON DREAM 200 GR;1;Lata;14,00
3505787;ADALYA CHWNG WOOD KIZZ 200G;1;Lata;14,00
3505788;ADALYA WATERLOO KIZZ 200G;1;Lata;14,00
3505789;ADALYA GIPSY KINGS 200G;1;Lata;14,00
3505790;ADALYA BLUE YELLOW 200 G;1;Lata;14,00
3505791;ADALYA BLUE I'SS 200 GR;1;Lata;14,00
3505840;BLUE HORSE MI AMOR 50 G TPD;10;Caja;3,85
3505924;MISSISIPI ORIGINAL 20 G;10;Bolsa;1,70
3506030;MISSISIPI  BROWN 100 G;2;Bote;6,40
3506060;MONTECRISTO SHORT 10;10;Caja;13,00
3506098;W.O.LARSEN EDITION 2021 100G TPD;3;Lata;20,00
3506123;HOOKAIN FELLATIO 50G TPD;6;Bote;4,80
3506124;HOOKAIN JIZZY PIA 50G TPD;6;Bote;4,80
3506126;HOOKAIN KIVY KING 50GR TPD;6;Bote;4,80
3506128;HOOKAIN LAOZ 50G TPD;6;Bote;4,80
3506129;HOOKAIN PINK LEMENCIAGA 50G TPD;6;Bote;4,80
3506133;BURTON RED XL CIGAR 10 TPD;10;Estuche;1,70
3506135;D.TOMAS COROJO 554 (20);1;Caja;91,00
3506136;D.TOMAS COROJO 660 (20);1;Caja;104,00
3506137;CAMEL PICADURA LIAR/ENTUB 30 G;5;Lata;7,10
3506160;AL FAKHER IVORY GOLD 100 GR TPD PL;3;Caja;9,95
3506161;AL FAKHER POLAR FREEZE 100 GR TPD PL;3;Caja;9,95
3506164;HORIZON VIRGINIA WHITE 30G;10;Bolsa;6,20
3506167;HOOKAIN CHERI ZKITTLEZ 50 G TPD;6;Bote;4,80
3506185;QUAI D'ORSAY N.54 (25) TPD;1;Caja;525,00
3506226;NEO TERRACOTTA TOBACCO (20);10;Cajetilla;4,00
3506267;CAMACHO LIBERTY 2020 (20);1;Caja;318,00
3506281;HOOKAIN BUBBLENCIAGA 200 G TPD;1;Bote;16,95
3506282;HOOKAIN GREEN LEAN 200 G TPD;1;Bote;16,95
3506348;LA AURORA 1495 SUMO TORO GB (20);1;Caja;168,00
3506350;LA AURORA FAMILY R. F. LEON ED 15;1;Caja;208,50
3506351;LA AURORA HORS D´AGED 2020 (15);1;Caja;210,00
3506352;LA AURORA HORS D'AGE 2020 G.TORO 30 JARR;1;Caja;420,00
3506355;LO MEJOR DE LA AURORA 5;1;Caja;54,00
3506378;BLUE HORSE MI AMOR 200 G TPD;1;Lata;14,00
3506379;BLUE HORSE THE COLDEST GREEN 200G TPD;1;Lata;14,00
3506434;ADALYA TONY'S DESTINY 50 G TPD;10;Caja;3,85
3506435;ADALYA PYCH BLUE KIZZ 50 G TPD;10;Caja;3,85
3506436;ADALYA RHAPSODY 50 G TPD;10;Caja;3,85
3506503;DAVIDOFF SPECIAL 53 LE 2020 (10);1;Caja;220,00
3506505;DAVIDOFF ROBUSTO INTENSO LE 2020 (10);1;Caja;210,00
3506511;JPS LIAR / ENTUBAR (420 G);1;Bote;93,80
3506516;CAMACHO NICARAGUA ROBUSTO 20;1;Caja;164,00
3506517;CAMACHO NICARAGUA G. CHURCHILL 20;1;Caja;210,00
3506569;DAVIDOFF MILLENNIUM ROBUSTO TUBOS (3);1;Estuche;72,60
3506570;DAVIDOFF MILLENNIUM SHORT ROBUSTO (4);1;Estuche;73,60
3506631;FLANDRIA VIRGINIA VENDING 30G TT;5;Bolsa;6,20
3506685;FORTUNA PARA LIAR/ENTUBAR 190 G;1;Bote;44,55
3506692;DAVIDOFF TUBOS SELECTION WHITE (3);1;Estuche;59,20
3506729;DAVIDOFF MASTER SELECTION EDT 2012 (10);1;Caja;310,00
3506731;CAO VISION CHURCHILL 20;1;Caja;350,00
3506733;SILENCIO RED DOT CHURCHILL 25;1;Caja;340,00
3506734;SILENCIO RED DOT ROBUSTO 25;1;Caja;312,50
3506897;DUCADOS RUBIO 190 G;1;Bote;44,55
3506911;TOSCANINO GIALLO 10 TPD;10;Estuche;2,95
3506912;TOSCANINO ROSSO 10 TPD;10;Estuche;2,95
3506913;TOSCANINO 10 TPD;10;Estuche;2,95
3506920;DANNEMANN MOODS SILVER 10;10;Caja;3,50
3506921;DANNEMANN MOODS FILTER BAHIA 20;10;Caja;6,50
3506922;DANNEMANN MOODS FILTER BAHIA 10;10;Caja;3,50
3506957;BLUE HORSE TOKYO DESIRE 50G TPD;10;Caja;3,85
3506958;BLUE HORSE VENEZIA SERENATA 50G TPD;10;Caja;3,85
3506959;ADALYA EXOTIC RUSH 50 G TPD;10;Caja;3,85
3506960;ADALYA RED ALERT I´SS (50g) TPD;10;Caja;3,85
3506961;ADALYA TWIST PI 50 G TPD;10;Caja;3,30
3506962;CAO BONES BLIND HUGUIE 20 TPD;1;Caja;150,00
3506963;CAO BONES CHICKEN FOOT 20 TPD;1;Caja;140,00
3506964;CAO ZOCALO TORO 20 TPD;1;Caja;158,00
3507038;MADDOX2 RED (20);10;Cajetilla;4,50
3507043;H. UPMANN CONNOSSIEUR Nº 2 (25) TPD;1;Caja;502,50
3507112;HOOKAIN ZENTER SCHOX 50 G TPD;6;Bote;4,80
3507113;HOOKAIN MEGA LOCO (50 G);6;Bote;4,80
3507116;LA ESTRELLA SOLAR ROBUSTO 20 TPD;1;Caja;61,00
3507117;LA ESTRELLA SOLAR GIGANTE 20 TPD;1;Caja;71,00
3507144;LUCKY STRIKE XL 28;8;Cajetilla;7,60
3507148;PALMERITOS SEÑORITAS MAZO 25 UDS;1;Estuche;10,00
3507149;PALMERITOS BREVAS MAZO 50 UDS;1;Estuche;30,00
3507150;PALMERITOS BREVAS DISPLAY (150);1;Unidad;90,00
3507151;WTF! NYC SHISHARILLOS (20);5;Lata;5,70
3507152;WTF! RIO SHISHARILLOS (20);5;Lata;5,70
3507153;WTF! SHEEESH SHISHARILLO (20) TPD SUP;5;Lata;5,70
3507312;LUCKY STRIKE ECLIPSE;10;Cajetilla;5,60
3507315;LA FLOR DE CANO ELEGIDOS (10 ) TPD;1;Caja;67,00
3507351;NEWS&CO FRESH (20);10;Cajetilla;5,40
3507352;DUCAL BLUE;10;Cajetilla;4,85
3507398;WEST ROJO (22);10;Cajetilla;5,50
3507435;MARLBORO CRAFTED SELECTION 90G;3;Lata;20,90
3507437;MACANUDO INSPIRADO WHITE ROTHSCHILD 20;1;Estuche;110,00
3507470;JPS LIAR/ENTUBAR (900 G);1;Lata;201,00
3507507;POR LARRAÑAGA GALANES (10) TPD;1;Caja;118,00
3507717;ADALYA PUNKMAN 50G TPD A;10;Caja;3,85
3507718;ADALYA LA BONITA 50 G A;10;Caja;3,85
3507719;ADALYA JUNGLE JUNGLE 50G TPD A;10;Caja;3,85
3507720;ADALYA KROSTY APP 50G TPD A;10;Caja;3,30
3507721;ADALYA CINDY´S  50G TPD A;10;Caja;3,85
3507722;ADALYA DESPERADO 50G TPD A;10;Caja;3,85
3507723;ADALYA DULCINEA 50G TPD A;10;Caja;3,85
3507724;ADALYA ESMERALDA 50G TPD A;10;Caja;3,85
3507737;BLUE HORSE STRANGERS IN THE NIGHT 50GTPD;10;Caja;3,30
3507739;BLUE HORSE RIO KISS 50G TPD A;10;Caja;3,30
3507740;BLUE HORSE PARIS ROMANTIQUE 50G TPD A;10;Caja;3,30
3507750;NATIVO 20G TPD;10;Bolsa;1,45
3507775;MANITOU VIRGINIA PINK 100 GR TT S2;3;Bote;19,00
3507776;MANITOU VIRGINIA GREEN 100 GR TT S2;3;Bote;21,00
3507779;DAVIDOFF WINSTON CH LE 2021 TORO 10;1;Estuche;215,00
3507780;ZINO NICARAGUA ROBUSTO (4);1;Estuche;23,60
3507781;ZINO NICARAGUA ROBUSTO (25);1;Caja;147,50
3507782;ZINO NICA SHORT TORPEDO (4);1;Estuche;22,40
3507783;ZINO NICARAGUA  SHORT TORPEDO (25);1;Caja;140,00
3507784;ZINO NICARAGUA TORO  (4);1;Estuche;27,60
3507785;ZINO NICARAGUA TORO (25);1;Caja;172,50
3507815;KINGSTON RED 100 G TPD;1;Lata;7,90
3507816;CAO HOMMAGE TO PILON TORO BOX 20 TPD;1;Caja;210,00
3507817;SIOUX ORIGINAL RED 100G LATA TPD;2;Lata;7,60
3507818;LA AURORA 107 NICARAGUA TRAINING KIT 5;1;Caja;42,00
3507822;PANTER POCKET RED 20 TPD;5;Lata;4,00
3507823;PANTER POCKET BLUE 20 TPD;5;Lata;4,00
3507828;MOON HABANA LUXURY  60 G TPD;1;Lata;5,70
3507835;NOBEL 22;10;Cajetilla;6,10
3507884;HOOKAIN KAFFA YAYO 200 G TPD;1;Bote;16,95
3507886;HOOKAIN MILLIONAIR 50 G TPD;6;Bote;4,80
3507887;HOOKAIN HIJO DE PRUT 50 G TPD;6;Bote;4,80
3507888;PANTER MINI FILTER GREEN 20;10;Lata;5,30
3507892;ELIXYR OPTIMAL CUT 250G (250 g);1;Lata;44,90
3507951;BIG BEN PIPE 200G;1;Lata;13,90
3507956;KING STORM 100'S;10;Cajetilla;5,00
3508058;MACANUDO INSP. BRAZILIAN SHADE (10);1;Caja;89,00
3508217;AQM BLACK BOX 50G TPD A;10;Caja;3,85
3508218;AQM GOLDEN ANNA 50G TPD A;10;Caja;3,85
3508219;AQM VIOLET DREAM 50G TPD A;10;Caja;3,30
3508220;AQM PURPLE TEENY 50G TPD A;10;Caja;3,30
3508221;AQM FANEX 50G TPD A;10;Caja;3,85
3508222;AQM RED FALL 50G TPD A;10;Caja;3,85
3508223;AQM KAMASUTRA 50G TPD A;10;Caja;3,85
3508224;AQM BLACK&WHITE 50G TPD A;10;Caja;3,30
3508229;AQM GREEN LEO 50G TPD A;10;Caja;3,85
3508230;LA FLOR DE CANO ELEGIDOS (3 ) TPD;1;Caja;20,10
3508231;AQM RED BALLS 50G TPD A;10;Caja;3,85
3508232;AQM ZERO 50G TPD A;10;Caja;3,85
3508233;AQM BABBEL 50G TPD A;10;Caja;3,30
3508234;MONTECRISTO WIDE EDMUNDO (10) TPD;1;Caja;263,00
3508235;MONTECRISTO WIDE EDMUNDO (25) TPD;1;Caja;657,50
3508237;PUNCH TRIUNFOS (5) TPD;1;Caja;59,50
3508238;QUAI D'ORSAY N.52 (10) TPD;1;Caja;227,00
3508240;RAFAEL GONZ. CORONAS DE LONSDALES 10 TPD;1;Caja;96,00
3508241;RAMON ALLONES Nº3 (10) TPD;1;Caja;222,00
3508305;HOOKAIN LAOZ 200 G TPD;1;Bote;16,95
3508307;HOOKAIN WHITE (950 G);1;Bote;75,00
3508335;DEL MAR NORTH BLUE  20 G TPD;10;Bolsa;1,70
3508338;DEL MAR SOUTH RED 20 G TPD;10;Bolsa;1,70
3508485;TARIFA SHISHA BIKINI  (50 G) TPD;10;Caja;3,50
3508486;TARIFA SHISHA DEMBOW (50 G) TPD;10;Caja;3,50
3508488;TARIFA SHISHA MALONE (50 G) TPD;10;Caja;3,50
3508489;TARIFA SHISHA PECADO (50 G) TPD;10;Caja;3,50
3508491;TARIFA SHISHA ARCTIC FLOW (50 G) TPD;10;Caja;3,50
3508776;GOLDEN VIRGINIA 5x50 G (50 G);5;Bolsa;15,50
3508834;MARLBORO CRAFTED KSB (20);10;Cajetilla;5,10
3508839;JPS AB BLUE STREAM 100S (20);10;Cajetilla;5,50
3508998;W.O.LARSEN EDITION 2022 100G TPD;3;Lata;20,10
3509033;CAMACHO LIBERTY 2021 LE (20);1;Caja;312,00
3509167;BRANIFF PLATINUM FILTER 100 (17) SUP;10;Estuche;2,90
3509168;BRANIFF LINEA D'ORO PLATINUM (ENV 17);10;Estuche;2,60
3509196;J.CORTES MINI DOMINICAN (20);5;Lata;11,50
3509197;J.CORTES MINI HONDURAS (20);5;Lata;11,50
3509283;DIPLOMATICOS COL PRIV II 10 TPD;1;Caja;215,00
3509355;MANITOU VIRG GREEN&VIRGINIA EX F.GRE DIS;1;Unidad;97,00
3509363;TEREA AMBER;10;Cajetilla;5,00
3509364;TEREA YELLOW;10;Cajetilla;5,00
3509365;TEREA TURQUOISE;10;Cajetilla;5,00
3509366;TEREA SIENNA;10;Cajetilla;5,00
3509368;TEREA RUSSET;10;Cajetilla;5,00
3509370;WEST BLUE 100 (20);10;Cajetilla;5,00
3509439;HOOKAIN X-TREME BLU BAY 50 G TPD;6;Bote;4,80
3509440;HOOKAIN GREEN CRACK 50G TPD;6;Bote;4,80
3509441;HOOKAIN WHITE BROWN 50 G TPD;6;Bote;4,80
3509452;APACHE HB RED (20);10;Cajetilla;4,50
3509473;NEWMINSTER NEGRO 10x20 SUP;10;Estuche;2,80
3509474;NEWMINSTER NEGRO 100´s (17) SUP;10;Estuche;2,80
3509484;EASTWOOD ORIGINAL BLEND 200 G TPD;1;Lata;15,75
3509485;EASTWOOD VIRGINIA BLEND 100 G TPD;1;Lata;7,90
3509653;WTF! SHISHARILLO 400 DIP;1;Unidad;114,00
3509673;BULLBRAND WHITE/GOLD F.C MIXED DISP 200;1;Unidad;26,00
3509675;BURTON ORIGIN RED FILTER 17 DISPLAY 170;1;Unidad;23,00
3509757;NUSO BROWN (20);10;Cajetilla;3,00
3509760;CAO MORTAL COIL TORO LE 20 ES;1;Caja;200,00
3509761;MACANUDO INSPIRADO ORANGE GIGANTE 20;1;Caja;130,00
3509762;MACANUDO INSPIRADO ORANGE ROBUSTO 20;1;Caja;118,00
3509763;SILENCIO BLACK GIGANTE 25 ES;1;Caja;337,50
3509764;SILENCIO BLACK SUPREMO 25 ES;1;Caja;325,00
3509784;MANITOU NATIVO BLEND NO.5 BLUE (20);10;Cajetilla;4,80
3509791;CAMEL FILTER 23s;10;Cajetilla;6,60
3509794;NOBEL 30 GR;10;Bolsa;7,10
3509881;DAVIDOFF YEAR OF THE TIGER(10);1;Caja;330,00
3509886;JOSE L. PIEDRA PET. CAZ 12 TPD;1;Caja;22,80
3509905;STANLEY ORIGINAL BLEND 20 G;10;Bolsa;1,50
3509906;STANLEY ORIGINAL BLEND 100G;1;Lata;7,50
3509907;STANLEY ORIGINAL BLEND 999G;1;Lata;69,00
3509908;STANLEY ORIGINAL BLEND 380G;1;Bote;69,00
3509934;FAIRGREEN ARTESANO CLASSIC 30G TT;5;Bolsa;5,50
3509935;FAIRGREEN ARTESANO FINE 30G TT;5;Bolsa;5,50
3510064;WHIM 30G;10;Bolsa;5,50
3510085;LUCKY STRIKE XL 23;10;Cajetilla;6,15
3510094;TOSCANO MASTER AGED SERIE 1 (30);1;Caja;135,00
3510095;TOSCANO MASTER AGED SERIE 2 (30);1;Caja;135,00
3510096;TOSCANO MASTER AGED SERIE 3 (30);1;Caja;135,00
3510098;TEREA TEAK;10;Cajetilla;5,00
3510106;DUCADOS DARK BLUE 22;10;Cajetilla;6,80
3510107;WEST 67G EL;3;Lata;15,15
3510108;WEST 83G EL;1;Bolsa;18,85
3510116;HOOKAIN WHITE BROWN 200 G TPD;1;Bote;16,95
3510149;DUCADOS RUBIO EXTRA 22;10;Cajetilla;5,50
3510254;REIG 1 (4);10;Estuche;1,30
3510271;DUCADOS RED EXTRA (20);10;Cajetilla;5,10
3510286;KING STORM;10;Cajetilla;5,00
3510296;JOCKEY ORIGINAL RED 200G;1;Bote;14,95
3510315;DAVIDOFF ROYALTY;5;Lata;17,20
3510555;VEGAFINA NICARAGUA GRAN VULCANO (10);1;Caja;65,00
3510576;VEGAFINA 1998 VF46 (10);1;Caja;63,00
3510588;AMERICAN SPIRIT ORIGINAL ORANGE 30GR;5;Bolsa;6,90
3510612;DAVIDOFF W.CH LE 2022 PERFECT (10);1;Caja;243,00
3510624;PANTER POCKET FILTER SWIRL RED (10);10;Caja;2,20
3510625;PANTER POCKET FILTER SWIRL BRONZE (10);10;Caja;2,20
3510626;SIGNATURE FINOS FILTER BEIGE (20);5;Caja;4,40
3510631;WEST FC LOTE;1;Unidad;80,00
3510633;LA ESTRELLA POLAR ROTHSCHILD 20;1;Caja;55,00
3510638;JPS FRESH KS BOX (20);10;Cajetilla;5,50
3510659;ALLURE TABAC  (40);6;Cajetilla;9,60
3510695;SHISHA KARTEL PLATA O PLOMO 50G TPD F;10;Caja;4,95
3510696;SHISHA KARTEL CAPO DEI CAPI 50G TPD F;10;Caja;4,95
3510706;JOCKEY ORIGINAL RED 100G;2;Lata;7,60
3510708;FAIRGREEN MIXED 2 X 5 DIS;1;Unidad;55,00
3510721;JOSE L. PIEDRA CAZADORES (12)TPD;1;Caja;26,40
3510723;JOSE L. PIEDRA CONSERVAS(12) TPD;1;Caja;26,40
3510729;SAN PEDRO D MACORIS ECUAD PERLA 20 WB ES;1;Caja;69,00
3510730;SAN PEDRO D MACORIS ECUA ROBUST 20 WB ES;1;Caja;81,00
3510744;ADALYA CHWNG WATERLOO 50G A;10;Caja;3,85
3510745;ADALYA APPGRADE 50G A;10;Caja;3,85
3510746;ADALYA BLUE LYCH 50G A;10;Caja;3,85
3510765;HANDELSGOLD BLOND CIGARRITOS 5 TPD;10;Estuche;1,20
3510766;HANDELSGOLD CLASSIC CIGARRITOS 5 TPD;10;Estuche;1,20
3510767;LEON JIMENES PRESTIGE ROBUSTO TUB 10;1;Caja;72,00
3510768;LEON JIMENES CONNECTICUT ROBUSTO (25);1;Caja;142,50
3510772;LUCKY STRIKE TWIST (20);10;Cajetilla;5,60
3510831;REIG PLATINUM FILTER (10) SUP;10;Estuche;3,30
3510832;REIG PLATINUM FILTER (4) SUP;10;Estuche;1,40
3511097;DENIM CRYSTAL PURPLE FILTER CIGAR 17 TPD;10;Estuche;2,50
3511098;DENIM ARCTIC BLUE FILTER CIGAR (17) SUP;10;Estuche;2,50
3511099;DENIM FROZEN GREEN FILTER CIGA17 TPD SUP;10;Estuche;2,50
3511106;MANITOU NATIVO DISPLAY;1;Unidad;96,00
3511107;HORIZON BLOND 40 GR;10;Bolsa;8,90
3511114;L&B BLUE FUSION (20);10;Cajetilla;6,75
3511115;RICHMOND SUPERKINGS GREEN FILTER;10;Cajetilla;7,15
3511126;AUSTIN RED 22 (22);8;Cajetilla;5,10
3511127;DUCAL RED 22 (22);8;Cajetilla;5,10
3511194;KASTEELHEER (10);10;Estuche;2,40
3511195;KEOPS ORIGINAL BLEND 100G;1;Lata;7,60
3511210;MACANUDO INSPIRADO LIMITED ED 2022 (10);1;Caja;100,00
3511216;HORIZON CRAFTED 30G;10;Bolsa;6,80
3511229;NEWS SELECTION;10;Cajetilla;5,75
3511231;LA AURORA 107 NICARAGUA BELICOSO (20);1;Caja;159,00
3511232;LA AURORA PURO VINTAGE 2008 (8);1;Caja;118,40
3511233;LEON JIMENES CONNECTICUT N 5 (25);1;Caja;112,50
3511284;HOOKAIN VIRGIN BATLUVA 50 G TPD;6;Bote;4,80
3511285;LUCKY STRIKE RED XL 40S;5;Cajetilla;10,50
3511287;PALMERITOS CORONAS (25);1;Caja;15,00
3511288;PALMERITOS CORONAS (10);1;Caja;6,00
3511340;EASTENDERS ORIGINAL BLEND 20G;10;Bolsa;1,50
3511341;EASTENDERS ORIGINAL BLEND 100G;1;Bote;7,90
3511378;CLUBMASTER MINI RED 300 DISPLAY TPD;1;Unidad;90,00
3511379;MISSISIPI  BROWN BOLSA 100 G;4;Bolsa;7,70
3511380;ALLURE GLACIER (40);6;Cajetilla;9,60
3511385;EASTWOOD ORIGINAL BLEND 30 G;1;Lata;2,50
3511391;DJANGO DIABLO 30G TT;5;Bolsa;6,20
3511392;DJANGO BLUE 30G TT;5;Bolsa;6,20
3511420;CASA DE GARCIA SUMATRA WIDE SHORT 10;1;Estuche;16,00
3511502;CAO AMAZON BASIN AGED 18 WB ES;1;Caja;126,00
3511519;APACHE HB BLUE (20);10;Cajetilla;4,50
3511542;FORTUNA ORIGINAL 24;8;Cajetilla;6,15
3511558;SAN PEDRO D MACORIS BRAZIL PERL 20 WB ES;1;Caja;69,00
3511559;SAN PEDRO D MACORIS BRAZ ROBUST 20 WB ES;1;Caja;81,00
3511643;CONVICTO CORONAS (10);1;Estuche;6,00
3511644;CONVICTO CORONAS (25);1;Estuche;15,00
3511645;CONVICTO CORONAS CELOFAN (25);1;Estuche;15,00
3511646;CONVICTO MINIS (10);1;Estuche;2,65
3511647;CONVICTO TUBOS (25);1;Caja;30,00
3511748;ST. LOUIS BLUES YELLOW FILTER (10) SUP;5;Estuche;2,90
3511749;ST. LOUIS BLUES RED FILTER (10) SUP;10;Estuche;2,90
3511751;NEWS&CO ROUGE 21S LIMITED EDITION (21);10;Cajetilla;4,85
3511778;CHRONOS NOCTIS TOBACCO 50 GR;10;Caja;3,95
3511779;CHRONOS ONE SECOND TOBACCO 50 GR;10;Caja;3,95
3511780;CHRONOS KAIROS TOBACCO 50 GR;10;Caja;3,95
3511781;CHRONOS PAUSE TOBACCO 50 GR;10;Caja;3,95
3511782;CHRONOS OCCASUM TOBACCO 50 GR;10;Caja;3,95
3511783;ALOHA LOS LOCOS 50 GR;5;Caja;3,30
3511784;HATER TOBACCO CHEATER 50 GR;10;Caja;3,50
3511785;HATER TOBACCO FAN BOY 50 GR;10;Caja;3,50
3511786;HATER TOBACCO WTF 50 GR;10;Caja;3,50
3511787;HATER TOBACCO NOOB 50 GR;10;Caja;3,50
3511788;ALOHA AMERICAN 50 GR;5;Caja;3,30
3511789;ALOHA MAVERICK 50 GR;5;Caja;3,30
3511790;ALOHA PACIFIC 50 GR;5;Caja;3,30
3511791;ALOHA SPLASH 50 GR;5;Caja;3,30
3511792;HATER RAT BOY 50 GR;10;Caja;3,50
3511799;EXO BLUE 10;10;Caja;2,40
3511801;EXO FILTER 10;10;Caja;2,40
3511803;EXO RED FILTER 10;10;Caja;2,40
3511839;SHISHA KARTEL SEXY SHEBA 50G TPD F;10;Caja;4,95
3511840;SHISHA KARTEL HAPPY HOUND 50G TPD F;10;Caja;4,95
3511842;SHISHA KARTEL BIG BAGMAN 50G TPD F;10;Caja;4,95
3511849;FLOR DE FILIPINAS ROBUSTO 10 TPD;1;Caja;7,00
3511850;FLOR DE FILIPINAS CORONAS 10;1;Caja;6,50
3511851;FLOR DE FILIPINAS SEÑORITA 10 TPD;1;Caja;6,00
3511885;CLUBMASTER SUPERIOR FILTER RED (20) SUP;10;Lata;5,90
3511911;MANITOU NATIVO NO.5 BLUE 30G TT;5;Bolsa;5,90
3511912;MANITOU NATIVO NO.8 RED 30G TT;5;Bolsa;5,90
3511913;BULLBRAND NEGRO EXTRA 30 G TT;5;Bolsa;5,80
3511964;VERAMIA 30G;10;Bolsa;6,05
3511965;CAO GOLD ROBUSTO 20 WB ES;1;Caja;128,00
3511966;CAO GOLD MADURO ROBUSTO 20 WB ES;1;Caja;136,00
3511969;AMIGOS POCKET RED FILTER AB 20;10;Caja;2,80
3511970;SHISHA KARTEL CAPO DEI CAPI 200G TPD F;1;Caja;17,95
3511972;SHISHA KARTEL SEXY SHEBA 200G TPD F;1;Caja;17,95
3511974;SHISHA KARTEL PLATA O PLOMO 200G TPD;1;Caja;17,95
3511975;SHISHA KARTEL CAPO DEI CAPI 950G TPD F;1;Bote;59,90
3511990;HANDELSGOLD WHITE (5);10;Estuche;1,20
3511991;HANDELSGOLD BROWN (5);10;Estuche;1,20
3512138;HATER TOBACCO SHOOTER 50 GR;10;Caja;3,50
3512162;WEST 46G;3;Bote;10,30
3512178;SIGNATURE SILHOUETTE BEIGE FLT 10;10;Estuche;2,90
3512179;SIGNATURE SILHOUETTE GREEN FLT 10;10;Estuche;2,90
3512189;CAO CAMEROON PERFECTO 20 WB ES;1;Caja;110,00
3512212;HORIZON VIRGINIA DARK GREEN 30 G;10;Bolsa;6,20
3512214;MACANUDO YEAR OF THE RABBIT 10 ES;1;Caja;150,00
3512222;LA TRIBU EXCLUSIVE MIXTURE 20 GR;10;Bolsa;1,70
3512228;LA TRIBU EXCLUSIVE MIXTURE 50 GR;1;Bote;3,90
3512229;LA TRIBU EXCLUSIVE MIXTURE 100 GR;3;Bote;7,60
3512232;MADEMOISELLE LA ROSE SSL;10;Cajetilla;4,60
3512233;MADEMOISELLE LA BLEUE SSL;10;Cajetilla;4,60
3512234;VILLIGER N7 (20);3;Estuche;20,00
3512235;VILLIGER N9 (10);5;Estuche;4,00
3512292;MADDOX2 BLUE (20);10;Cajetilla;4,50
3512301;AVO XO NOTTURNO TUBOS (20);1;Caja;220,00
3512302;ZINO NICARAGUA GORDO (4);1;Estuche;29,20
3512303;ZINO NICARAGUA GORDO (25);1;Caja;182,50
3512304;DAVIDOFF YEAR OF THE RABBIT (10);1;Caja;375,00
3512305;ZINO MINI NICARAGUA (20);5;Estuche;8,40
3512306;ZINO MINI RED (20);5;Estuche;8,40
3512307;TOSCANELLO ROSSO ORO (5);10;Estuche;5,10
3512317;MARLBORO CRAFTED 23;20;Cajetilla;5,75
3512318;MARLBORO CRAFTED 100s BOX 20;10;Cajetilla;5,25
3512321;NOBEL SSL (20);10;Cajetilla;5,00
3512322;NOBEL SSL FRESH (20);10;Cajetilla;5,00
3512334;LA FLOR DE LA ISABELA CORONA (10);1;Estuche;6,00
3512335;LA FLOR DE LA ISABELA MINI (10);1;Estuche;2,70
3512336;LA FLOR DE LA ISABELA CORONITAS (25);1;Estuche;10,00
3512388;WEST BOTE 30G;5;Bote;6,90
3512409;DENIM FRESH BREEZE 20;10;Cajetilla;4,60
3512447;BLACK JACK ORIGINAL BLEND 100 GR;1;Lata;7,95
3512460;PANTER POCKET FILTER GREEN 10;10;Caja;2,20
3512461;LA FLOR DE LA ISABELA CORONA (25) CELOFA;1;Caja;15,00
3512485;LA AURORA 107 NICARAGUA SUMO SHORT ROB20;1;Caja;125,00
3512486;LA AURORA 107 NICARAGUA ZEPPELIN 20;1;Caja;140,00
3512487;FLOR DE COPAN GORDITO (20) TPD;1;Caja;136,00
3512488;FLOR DE COPAN PERLA (25) TPD;1;Caja;87,50
3512489;FLOR DE COPAN ROTHSCHILD (20) TPD;1;Caja;128,00
3512490;FLOR DE COPAN SHORT MAGNUM (20) TPD;1;Caja;124,00
3512491;FLOR DE COPAN TITAN (20) TPD;1;Caja;174,00
3512492;AGING ROOM QUATTRO NICAR ESPRES (20) TPD;1;Caja;260,00
3512493;AGING ROOM QUATTRO NICAR MAEST (20) TPD;1;Caja;280,00
3512494;ADALYA SWEESS BOOM 200 G;1;Lata;14,00
3512495;ADALYA KIZZ 200 G;1;Lata;14,00
3512497;VERSO BLUE (20);10;Cajetilla;4,50
3512498;VERSO RED (20);10;Cajetilla;4,50
3512639;FLANDRIA SILVER 30 G TT;10;Bolsa;6,20
3512640;FLANDRIA GOLD 30 G TT;10;Bolsa;6,20
3512726;FM PLAY RED FILTER CIGAR (17);10;Estuche;2,20
3512732;TOSCANO MASTER AGED SERIE 4 (30);1;Caja;141,00
3512927;CAMEL YELLOW 100S;10;Cajetilla;5,90
3512931;DAVIDOFF MILLENNIUM ROBUSTO (25);1;Caja;580,00
3512932;DAVIDOFF MILLENNIUM TORO (4);1;Estuche;106,00
3512933;DAVIDOFF NICARAGUA SHORT CORONA (5);1;Estuche;60,00
3512934;DAVIDOFF SIGNATURE 6000 (4);1;Estuche;71,60
3512949;AUSTIN RED ORIGINALS;10;Cajetilla;4,70
3513023;NEOS MINI WHITE FILTER 20;10;Lata;5,00
3513064;AVO SEASONS SPRING LE 2023 (10);1;Caja;185,00
3513065;DAVIDOFF MILLENNIUM LANCERO LE 2023 (10);1;Caja;350,00
3513066;DAVIDOFF WINSTON CH LATE HOUR TORO 4;1;Estuche;116,00
3513067;DAVIDOFF WINSTON CH LATE HOUR TORO 20;1;Caja;580,00
3513079;BAKERSTREET 190 (90GR) DOYBAG;4;Bolsa;6,80
3513094;BRONX AMERICAN BLEND 30 G;1;Bote;5,50
3513122;D.TOMAS BRAZIL ROBUSTO 25 WB ES;1;Caja;110,00
3513123;D.TOMAS BRAZIL ROTHSCHILD 25 WB ES;1;Caja;102,50
3513133;CAO BX3 ROBUSTO 20 WB ES;1;Caja;134,00
3513134;CAO BX3 TORO 20 WB ES;1;Caja;146,00
3513135;SILENCIO LOS RIOS ROBUSTO 20 WB ES;1;Caja;270,00
3513136;SILENCIO LOS RIOS TORO 20 WB ES;1;Caja;290,00
3513137;SILENCIO BLACK ROBUSTO 25 WB ES;1;Caja;300,00
3513138;MACANUDO INSPIRADO ORANGE LANCERO 20 WB;1;Caja;128,00
3513139;EASTENDERS ORIGINAL BLEND 30G;1;Lata;2,50
3513140;VEGAFINA 1998 VF 56 (10);1;Caja;67,00
3513179;MADEMOISELLE LA FRESH SSL;10;Cajetilla;4,60
35134;FOR.VIZC.RTA.PATRIMONIO CAST.;1;Unidad;1,00
3513419;DENIM BLUE 100 (DURO);10;Cajetilla;4,60
3513429;H.MONTERREY EPICURE No.3  (10) TPD;1;Caja;238,00
3513430;H.MONTERREY EPICURE No.3  (25) TPD;1;Caja;595,00
3513433;LA GLORIA CUBANA TURQUINOS  (10) TPD;1;Caja;192,00
3513448;VEGUEROS CENTROGORDOS  (16) TPD;1;Caja;120,00
3513449;VEGUEROS CENTROGORDOS  (4);1;Caja;30,00
3513457;MACANUDO INSPIRADO TERCIO AGED TORO 10;1;Caja;110,00
3513458;PALMERITOS CORONAS TUBOS (20);1;Caja;24,00
3513459;PALMERITOS CORONAS CELOFAN (25);1;Caja;15,00
3513469;RIVERSTONE 5x50 (50G);5;Bolsa;10,50
3513470;RIVERSTONE 10x50 (50G);10;Bolsa;10,50
3513471;REDFIELD RED 30 G;1;Bote;5,50
3513495;BLACK DEVIL RED (20);10;Cajetilla;4,60
3513498;MARLBORO RED 40S;5;Cajetilla;11,70
3513500;CONVICTO CORONA ORIGINAL CAJA 25;1;Caja;30,00
3513501;CONVICTO CORONAS TUBOS 20;1;Estuche;24,00
3513537;CAO VISION TORO LE 30 PB ES;1;Caja;600,00
3513562;#NO NAME AMERICAN BLEND RED 30G TT;5;Bolsa;5,80
3513593;DUCAL RED 100S;10;Cajetilla;4,80
3513596;NOBEL ABSOLUTE;10;Cajetilla;5,95
3513643;AMERICAN CLUB (20);10;Cajetilla;4,50
3513644;CHESTERFIELD CIGARRITOS 10 S;20;Estuche;2,50
3513659;STANLEY ORIGINAL BLEND 500G;1;Lata;35,00
3513661;ELIXYR MAXX PIPE 140G;1;Bote;11,50
3513674;ADALYA BILLIONAIRE 50G;10;Caja;3,85
3513675;ADALYA BAGDADI 50G;10;Caja;3,85
35137;FOR.VIZC.RTA.PATRIMONIO EUSKERA;1;Unidad;1,00
3513706;VEGAFINA 1998 VF42L (10);1;Estuche;71,00
3513712;LA AURORA 107 ECUADOR BELICOSO (20);1;Caja;160,00
3513713;LA AURORA 107 ECUADOR GRAN TORO (20);1;Caja;155,00
3513714;LA AURORA 107 ECUADOR ROBUSTO (20);1;Caja;130,00
3513715;LA AURORA 107 ECUADOR SUMO SHT ROBUST 20;1;Caja;115,00
3513716;LA AURORA 107 ECUADOR TORO (20);1;Caja;147,00
3513717;LA AURORA 107 ECUADOR ZEPPELIN (20);1;Caja;133,00
3513718;LA AURORA 107 USA MADURO ROBUSTO (20);1;Caja;129,00
3513775;SHISHA KARTEL BOUNCER BRUNO 50 G TPD F;10;Caja;4,95
3513797;MOON HABANA 150 G BIG TPD;1;Lata;11,50
35138;FOR.VIZC.RENTA MANUAL;1;Unidad;1,00
3513803;CANARITOS SEÑORITAS MAZO (25);1;Estuche;10,00
3513804;CANARITOS CAJA 25 BREVAS CELOFANADAS;1;Caja;15,00
3513842;CAO AMAZON BASIN TORO 18 WB ES;1;Caja;144,00
3513854;AVO SEASONS SUMMER LE 2023 (10);1;Caja;190,00
3513864;SILENCIO SERIE M PROMINENTE 10 WB ES;1;Caja;299,00
3513883;LUCKY STRIKE ECLIPSE 21 E.L (21);10;Cajetilla;5,60
3513913;DAVIDOFF SIGNATURE N.2 TUBOS (20);1;Caja;440,00
3513914;DAVIDOFF NICARAGUA 10 th ANNIVERSARY 12;1;Caja;456,00
3513951;MACANUDO INSPIRADO JAMAO 20;1;Caja;240,00
3513954;KING RED 25 S;8;Cajetilla;5,60
35140;FOR.VIZC.RTA SOBRE CAMPAÑA;1;Unidad;0,10
3514073;VEGAFINA 1998 VF44S (25);1;Estuche;103,75
3514079;NEO GOLDEN TOBACCO (20);10;Cajetilla;4,00
3514096;MONTOSA SHORT ROBUSTO (20);1;Estuche;108,00
3514097;MONTOSA TORO (20);1;Estuche;116,00
3514098;MONTOSA ROBUSTO (20);1;Estuche;112,00
3514102;LA PERLA DE LUZON CORONAS BUNDLE 20;1;Estuche;13,00
3514103;LA PERLA DE LUZON SEÑORITAS 20;1;Estuche;13,00
3514104;LA PERLA DE LUZON ROBUSTO 20;1;Estuche;14,00
3514105;NEWS RED 135 G;2;Lata;30,40
3514118;SILENCIO LIMITED EDITION 2023 (10);1;Caja;200,00
3514136;AMSTERDAMER XXX HIMALAYA 30 G TT;5;Bolsa;5,80
3514138;AMSTERDAMER XXX KASHMIR 30G TT;5;Bolsa;5,80
3514139;NUSO BLUE (20);10;Cajetilla;3,00
3514140;NUSO YELLOW (20);10;Cajetilla;3,00
3514224;DAVIDOFF MILLENNIUM ROBUSTO (4);1;Estuche;92,80
3514229;BUCANERO ORIGINAL CAÑERO (5);10;Estuche;3,00
3514230;BUCANERO LOKO ICE (5);10;Estuche;3,00
3514231;BUCANERO GOLDEN FLOW (5);10;Estuche;3,00
3514245;FRATERNITE ROUGE (20);10;Cajetilla;4,60
3514317;ZINO NICARAGUA HALF CORONA (5);1;Lata;24,50
3514319;AVO SEASONS FALL LE 2023 (10);1;Caja;190,00
3514374;FM PLAY WHITE FILTER CIGAR (17);10;Estuche;2,20
3514377;AMSTERDAMER FINE CUT 600G TT;1;Unidad;124,00
3514381;WTF! SHEEESH SHISHARILLOS TIPSY (05);10;Estuche;2,20
3514382;WTF! SQUAD SHISHARILLOS TIPSY (05);10;Estuche;2,20
3514383;WTF! CRAY SHISHARILLOS TIPSY (05);10;Estuche;2,20
3514384;WTF! LIT SHISHARILLOS TIPSY (05);10;Estuche;2,20
3514386;ADALYA BERLIN NIGHTS 1000 G TPD;1;Lata;65,00
3514387;ADALYA BLUE I'SS 1000 G TPD;1;Lata;65,00
3514388;ADALYA MANKO TANKO I'SS 1000 G TPD;1;Lata;65,00
3514391;ADALYA I'SS LIE ON THE ROCKS 1000 G TPD;1;Lata;65,00
3514393;ADALYA SWEESS BOOM 1000 G TPD;1;Lata;65,00
3514417;AMSTERDAMER XXX 300G TT;1;Unidad;58,00
3514418;HOOKAIN FYL BIG TOY 200G TPD;1;Lata;16,95
3514465;ELIXYR RED 22;8;Cajetilla;5,25
3514466;ELIXYR MAXX PIPE 20G;10;Bolsa;1,50
3514483;NUSO YELLOW DEVICE (200);1;Unidad;30,00
3514484;NUSO BLUE DEVICE (200);10;Unidad;30,00
3514485;AL FAKHER YELLOW 50G TPD F;10;Caja;4,70
3514487;AL FAKHER GRAPIO NIGHT 50G TPD F;10;Caja;4,70
3514491;HANDELSGOLD FINE CORONA (5);10;Estuche;2,50
3514507;FM PLAY SQUIZZ FILTER CIGAR (17);10;Estuche;2,60
3514519;FAIRGREEN ARTESANO 300 DISPLAY TT;1;Unidad;55,00
3514539;DUCADOS RUBIO CIGARRITOS (10);20;Estuche;2,00
3514544;MARLBORO CRAFTED ARCTIC (20);10;Cajetilla;5,50
3514545;AUSTIN BLUE 100´S;10;Cajetilla;4,75
3514547;LA AURORA ESCOGIDOS TORO (20);1;Caja;160,00
3514548;LA AURORA ESCOGIDOS ROBUSTO (20);1;Caja;152,00
3514549;LA AURORA ESCOGIDOS SHORT ROBUSTO (20);1;Caja;146,00
3514550;LA AURORA 120 ANIVERSARIO TORO (20);1;Caja;198,00
3514551;LA AURORA 120 ANIVERSARIO CHURCHILL (20);1;Caja;204,00
3514552;LA AURORA 120 ANIVERSARIO ROBUSTO (20);1;Caja;186,00
3514558;WINSTON SELECTION 20s;10;Cajetilla;5,10
3514559;WINSTON SELECTION 100s;10;Cajetilla;5,25
3514567;DUCADOS RUBIO EXTRA 30GR;10;Bolsa;6,60
3514599;ALEC BRADLEY BLACK MARKET PUNK 24;1;Caja;139,20
3514600;ALEC BRADLEY BLACK MARKET ROBUSTO 24;1;Caja;187,20
3514601;ALEC BRADLEY GATEKEEPER ROBUSTO 24;1;Caja;220,80
3514602;ALEC BRADLEY GATEKEEPER TORO 24;1;Caja;240,00
3514603;ALEC BRADLEY PRENSADO CHURCHILL 24;1;Caja;256,80
3514645;LE BARON 150 G;1;Bolsa;10,50
3514646;WTF! TIPSY DISPLAY(100);1;Unidad;44,00
3514652;HOOKAIN ALMAN (50 GR);6;Bote;4,80
3514653;HOOKAIN WHITE ALMAN (200 GR);1;Bote;16,95
3514686;EASTWOOD ORIGINAL BLEND 999 G;1;Lata;70,00
3514738;CASA DE GARCIA SUMATRA CORONAS 10 BUNDLE;1;Estuche;17,00
3514747;SILENCIO BLUE ROBUSTO 20;1;Caja;260,00
3514748;SILENCIO BLUE TORO 20;1;Caja;272,00
3514749;AL CAPONE GOLD FILTER (4);10;Estuche;1,20
3514750;CLUBMASTER MINI VERTICAL DSP 3*5 300 23;1;Unidad;70,50
3514751;M BY MACANUDO DARK TORO FRESHPACK 2x6(2);1;Caja;12,00
3514752;CAO MEDIO TIEMPO ROBUSTO 20;1;Caja;180,00
3514753;CAO MEDIO TIEMPO MAGNIFICO 20;1;Caja;200,00
3514754;MACANUDO INSP WHITE ROBU FRESHPACK 3x6(3;6;Caja;18,75
3514755;MACANUDO INSP WHITE ROBUSTO ALU TUBE 10;1;Caja;75,00
3514757;SILENCIO LOS RIOS TORO METAL SQUARE TB20;1;Caja;330,00
3514764;CAMEL YELLOW 40s;5;Cajetilla;11,30
3514802;BLACK JACK ORIGINAL CIGAR (5);4;Estuche;2,50
3514804;DAVIDOFF MILLENNIUM PIRAMIDES (10);1;Caja;286,00
3514806;AVO SEASONS WINTER LE 2023 (10);1;Caja;190,00
3514808;AL CAPONE KIT PARTY BOX (60) ABR24;1;Unidad;18,00
3514809;CAMACHO CONNECTICUT ROBUSTO TUBOS (20);1;Caja;184,00
3514811;CAMACHO COROJO ROBUSTO TUBOS 20;1;Caja;184,00
3514812;DAVIDOFF ANIVERSARIO DOBLE R (25);1;Caja;875,00
3515097;FORTUNA GO POCKET;10;Cajetilla;5,65
3515100;FORTUNA GO KS (20);10;Cajetilla;5,50
3515101;FORTUNA GO 23;8;Cajetilla;5,75
3515102;FORTUNA GO BLANDO (20);10;Cajetilla;5,50
3515103;FORTUNA GO LARGO;10;Cajetilla;5,50
3515122;ALEC BRADLEY PRENSADO ROBUSTO 24;1;Caja;230,40
3515134;CHESTERFIELD ORIGINAL 25s (25) S2;8;Cajetilla;6,80
3515146;VEO GREEN CLICK;10;Cajetilla;4,00
3515148;VEO SCARLET CLICK;10;Cajetilla;4,00
3515150;VEO PURPLE CLICK;10;Cajetilla;4,00
3515480;SHISHA KARTEL BIG BAGMAN 200G TPD F;1;Caja;17,95
3515652;FLOR DE COPAN CORONA (20)-NW;1;Caja;106,00
3515663;DUCADOS RUBIO EXTRA 29;8;Cajetilla;7,50
3515664;LA FINCA No3 (25) TPD;1;Caja;77,50
3515665;FORTUNA GO 37;8;Cajetilla;9,85
3515666;FORTUNA GO 46;6;Cajetilla;11,90
3515667;DUCADOS RUBIO EXTRA 40;8;Cajetilla;10,00
3515668;FORTUNA GO 29;8;Cajetilla;7,80
3516194;PARTAGAS CULEBRAS CH. (3)-NW;3;Estuche;39,00
3516236;ROM Y JUL ROMEO N1 (25) T-NW;1;Caja;290,00
3516303;JPS BLUE (240G);1;Bote;55,50
3516304;VEGAFINA VF 98 VF46 TUBO (3) TPD;1;Estuche;20,70
3516305;VEGAFINA VF 98 VF50 TUBO (3) TPD;1;Estuche;19,80
3516307;VEGAFINA VF 98 VF52 TUBO (3) TPD;1;Estuche;21,60
3516309;VEGAFINA VF 98 VF54 TUBO (3) TPD;1;Estuche;23,40
3516310;VEGAFINA VF NI VULCANO TUBO (3) TPD;1;Estuche;18,60
3516885;COHIBA WIDE SHORT (6) TPD;10;Caja;19,80
3516886;KING GOLD (20);10;Cajetilla;4,60
3516887;KING GOLD 100S (20);10;Cajetilla;4,70
3516888;KING SILVER (20);10;Cajetilla;4,60
3516889;KING SILVER 100S (20);10;Cajetilla;4,70
3516890;DOMINGO NEGRO 100G;4;Bote;23,70
3516960;VEGAFINA VF S2 SHORT MAGNUM (25)-NW;1;Caja;133,75
3516961;AL FAKHER EXOTIC ESCAPE 50G TPD F;10;Caja;4,80
3516962;AL FAKHER TROPIC TREAT 50G TPD F;10;Caja;4,80
3517019;LUCKY STRIKE RICH  FOR GLO;10;Cajetilla;4,00
3517020;LUCKY STRIKE GOLD  FOR GLO;10;Cajetilla;4,00
3517328;LA TRIBU XXL 150 GR;1;Bote;11,10
3517329;VASCO DA GAMA N.2 CLARO (5);5;Estuche;5,00
3517330;VASCO DA GAMA N.2 MADURO (5);5;Estuche;5,00
3517361;DISPLAY MAC BAREN MIXTURE ED.LIMITADA;1;Unidad;130,00
3517425;AL FAKHER BIG GREEN (5000 G) TPD F;1;Bote;225,00
3517426;AL FAKHER THE DOUBLE CRUNCH (5000 G) TPD;1;Bote;225,00
3517442;BRANIFF LINEA D'ORO RED (ENV 17);10;Estuche;2,60
3517443;BRANIFF LINEA D'ORO WHITE (ENV 17);10;Estuche;2,60
3517444;BRANIFF LINEA D'ORO NEGRO (ENV 17);10;Estuche;2,60
3517445;VILLIGER SUNNY MINI FILTER 5x20 ES TT;5;Lata;5,00
3517446;VILLIGER TUBOS GREEN 1x20 ES;1;Caja;2,00
3517473;ROLL´S WHITE EXCLUSIVE (EL ENVASE DE 17);10;Estuche;2,60
3517474;ROLL´S RED EXCLUSIVE (EL ENVASE DE 17);10;Estuche;2,60
3517475;DISPLAY BRANIFF LINEA D´ORO CAJA 800 TT;1;Unidad;132,00
3517476;DISPLAY BRANIFF 100  680 TT;1;Unidad;116,00
3517478;DAVIDOFF MILLENNIUM ROBUSTO TUBOS (20);1;Caja;484,00
3517479;DAVIDOFF WINSTON CHURCHILL CHURCHILL 20;1;Caja;506,00
3517480;DAVIDOFF WINSTON CH LATE HOUR PET PAN 5;1;Lata;44,00
3517493;CANALEÑOS VIRGINIA 30G TT;10;Bolsa;5,95
3517514;MADEMOISELLE LA PLUS;10;Cajetilla;4,60
3517515;ELIXYR CHOICE;10;Cajetilla;5,00
3517531;WINSTON SELECTION 22s;10;Cajetilla;5,50
3517588;SHISHA KARTEL FATAL FRENZY 50G TPD F;10;Caja;4,50
3517602;VEO ARCTIC CLICK;10;Cajetilla;4,00
3517609;CHESTERFIELD LABEL LARGO 20;10;Cajetilla;5,10
3517610;CHESTERFIELD LABEL 20;10;Cajetilla;5,00
3517645;GOLDEN VIRGINIA AMBER 40G;10;Bolsa;11,50
3517646;W.O.LARSEN EDITON 2025 (100G);3;Lata;24,50
3517648;JPS FULL RED (20);10;Cajetilla;5,15
3517649;HENRY CLAY WHK CORONA (25)-NW;1;Caja;147,50
3517650;HENRY CLAY WHK LONSDALE (25)-NW;1;Caja;193,75
3517651;HENRY CLAY WHK ROBUSTO (25)-NW;1;Caja;186,25
3517652;HENRY CLAY WHK TORO (25)-NW;1;Caja;203,75
3517657;H UPMANN REGALIAS (25)-NW;1;Caja;267,50
3517722;HOOKAIN WHITE BLOWTUS 200 G;1;Lata;16,95
3517723;HOOKAIN WHITE BLOWTUS 50 G;6;Bote;4,80
3517736;BONESHAKER MORNING STAR (20)-NW;1;Caja;128,00
3517953;CAPITOL SWING (10)-NW;1;Caja;79,00
3517955;FM PLAY MIX DISPLAY (510);1;Unidad;70,00
3517964;BRONX Virginia Blend papel (30g);5;Bolsa;5,50
3518232;VILLIGER 1888 CORONA 1X20 ES;1;Caja;140,00
3518233;VILLIGER 1888 ROBUSTO 1X20 ES;1;Caja;150,00
3518234;VILLIGER 1888 NICARAGUA CORONITA 1X20 ES;1;Caja;150,00
3518235;VILLIGER 1888 NICARAGUA ROBUSTO 1X20 ES;1;Caja;170,00
3518236;VILLIGER 1492 ROBUSTO 1X20 ES;1;Caja;160,00
3518237;VILLIGER 1492 CORONA 1X20 ES;1;Caja;150,00
3518489;TORRES QUART CAMPEROS (120) TT;12;Estuche;120,00
3518490;TORRES QUART CAMPEROS (10) TT;10;Estuche;10,00
3518491;EL CAVALLER MARINEROS (25) TT;2;Estuche;25,00
3518492;EL CAVALLER MARINEROS (10) TT;10;Estuche;10,00
3518910;VEGAFINA VF NI TERRA (25)-NW;1;Caja;145,00
3519176;FLEUR DE LYS BLOND 40G TTE;5;Bolsa;7,90
3519451;CAO ARCANA SERIES THUNDER SMOKE TORO 20;1;Caja;220,00
3519452;MACANUDO EMISSARY PERFECTO 16 TT;1;Caja;206,40
3519453;MACANUDO EMISSARY ROBUSTO 16 TT;1;Caja;174,40
3519454;SILENCIO SERIE M DOUBLE ROBUSTO 10 TT;1;Caja;299,00
3519499;MARLBORO CRAFTED SELECTION (65 g);4;Lata;15,15
3519500;HANDELSGOLD CIGARRITOS SUN 5 TT;10;Estuche;1,20
3519501;HANDELSGOLD CIGARRITOS PURPLE 5 TT;10;Estuche;1,20
3519546;ESSE BLUE;10;Cajetilla;4,80
3519547;ESSE RED;10;Cajetilla;4,80
3519651;AMBER LEAF VIRGINIA SELECTO 30 GR;5;Bolsa;6,80
3519703;BLACK JACK ORIGINAL BLEND 200 GR TT;1;Bote;14,20
3519705;MIX BURTON;1;Unidad;94,50
3519843;FORTUNA ORIGINAL 40 LIMITED EDITION (40);8;Cajetilla;10,35
3519847;VEO RUBY TWIST;10;Cajetilla;4,00
3519848;VEO TROPICAL TWIST;10;Cajetilla;4,00
3519862;FLANDRIA SAUVAGE 65G TT;1;Lata;13,45
3519876;DENIM RED AMERICAN BLEND (29);8;Cajetilla;6,50
3519881;LOOK OUT HOLLAND CLASSIC 40 G TT;10;Bolsa;8,00
3519893;AL FAKHER BIG RED SPLASH 50G TT;10;Caja;4,70
3520048;AL FAKHER BIG RED SPLASH 250G TT;1;Caja;19,95
3520051;REDS AMERICAN BLEND KS RC 20S;10;Cajetilla;4,60
3520052;BUSINESS ROYALS RED KS RC 20S;10;Cajetilla;4,80
3520053;BUSINESS ROYALS BLUE KS RC 20S;10;Cajetilla;4,80
3520072;HAMPTON PIPE NEGRO 30G;10;Bolsa;2,90
3520092;NEWMINSTER EDICIÓN ESPECIAL B DISPLAY TT;1;Unidad;84,00
3520397;BRANIFF LINEA D'ORO DISPLAY 510 TT;1;Unidad;78,00
3520467;DISPLAY AMSTERDAMER HIMALAYA (150G);1;Unidad;29,00
3520468;DISPLAY AMSTERDAMER KASHMIR (150G);1;Unidad;29,00
3520482;ELIXYR RED 40´S.;5;Cajetilla;9,30
3520507;THE TURNER ORIGINAL (30G) TT;5;Bolsa;5,85
3520508;THE TURNER VIRGINIA GREEN (30G) TT;5;Bolsa;5,85
3520509;THE TURNER VIRGINIA WHITE (30G) TT;5;Bolsa;5,85
3520510;THE TURNER DARK (30G) TT;5;Bolsa;5,85
3520514;DUCADOS RUBIO EXTRA 46G;3;Bote;10,20
3520615;ROLL'S EXC. 17 ED. SP. SEP 340 TT;1;Unidad;52,00
3520641;PARAMOUNT RED BOX 20s;10;Cajetilla;4,85
3520724;SILENCIO D´OR CANONAZO (20);1;Caja;310,00
3520726;SILENCIO D´OR ROBUSTO (20);1;Caja;290,00
3520756;Alec Bradley Bl Market Shamrock Toro 10;1;Caja;142,00
3520757;Alec bradley Chunk Maduro XL 4x60 20;1;Caja;150,00
3520758;Alec Bradley Fine and Rare 2024 10;1;Caja;230,00
3520759;Alec Bradley Texas Lancero 10;1;Caja;105,00
3520761;CAO Cameroon Robusto 20;1;Caja;130,00
3520763;Silencio Riviera Robusto 20;1;Caja;260,00
3520764;Macanudo Inspirado Red Toro 20;1;Caja;128,00
3520833;DANNEMANN MB10 (100) RCGOTAS DISP ENE 25;1;Unidad;35,00
3520842;DANNEMANN MOODS KIT PARTY BOX (120);1;Unidad;42,00
3520843;REIG KIT PARTY BOX (120);1;Unidad;38,00
3520844;SILENCIO RIVIERA PERFECTO 10;1;Caja;180,00
3520982;MAC BAREN ROYAL TWIST (100G) TTE;5;Lata;25,50
3521195;DAVIDOFF YEAR OF THE SNAKE (10);1;Caja;620,00
3521197;DAVIDOFF GRAND CRU DIADEMAS FINAS(10);1;Caja;570,00
3521198;DAVIDOFF MADURO TORO (20);1;Caja;1080,00
3521199;DAVIDOFF MADURO SHORT CORONA (20);1;Caja;840,00
3521200;DAVIDOFF MADURO ROBUSTO  (20);1;Caja;1000,00
3521203;ZINO NICARAGUA  SHORT PURITOS (10);5;Estuche;8,00
3521319;NOBEL KS BOX 40;8;Cajetilla;10,50
3521324;ADALYA HAWAII 990 G;1;Lata;65,00
3521325;ADALYA KIZZ 2.0 990 G;1;Lata;65,00
3521326;ADALYA L.KILL 990 G;1;Lata;65,00
3521327;ADALYA LOVE66 990 G;1;Lata;65,00
3521328;ADALYA BRLIN NIGHTS 990 G;1;Lata;65,00
3521329;ADALYA BLUE I'SS 990 G;1;Lata;65,00
3521331;ADALYA MANKO TANKO I'SS 990 G;1;Lata;65,00
3521332;ADALYA SWEES BOOM 990 G;1;Lata;65,00
3521333;BLUE HORSE MI AMOR  990 G;1;Lata;65,00
3521544;NOBEL KS BOX 28;8;Cajetilla;7,65
3521545;DAVIDOFF ORO BLANCO 111 YEARS (1);1;Caja;750,00
3521550;TOSCANO ROBUSTO (8) TTE;1;Caja;17,60
3521551;TOSCANO ROBUSTO (4) TTE;10;Caja;8,90
3521756;HOOKAIN ANGRY DRAGON 200 G;1;Lata;16,95
3521757;HOOKAIN ANGRY GREEN DRAGON 50 G;6;Bote;4,80
3521758;HOOKAIN ANGRY GREEN DRAGON 200 G;1;Lata;16,95
3521759;HOOKAIN ANGRY PIC DRAGON 50 G;6;Bote;4,80
3521760;HOOKAIN ANGRY PIC DRAGON 200 G;1;Lata;16,95
3521761;HOOKAIN ANGRY RED DRAGON 50 G;6;Bote;4,80
3521762;HOOKAIN ANGRY RED DRAGON 200 G;1;Lata;16,95
3521763;HOOKAIN DUBAI STACHIO 50 G;6;Bote;4,80
3521764;HOOKAIN DUBAI STACHIO 200 G;1;Lata;16,95
3521765;HOOKAIN ANGRY DRAGON 50 G;6;Bote;4,80
3521768;WEST RED KS BOX 40;8;Cajetilla;10,00
3521905;GUAJIRO TROMPETAS 5 TT;5;Estuche;2,10
3521979;MARLBORO CRAFTED  35;5;Cajetilla;8,70
3522010;DISPENSADOR MIX NOB28 NOB40;1;Unidad;145,20
3522108;NEOS MINI RED XTRA-S FILTER (20);10;Lata;5,00
3522113;DISPENSADOR HORIZON VIRG 30G LATA;1;Unidad;120,00
3522114;AL CAPONE DUO FILTER (10) FP TTE;10;Estuche;2,70
3522116;AL CAPONE DUO FILTER (4) FP TTE;10;Estuche;1,20
3522372;TEREA CLASSIC GOLD;10;Cajetilla;5,00
3522373;TEREA CLASSIC RED;10;Cajetilla;5,00
3522427;AL CAPONE KIT PARTY BOX (120);1;Unidad;36,00
3522439;DUCAL PICADURA DE LIAR (30G);10;Bolsa;5,55
3522440;AVO HERITAGE SPECIAL TORO (20);1;Caja;238,00
3522441;AVO HERITAGE ROBUSTO (20);1;Caja;210,00
3522442;AVO HERITAGE SHORT ROBUSTO (20);1;Caja;184,00
3522443;AL FAKHER BIG RED SPLASH 200G TTE;1;Bote;17,50
3522444;AL FAKHER YELLOW 200G TTE;1;Bote;17,50
3522445;AL FAKHER SNOWY FUCHSIA GREEN 200G TTE;1;Bote;17,50
3522446;AL FAKHER BIG YELLOW GREEN 200G TTE;1;Bote;17,50
3522447;AL FAKHER GRAPIO 200G TTE;1;Bote;17,50
3522448;AL FAKHER GRAPIO GREEN 200G TTE;1;Bote;17,50
3522449;AL FAKHER BIG BLUE 200G TTE;1;Bote;17,50
3522450;AL FAKHER GREEN CHU 200G TTE;1;Bote;17,50
3522451;AL FAKHER THE DOUBLE CRUNCH 200G TTE;1;Bote;17,50
3522452;AL FAKHER MAGIC LOVE 2.0 200G TTE;1;Bote;17,50
3522453;AL FAKHER BIG GREEN 200G TTE;1;Bote;17,50
3522454;AL FAKHER GRAPIO NIGHT 200G TTE;1;Bote;17,50
3522456;AL FAKHER GREEN CHU 900G TTE;1;Bote;69,95
3522457;AL FAKHER BIG GREEN 900G TTE;1;Bote;69,95
3522458;AL FAKHER THE DOUBLE CRUNCH 900G TTE;1;Bote;69,95
3522459;AL FAKHER GREEN VELVET 900G TTE;1;Bote;69,95
3522586;BLACK JACK ORIGINAL BLEND 20 GR TTE;5;Bolsa;1,50
3522620;HOOKAIN KAFFA YAYO 950G TT;1;Bote;75,00
3522621;HOOKAIN LEMENCIAGA 950G TT;1;Bote;75,00
3522670;VEGAFINA CLASSIC WIDE ROBUSTOS (25)-NW;1;Caja;170,00
3522712;ELIXYR MAXX PIPE (999G);1;Lata;70,00
3522724;DENIM SELECTED BLEND 20;10;Cajetilla;4,50
3522781;LA AURORA DOMINICANA SHORT ROBUSTO (10);1;Caja;71,50
3522782;LA AURORA DOMINICANA TORO (10);1;Caja;81,00
3522783;LA AURORA DOMINICANA ROBUSTO (10);1;Caja;76,50
3522785;ZINO NICARAGUA TORO  (5);1;Estuche;34,50
3522786;ZINO NICARAGUA ROBUSTO (5);1;Estuche;29,50
3522787;DAVIDOFF WINSTON CHURCHILL LE 2025 (10);1;Caja;490,00
3522789;DAVIDOFF ESCURIO 10th ANIVERSARY (12);1;Caja;444,00
3522792;BARAKA 150g TTE;1;Bote;11,10
3522793;BARAKA RED 20 G TTE;5;Bolsa;1,50
3522794;BARAKA SOUL 20 G TTE;5;Bolsa;1,50
3522808;CAMEL PICADURA DE LIAR (40G);10;Bolsa;9,40
3522847;CHESTERFIELD LABEL 23;20;Cajetilla;5,60
3522866;DISPLAY BRANIFF LINEA D'ORO 680 TTE;1;Unidad;104,00
3522873;LUCKIES RED 100s;10;Cajetilla;4,85
3522874;LUCKIES RED 23;10;Cajetilla;5,50
3522875;LUCKIES RED (20);10;Cajetilla;4,85
3522920;ELIXYR ICE PIPE 120G;1;Lata;10,00
3522976;CAMEL PICADURA LIAR O ENT 109 GR;1;Bolsa;26,10
3522977;CAMEL PICADURA DE LIAR O ENTUBAR (455G);1;Bote;109,60
3522978;WINSTON PICAD LIAR O ENT 82GR;1;Bolsa;19,90
3522979;WINSTON PICADURA DE LIAR O ENTUBAR 430GR;1;Bote;103,30
3522981;W.O.LARSEN EDICION LIMITADA 2026 (100G);3;Lata;25,00
3522983;SILENCIO LOS RIOS PEQUEÑO 6;5;Lata;24,00
3522989;NEO AZURE (20);10;Cajetilla;4,00
3522990;VEO BLOSSOM TWIST;10;Cajetilla;4,00
3522991;VEO POLAR TWIST;10;Cajetilla;4,00
3523215;HANDELSGOLD SUMMER (5) TTE;10;Estuche;1,20
3523249;PHILIP MORRIS FILTER KING 30gr.;10;Bolsa;7,10
3523250;PHILIP MORRIS FILTER KING LARGO;10;Cajetilla;5,20
3523258;SIGNATURE FINOS BEIGE (5);10;Lata;1,60
3523259;SIGNATURE FINOS ORIGINAL (5);10;Lata;1,60
3523297;DISPENSADOR MIX NOB SSL FRESH;1;Unidad;200,00
3523304;DISPLAY ESSE-10 2025;1;Unidad;48,00
3523305;COHIBA CLUB LE.24 (60)-TES;1;Caja;60,00
3523306;TRINIDAD SHORT  (El envase de 40);1;Caja;62,00
3523317;PERLA DE CALVANO TORO 10;1;Caja;20,00
3523318;PERLA DE CALVANO SHORT ROBUSTO 10;1;Caja;16,00
3523319;PERLA DE CALVANO ROBUSTO 10;1;Caja;18,00
3523329;HAMPTON PURE PIPE 10 G;10;Bolsa;1,00
3523355;JOCKEY ORIGINAL RED 20G TTE;5;Bolsa;1,70
3523362;LA AURORA 107 ECUADOR SUMO SHT ROBUST 5;1;Estuche;28,75
3523363;LA AURORA 107 NICARAGUA SUMO SHORT ROB5;1;Estuche;31,25
3523364;LA AURORA 107 USA MADURO SS ROBUSTO 5;1;Estuche;29,25
3523365;LA AURORA MADURO 1985 ROBUSTO (5);1;Estuche;29,75
3523366;LA AURORA CAMEROON 1903 ROBUSTO (5);1;Estuche;29,25
3523367;LA AURORA CONNECTICUT 1987 ROBUSTO (5);1;Estuche;29,25
3523368;LA AURORA COROJO 1962 ROBUSTO (5);1;Estuche;29,25
3523420;CLUBMASTER MINI FILTER ICELAND (20) TTE;10;Lata;4,70
3523489;MOON HABANA 500 G TTE. TABACO PIPA TTE;1;Bote;39,00
3523516;FAIRGREEN ARTESANO DISPLAY 300 TT;1;Unidad;55,00
3523519;EASTENDERS ORIGINAL BLEND BOT CARTÓN 100;1;Bote;7,00
3523527;LA PRIMOROSA CORONITAS (25) TTE;1;Estuche;10,50
3523537;DAVIDOFF CHEFS EDITION 2025 (10);1;Caja;550,00
3523541;REDS AMERICAN BLEND WHITE KS 20S;10;Cajetilla;4,60
3523547;AL FAKHER MAGIC LOVE CRAFTED MIXES 50G;10;Caja;3,70
3523548;AL FAKHER MAGIC LOVE CRAFTED MIXES 200G;1;Bote;13,50
3523549;AL FAKHER MAGIC LOVE CRAFTED MIXES 900G;1;Bote;55,90
3523550;AL FAKHER IVORY GOLD 200 G;1;Bote;19,95
3523551;AL FAKHER POLAR FREEZE 200 G;1;Bote;19,95
3523552;TORRES QUART CAMPESINOS (10);10;Estuche;7,50
3523618;SHISHA KARTEL HAPPY HOUND 200G;1;Caja;17,95
3523619;SHISHA KARTEL BOUNCER BRUNO 200G;1;Caja;17,95
3523642;DISPENSADOR MIX NOB SSL FRESH;1;Unidad;200,00
3523662;REIG XS (150) DISP ACT ENE26;10;Unidad;43,00
3523663;REIG 1 (180) DISP ACT 26;10;Unidad;56,50
3523664;REIG 15 MINOR (100) DISP AT 26;10;Unidad;55,00
3523665;DANNEMANN MOODS FILT (200) DISP MAR26;5;Unidad;67,00
3523721;LA AURORA ESCOGIDOS LANCERO E.L. (15);1;Caja;258,00
3523732;WINSTON SELECTION 40s;5;Cajetilla;10,00
3523750;TRINIDAD WIDE SHORT (6)-TES;10;Caja;18,60
3523751;NEO SIGNATURE TOBACCO (20);10;Cajetilla;4,00
3523785;COHIBA WIDE SHORT ED.24 (50);1;Caja;225,00
3523787;KINGSTREET 19GR;5;Bolsa;1,65
3523788;KINGSTREET 95GR;1;Bote;7,90
3523789;KINGSTON SPECIAL EDITION 100 G;1;Lata;7,00
3523790;EASTWOOD SPECIAL EDITION 20 G;10;Bolsa;1,50
3523852;DISPENSADOR LUCKIES (BALEARES);1;Unidad;152,00
3523874;ELIXYR X-LINE;10;Cajetilla;4,80
3523881;CANDLELIGHT CLUB HAVANA (50);3;Estuche;10,00
3523956;SPECIAL STAR AMERICAN BLEND TOB PIP 85 G;1;Bolsa;6,95
3523961;DAVIDOFF YEAR OF THE HORSE (10);1;Caja;650,00
3523995;EVO BRONZE STICKS;10;Cajetilla;4,50
3523996;EVO AMBER STICKS;10;Cajetilla;4,50
3523997;EVO AZURE STICKS;10;Cajetilla;4,50
3523998;EVO BURGUNDY STICKS;10;Cajetilla;4,50
3523999;EVO GOLD STICKS;10;Cajetilla;4,50
3524006;HAMPTON PIPE GOLD 20 G;10;Bolsa;1,70
3524007;HAMPTON PIPE GOLD 12 G;10;Bolsa;1,10
3524009;WINSTON SELECTION LARGO 28S;8;Cajetilla;7,00
3524010;KOPP CARIBBEAN BLUE BELLAMY 50 G;1;Lata;17,50
3524011;KOPP CARIBBEAN BLUE DRAKE 50 G;1;Lata;17,50
3524012;KOPP CARIBBEAN BLUE RACKHAM 50 G;1;Lata;17,50
3524013;KOPP CARIBBEAN BLUE GRAHAM 50 G;1;Lata;17,50
3524014;ROBERT McCONNELL ORIENTAL 50 G;1;Lata;15,50
3524015;ROBERT McCONNELL RED VIRGINIA 50 G;1;Lata;16,50
3524016;ROBERT McCONNELL SCOTTISH CK 50 G;1;Lata;17,00
3524017;ROBERT McCONNELL BOUTIQUE BLEND 50 G;1;Lata;16,00
3524018;ROBERT McCONNELL MARYLEBONE 50 G;1;Lata;16,00
3524019;ROBERT McCONNELL BLACK PARROT 50 G;1;Lata;17,50
3524020;ROBERT McCONNELL HIGHGATE 50 G;1;Lata;32,00
3524021;ROBERT McCONNELL COVENT GARDEN 50 G;1;Lata;16,00
3524022;RATTRAY'S - BRITISH COLLE 7 RESERVE 50 G;1;Lata;16,00
3524024;RATTRAY'S - BRITISH COL BLACK MAYORY 50G;1;Lata;16,00
3524025;RATTRAY'S - BRITISH COLLE MARLIN FL 50 G;1;Lata;17,50
3524026;RATTRAY'S - BRITISH COLLE 7 OLD GOW 50 G;1;Lata;17,00
3524027;RATTRAY'S - BRITISH COLLE RED RAPPA 50 G;1;Lata;17,00
3524028;RATTRAY'S - BRITISH COLLE HAL O'THE 50 G;1;Lata;17,00
3524029;RATTRAY'S - BRITISH COLLE BROWN CLU 50 G;1;Lata;17,00
3524030;RATTRAY'S AROMATIC COL BAGPIPER'S D 50 G;1;Lata;16,00
3524130;DENIM RED FILTER DISPLAY 80;1;Unidad;13,00
3524131;JOCKEY RED&BLUE FILTER MIX DISP 80;1;Unidad;13,00
3524132;BRONX VIRGINIA BLEND 300 G DISPLAY;1;Unidad;55,00
3524140;DISPENSADOR MIX NOB SSL FRESH;1;Unidad;200,00
3524152;HOOKAIN FUGGI NINJA (200 G);1;Lata;16,95
3524153;HOOKAIN FUGGI NINJA 50G;6;Bote;4,80
3524154;HOOKAIN PUMPGUN SPY 50G;6;Bote;4,80
3524155;HOOKAIN PUMPGUN SPY 200G;1;Lata;16,95
3524188;CAO CORE RANGE FRESHPACK (5);5;Estuche;33,00
3524189;MACANUDO INSPIRADO LINE-UP FRESHPACK (5);5;Estuche;30,00
3524208;PARAMOUNT RED 100S;10;Cajetilla;4,70
3524209;PARAMOUNT 30G;10;Bolsa;5,65
3524210;DUCADOS RUBIO EXTRA 70G;6;Lata;15,70
3524211;FORTUNA GO 50S (50);6;Cajetilla;12,00
3524216;LA FINCA NO5 (10);1;Caja;29,00
3524217;LA FINCA NO7 (10);1;Caja;33,00
3524218;LA FINCA NO10 (10);1;Caja;38,00
3524219;LA FINCA NO3 (10);1;Caja;31,00
3524220;VEGAFINA VF 98 VF50P (10);1;Estuche;80,00
3524221;HENRY CLAY WH SHORT (25);1;Caja;110,00
3524301;DAVIDOFF WINSTON CH LATE HOUR BELICOSO 4;1;Lata;36,80
3524504;MARLBORO CRAFTED BLANDO;10;Cajetilla;4,85
3524602;CHESTERFIELD ORIGINAL 38s;5;Cajetilla;10,00
3524603;MARLBORO RED 35S;5;Cajetilla;10,00
3524680;ESSE WHITE (20);10;Cajetilla;4,80
3524707;BRANIFF LINEA D´ORO 510 DISPLAY TTE;1;Unidad;78,00
3524740;PARTAGAS CLUB 20;5;Caja;12,20
3524741;NOBEL 25;8;Cajetilla;6,50
3524804;CAO ARCANA STOKK BELICOSO 20;1;Caja;300,00
3524808;REPOSADO CONNECTICUT TORPEDO 10;1;Estuche;19,50
3524809;REPOSADO COLORADO TORPEDO 10;1;Estuche;19,50
3524810;NEWS (100g);1;Bolsa;21,50
3524811;JPS (450G);1;Bote;99,50
3524812;DENIM 100 MIX DISPLAY;1;Unidad;92,00
3524860;DISPENSADOR MIX NOB SSL FRESH;1;Unidad;200,00
3524861;DISPENSADOR MIX MIN NOB SSL FRESH;1;Unidad;100,00
3524865;AMBER LEAF VIRGINIA NATURE (30 G);5;Bolsa;6,30
3524880;DISPLAY MIX H&B 2026;1;Unidad;90,00
3524890;DISPLAY EXCITE 2026;1;Unidad;94,00
3524927;LUCKIES RED 40;5;Cajetilla;9,00
3524953;Display Al Capone DUO FILTER (80) TTE;1;Unidad;24,00
3524958;CAMEL LEGEND;10;Cajetilla;5,10
3524973;D.TOMAS CLASICO ALLEGRO TUBE 20;1;Caja;120,00
3524975;DENIM VELVET GOLD FILTER CIGAR (17);10;Caja;2,50
3524977;TOBACCO FARM VIRGINIA 30G;10;Bolsa;5,65
3524993;PUEBLO PINK 30 G;10;Bolsa;7,10
3525048;BULLBRAND AB. & NEGRO FILTER MIX-DISP 80;1;Unidad;13,00
3525051;DISPLAY MADDOX MIX 2026;1;Unidad;90,00
3525064;JPS DEEP RED 24;8;Cajetilla;5,80
3525090;BAROUDEUR GOLD 500g;1;Lata;34,90
3525091;BAROUDEUR GOLD 999g;1;Lata;69,00
3525132;CAO PILON CORONA 20;1;Caja;110,00
3525134;LE BARON 100G;1;Bolsa;6,90
3525142;VEO CORAL TWIST;10;Cajetilla;4,00
3525143;VEO INDIGO TWIST;10;Cajetilla;4,00
3525163;DENIM VELVEL GOLD 17´S DISPLAY TTE;1;Unidad;25,00
3525166;JPS DEEP RED 100S;10;Cajetilla;4,85
3525170;JOCKEY ORIGINAL RED (400G);1;Bote;28,50
3525215;JPS DEEP RED KS;10;Cajetilla;4,90
3525237;DAVIDOFF ESCURIO ROBUSTO (12);1;Caja;194,40
3525238;LA AURORA FAM CREED FUERTE SOL TORO (20);1;Caja;190,00
3525239;LA AURORA FAM CREED FUERTE SOL G TORO 20;1;Caja;200,00
3525240;LA AURORA FAM CREED FUERTE SOL ROBU (20);1;Caja;160,00
3525255;AL FAKHER RED PATCH 200G;1;Bote;17,50
3525256;AL FAKHER BIG CORAL 200G;1;Bote;17,50
3525257;AL FAKHER TWIWI 200G;1;Bote;17,50
3525258;AL FAKHER WHITE POD 200G;1;Bote;17,50
3525282;Display ESSE-10 2026;1;Unidad;48,00
3525299;DISPENSADOR MIX NOB SSL FRESH;1;Unidad;200,00
3525311;DAVIDOFF PURO DOM SHORT ROBUSTO (12);1;Caja;186,00
3525312;DAVIDOFF PURO DOMINICANO CORONA LARGA(5);1;Estuche;91,50
3525313;DAVIDOFF PURO DOMINICA CORONA LARGA (12);1;Caja;219,60
3525314;DAVIDOFF PURO DOMINICANO PERFECTO (5);1;Estuche;98,50
3525315;DAVIDOFF PURO DOMINICANO PERFECTO (12);1;Caja;236,40
3525316;DAVIDOFF PURO DOMINICA SHORT ROBUSTO (5);1;Estuche;77,50
3525424;TRABUCOS T-10  TT NP DISPLAY 200;1;Unidad;58,00
3525493;FAIRGREEN MIX DISPLAY (300gr);1;Unidad;55,00
3525528;EXCITE MIX DISPLAY 2026;1;Unidad;94,00
3525556;URNA COBURN 400 TTE;1;Unidad;76,00
3525557;URNA FARIAS MINI 200 TTE;1;Unidad;58,00
3525567;FLEUR DU PAYS (30GR);10;Bolsa;8,50
3525626;Luckies 40A;1;Unidad;93,50
3525627;Luckies 23B;1;Unidad;103,50
3528;VEGAFINA CLASSIC PERLA (25);1;Caja;73,75
35405;C.MED.ORDINARIO SORIA  3,63;1;Unidad;3,63
35406;C.MED.DEFUNCION SORIA  3,63;1;Unidad;3,63
35436;CONT.ARR.LOCALES BURGOS1000/6;1;Unidad;6,01
35477;TARJETA TV. GALICIA       0,20;1;Unidad;0,20
3572;CELLINI CLÁSICO (50 G);5;Bolsa;5,30
3573;CELLINI FORTE (50 G);5;Bolsa;5,30
3657;VEGAFINA CORONAS TUBO (10);1;Caja;50,50
37514;CERTIFICADO DEUDAS 835 / 5 EUR;1;Unidad;5,00
37519;P.TIMB.PAGO ESTADO  1 20,00;1;Unidad;20,00
37520;P.TIMB.PAGO ESTADO  2 10,00;1;Unidad;10,00
37521;P.TIMB.PAGO ESTADO  3  5,00;1;Unidad;5,00
37522;P.TIMB.PAGO ESTADO  4  2,00;1;Unidad;2,00
37523;P.TIMB.PAGO ESTADO  5  1,00;1;Unidad;1,00
37524;P.TIMB.PAGO ESTADO  6  0,50;1;Unidad;0,50
37525;P.TIMB.PAGO ESTADO  7  0,20;1;Unidad;0,20
37526;P.TIMB.PAGO ESTADO  8  0,10;1;Unidad;0,10
37527;P.TIMB.PAGO ESTADO  9  0,05;1;Unidad;0,05
37528;P.TIMB.PAGO ESTADO  10 0,02;1;Unidad;0,02
37529;P.TIMB.PAGO ESTADO  11 0,01;1;Unidad;0,01
37530;TIMBRE  MOVIL  DE   20,00;1;Unidad;20,00
37531;TIMBRE  MOVIL  DE   10,00;1;Unidad;10,00
37532;TIMBRE  MOVIL   DE  5,00;10;Unidad;5,00
37533;TIMBRE  MOVIL   DE  2,00;10;Unidad;2,00
37534;TIMBRE  MOVIL   DE  1,00;10;Unidad;1,00
37535;TIMBRE  MOVIL   DE  0,50;100;Unidad;0,50
37536;TIMBRE  MOVIL   DE  0,20;100;Unidad;0,20
37537;TIMBRE  MOVIL   DE  0,10;100;Unidad;0,10
37538;TIMBRE  MOVIL  DE   0,05;100;Unidad;0,05
37539;TIMBRE  MOVIL  DE   0,02;100;Unidad;0,02
37540;TIMBRE  MOVIL  DE   0,01;100;Unidad;0,01
37546;LETRA  CAMBIO  1    538,51;1;Unidad;538,51
37547;LETRA  CAMBIO   2   269,25;1;Unidad;269,25
37548;LETRA  CAMBIO   3   134,63;1;Unidad;134,63
37549;LETRA  CAMBIO   4   67,31;1;Unidad;67,31
37550;LETRA  CAMBIO   5   33,66;1;Unidad;33,66
37551;LETRA  CAMBIO   6   16,83;1;Unidad;16,83
37552;LETRA  CAMBIO   7   8,41;1;Unidad;8,41
37553;LETRA  CAMBIO   8   4,21;1;Unidad;4,21
37554;LETRA  CAMBIO   9   1,98.;1;Unidad;1,98
37555;LETRA  CAMBIO  10   0,96;1;Unidad;0,96
37556;LETRA  CAMBIO  11   0,48;1;Unidad;0,48
37557;LETRA  CAMBIO  12   0,24;1;Unidad;0,24
37558;LETRA  CAMBIO  13   0,12;1;Unidad;0,12
37559;LETRA  CAMBIO  14   0,06;1;Unidad;0,06
37560;LETRA CAMBIO PC  3  134,63;1;Unidad;134,63
37561;LETRA CAMBIO PC  4  67,31;1;Unidad;67,31
37562;LETRA CAMBIO PC  5  33,66;1;Unidad;33,66
37563;LETRA CAMBIO PC  6  16,83;1;Unidad;16,83
37564;LETRA CAMBIO PC  7   8,41;1;Unidad;8,41
37565;LETRA CAMBIO PC  8   4,21;1;Unidad;4,21
37566;LETRA CAMBIO PC  9   1,98;1;Unidad;1,98
37567;LETRA CAMBIO PC 10  0,96;1;Unidad;0,96
37568;LETRA CAMBIO PC 11  0,48;1;Unidad;0,48
37569;LETRA CAMBIO PC 12  0,24;1;Unidad;0,24
37570;LETRA CAMBIO PC 13  0,12;1;Unidad;0,12
37571;LETRA CAMBIO PC 14  0,06;1;Unidad;0,06
37572;C.A.FINCAS URBANAS 1  30,77;1;Unidad;30,77
37573;C.A.FINCAS URBANAS 2  14,42;1;Unidad;14,42
37574;C.A.FINCAS URBANAS 3   7,21;1;Unidad;7,21
37575;C.A.FINCAS URBANAS 4   3,37;1;Unidad;3,37
37576;C.A.FINCAS URBANAS 5   1,68;1;Unidad;1,68
37577;C.A.FINCAS URBANAS 6   0,78;1;Unidad;0,78
37578;C.A.FINCAS URBANAS 7   0,39;1;Unidad;0,39
37579;C.A.FINCAS URBANAS 8   0,18;1;Unidad;0,18
37580;C.A.FINCAS URBANAS 9   0,09;1;Unidad;0,09
37581;LETRA CATALAN  1    538,51;1;Unidad;538,51
37582;LETRA CATALAN  2    269,25;1;Unidad;269,25
37583;LETRA CATALAN  3    134,63;1;Unidad;134,63
37584;LETRA CATALAN  4     67,31;1;Unidad;67,31
37585;LETRA CATALAN  5    33,66;1;Unidad;33,66
37586;LETRA CATALAN  6    16,83;1;Unidad;16,83
37587;LETRA CATALAN  7     8,41;1;Unidad;8,41
37588;LETRA CATALAN  8     4,21;1;Unidad;4,21
37589;LETRA CATALAN  9     1,98;1;Unidad;1,98
37590;LETRA CATALAN 10     0,96;1;Unidad;0,96
37591;LETRA CATALAN 11     0,48;1;Unidad;0,48
37592;LETRA CATALAN 12     0,24;1;Unidad;0,24
37593;LETRA CATALAN 13     0,12;1;Unidad;0,12
37594;LETRA CATALAN 14     0,06;1;Unidad;0,06
37595;LETRA CATALAN PC 3  134,63;1;Unidad;134,63
37596;LETRA CATALAN PC 4  67,31;1;Unidad;67,31
37597;LETRA CATALAN PC 5  33,66;1;Unidad;33,66
37598;LETRA CATALAN PC 6  16,83;1;Unidad;16,83
37599;LETRA CATALAN PC 7   8,41;1;Unidad;8,41
37600;LETRA CATALAN PC 8   4,21;1;Unidad;4,21
37601;LETRA CATALAN PC 9   1,98;1;Unidad;1,98
37604;LETRA CATALAN PC 10  0,96;1;Unidad;0,96
37605;LETRA CATALAN PC 11  0,48;1;Unidad;0,48
37606;LETRA CATALAN PC 12  0,24;1;Unidad;0,24
37607;LETRA CATALAN PC 13  0,12;1;Unidad;0,12
37608;LETRA CATALAN PC 14  0,06;1;Unidad;0,06
37609;P.TIMB. COMUN  CL. 2  0,15 BI;1;Unidad;0,15
37610;LETRA   CL.   1     538,51 BI;1;Unidad;538,51
37611;LETRA   CL.   2     269,25 BI;1;Unidad;269,25
37612;LETRA   CL.   3     134,63 BI;1;Unidad;134,63
37613;LETRA   CL.   4     67,31 BI;1;Unidad;67,31
37614;LETRA   CL.   5     33,66 BI;1;Unidad;33,66
37615;LETRA  CL.   6      16,83 BI;1;Unidad;16,83
37616;LETRA   CL.   7     8,41 BI;1;Unidad;8,41
37617;LETRA   CL.   8     4,21 BI;1;Unidad;4,21
37618;LETRA   CL.   9     1,98 BI;1;Unidad;1,98
37619;LETRA   CL.  10     0,96 BI;1;Unidad;0,96
37620;LETRA   CL.  11     0,48 BI;1;Unidad;0,48
37621;LETRA   CL.  12     0,24 BI;1;Unidad;0,24
37622;LETRA   CL.  13     0,12 BI;1;Unidad;0,12
37623;LETRA   CL.  14     0,06 BI;1;Unidad;0,06
37624;C.A.F.URBANAS CL. 1    130 BI;1;Unidad;130,00
37625;C.A.F.URBANAS CL. 2   43,25 BI;1;Unidad;43,25
37626;TIMBRE MOVIL CL. 1   25 BI;1;Unidad;25,00
37627;TIMBRE MOVIL CL. 2   10 BI;1;Unidad;10,00
37628;TIMBRE MOVIL CL. 3    5 BI;1;Unidad;5,00
37629;TIMBRE MOVIL CL. 4    1 BI;1;Unidad;1,00
37630;TIMBRE MOVIL CL. 5  0,5 BI;1;Unidad;0,50
37631;TIMBRE MOVIL CL. 6  0,25 BI;1;Unidad;0,25
37633;TIMBRE MOVIL CL. 8  0,05 BI;1;Unidad;0,05
37645;LETRA   CL.   1    538,51 GI;1;Unidad;538,51
37646;LETRA    CL.   2     269,25 GI;1;Unidad;269,25
37657;LETRA    CL.  13    0,12 GI;1;Unidad;0,12
37669;LETRA P.C. EUROS 13ª   0,12 GI;1;Unidad;0,12
37671;LETRA   CLASE   1   538,51 AL;1;Unidad;538,51
37672;LETRA   CLASE  2    269,25 AL;1;Unidad;269,25
37673;LETRA   CLASE   3   134,63 AL;1;Unidad;134,63
37674;LETRA   CLASE   4   67,31 AL;1;Unidad;67,31
37675;LETRA   CLASE   5   33,66 AL;1;Unidad;33,66
37676;LETRA   CLASE   6    16,83 AL;1;Unidad;16,83
37677;LETRA  CLASE   7    8,41 AL;1;Unidad;8,41
37678;LETRA  CLASE   8    4,21 AL;1;Unidad;4,21
37679;LETRA  CLASE   9    1,98 AL;1;Unidad;1,98
37680;LETRA  CLASE  10    0,96 AL;1;Unidad;0,96
37681;LETRA  CLASE  11    0,48 AL;1;Unidad;0,48
37682;LETRA  CLASE  12    0,24 AL;1;Unidad;0,24
37683;LETRA  CLASE  13    0,12 AL;1;Unidad;0,12
37684;LETRA  CLASE  14    0,06 AL;1;Unidad;0,06
37722;FOR.GUIP.IMP.DECL. 347 2014;1;Unidad;0,45
37726;FOR.ALAVA CARAT.190       0,06;1;Unidad;0,06
37727;FOR.ALAVA IMP.347 ANEXO   0,06;1;Unidad;0,06
37728;FOR.ALAVA IMP.347 CARATUL 0,06;1;Unidad;0,06
37729;FOR.ALAVA IMP.347 COMUN   0,06;1;Unidad;0,06
37730;FOR.ALAVA IMP.M.190       0,06;1;Unidad;0,06
37733;FOR.ALAVA IMP.M.391       0,12;1;Unidad;0,12
37734;FOR.ALAVA IMP.MODELO 390  0,30;1;Unidad;0,30
37735;FOR.ALAVA IMPRESO 110     0,12;1;Unidad;0,12
37737;FOR.ALAVA IVA     M.310   0,12;1;Unidad;0,12
37739;FOR.ALAVA M.115 IRPF      0,12;1;Unidad;0,12
37740;FOR.ALAVA M.180 CARATULA  0,06;1;Unidad;0,06
37741;FOR.ALAVA M.180 HOJA INT  0,06;1;Unidad;0,06
37780;P.TIMB COMUN CL.8   0,300506 AL;1;Unidad;0,30
37813;FOR.VIZC.IMP.IVA MOD. 300 0,10;1;Unidad;0,10
37814;FOR.VIZC.IMP.IRPF.MOD.110 0,10;1;Unidad;0,10
37815;FOR.VIZC.IMP.IRPF.MOD.130 0,10;1;Unidad;0,10
37824;LETRA  EURO  CL  1  538,51  NA;1;Unidad;538,51
37825;LETRA  EURO  CL   2 269,25  NA;1;Unidad;269,25
37826;LETRA  EURO  CL   3 134,63  NA;1;Unidad;134,63
37827;LETRA  EURO  CL   4  67,31  NA;1;Unidad;67,31
37828;LETRA  EURO  CL  5  33,66  NA;1;Unidad;33,66
37829;LETRA  EURO  CL  6  16,83  NA;1;Unidad;16,83
37830;LETRA  EURO  CL  7   8,41  NA;1;Unidad;8,41
37831;LETRA  EURO CL  8   4,21  NA;1;Unidad;4,21
37832;LETRA EURO CL  9    1,98  NA;1;Unidad;1,98
37833;LETRA EURO CL 10    0,96  NA;1;Unidad;0,96
37834;LETRA EURO CL 11    0,48  NA;1;Unidad;0,48
37835;LETRA EURO CL 12    0,24  NA;1;Unidad;0,24
37836;LETRA EURO CL 13    0,12  NA;1;Unidad;0,12
37837;LETRA EURO CL 14    0,06  NA;1;Unidad;0,06
37861;FOR.VIZC.IMP.IVA MOD. 390 0,50;1;Unidad;0,50
37862;FOR.VIZC.LIQ.IVA.MOD. 391 0,50;1;Unidad;0,50
37863;FOR.VIZC.IMP.IRPF.MOD 190 0,50;1;Unidad;0,50
37871;FOR.VIZC.MOD.190 HOJA INT 0,10;1;Unidad;0,10
37944;FOR.VIZC.IMP.IRPF MO.10-T 0,10;1;Unidad;0,10
38119;P.TIM.COMUN 8ª A-4  0,03;1;Unidad;0,03
38331;C.MED.ORDINARIO TARRAGONA 3,63;1;Unidad;3,63
38332;C.MED.DEFUNCION TARRAGONA 3,63;1;Unidad;3,63
38385;C.MED.ORDINARIO SALAMANCA 3,63;1;Unidad;3,63
38394;C.MED.ORDINARIO CACERES 3,63;1;Unidad;3,63
38395;C.MED.DEFUNCION CACERES 3,63;1;Unidad;3,63
38396;C.MED.ORDINARIO RIOJA  3,63;1;Unidad;3,63
38397;C.MED.DEFUNCION RIOJA  3,63;1;Unidad;3,63
38400;C.MED.ORDINARIO MALAGA  3,63;1;Unidad;3,63
38408;C.MED.ORDINARIO ZARAGOZA  3,63;1;Unidad;3,63
38409;C.MED.DEFUNCION ZARAGOZA  3,63;1;Unidad;3,63
38423;B.BUS VILANOVA T-10;1;Unidad;7,90
38602;CONT.COM-VEN.BURGOS 3,00;1;Unidad;3,00
38614;CONT.COMPRA VENTA PRIVADO 6,00;1;Unidad;6,00
38615;CONT.COMPRA VENT VEHICULO 6,00;1;Unidad;6,00
3872;F.T.PARTAGAS CORONAS SEN  T (25);1;Caja;247,50
3873;F.T.PARTAGAS P.DE LUXE (25);1;Caja;285,00
3884;FARIAS MINI (10);20;Estuche;2,90
3926;ALSBO SUNGOLD   (50G);5;Bolsa;7,80
3927;ALSBO RUBY       (50G);5;Bolsa;8,00
39289;TARJETAS CONSORCIO DE CADIZ;1;Unidad;0,00
39294;FULL OFIC.DE RECLAMACIO/DENUN.;1;Unidad;0,00
39316;C.A.F.U.CATAL.CASTELL.1  30,77;1;Unidad;30,77
39317;C.A.F.U.CATAL.CASTELL.2  14,42;1;Unidad;14,42
39318;C.A.F.U.CATAL.CASTELL.3  7,21;1;Unidad;7,21
39319;C.A.F.U.CATAL.CASTELL.4  3,37;1;Unidad;3,37
39320;C.A.F.U.CATAL.CASTELL.5  1,68;1;Unidad;1,68
39321;C.A.F.U.CATAL.CASTELL.6  0,78;1;Unidad;0,78
39322;C.A.F.U.CATAL.CASTELL.7  0,39;1;Unidad;0,39
39323;C.A.F.U.CATAL.CASTELL.8  0,18;1;Unidad;0,18
39324;C.A.F.U.CATAL.CASTELL.9  0,09;1;Unidad;0,09
39325;C.A.F.U.CATAL.CATALAN 1  30,77;1;Unidad;30,77
39326;C.A.F.U.CATAL.CATALAN 2  14,42;1;Unidad;14,42
39327;C.A.F.U.CATAL.CATALAN 3  7,21;1;Unidad;7,21
39328;C.A.F.U.CATAL.CATALAN 4  3,37;1;Unidad;3,37
39329;C.A.F.U.CATAL.CATALAN 5  1,68;1;Unidad;1,68
39330;C.A.F.U.CATAL.CATALAN 6  0,78;1;Unidad;0,78
39331;C.A.F.U.CATAL.CATALAN 7  0,39;1;Unidad;0,39
39332;C.A.F.U.CATAL.CATALAN 8  0,18;1;Unidad;0,18
39333;C.A.F.U.CATAL.CATALAN 9  0,09;1;Unidad;0,09
3952;DAVIDOFF ANIVER SH. PERFECTO 4 NL;1;Estuche;80,80
4010094;MK-651-T24 IMP.SUC.Y DON.-DONACION 0,80;1;Unidad;0,80
4010152;LIBRO EMISIONES ESPEC.2024;1;Unidad;215,00
4010162;MK-650-T24 IMP.SUC.Y DON.INDIVIDUAL 0,80;1;Unidad;0,80
4010215;Tarjeta Bono Bus Albacete;1;Unidad;3,00
4010216;Tarjeta Contigo Albacete;1;Unidad;3,00
4010218;Tarjeta Bono Joven Abacete;1;Unidad;3,00
4010219;Tarjeta Bono F.N. Albacete;1;Unidad;3,00
4010220;Tarjeta Bono Joven 30D Albacete;1;Unidad;3,00
4010221;Tarjeta Bono Bus 30D Albacete;1;Unidad;3,00
4010222;Tarjeta Bono F.N.365D Albacete;1;Unidad;3,00
4010223;Tarjeta Bono Joven 365D Albacete;1;Unidad;3,00
4010224;Tarjeta Bono Infantil Albacete;1;Unidad;3,00
4010255;TARJETA TRANSPORTE BONOBUR;1;Unidad;2,00
4010260;TARJETA TRANSP TITC CANTABRIA.;1;Unidad;3,00
4010343;TARJETA TRANSPORTE TORRELAVEGA;1;Unidad;3,00
4010364;BASICA25 ESPAÑA ES: 2,40;20;Unidad;2,40
4010415;B.BUS MATARO T-10 2026;1;Unidad;4,85
4010416;MATARO BUS  T-ROSA 2026;1;Unidad;3,95
4010417;LIBRO EMISIONES ESPEC.2025;1;Unidad;225,00
4010419;B 10 TLA -Ajuntament de Lliçà d'Amunt 26;1;Unidad;10,40
4010420;T25 Trans. Urba Terrassa 2026;1;Unidad;10,85
4010421;T-10 1 ZONA-SOCIAL LA LLAGOSTA 26;1;Unidad;10,40
4010423;T-10 SOCIAL PALAUTORDERA 26;1;Unidad;10,40
4010424;T-10 SOCIAL SANT FOST 26;1;Unidad;10,40
4010425;T-10 SOCIAL PINEDA 2026;1;Unidad;4,15
4010426;T-10 SOCIAL ALELLA-TEIA 26;1;Unidad;10,40
4010428;T-10 SOCIAL STA. PERPETUA 26;1;Unidad;10,40
4010429;T SENIOR  Arenys de Munt 26;1;Unidad;10,40
4010430;T-10 URBA MOLLET 2026;1;Unidad;6,25
4010431;T-10 JOVE MOLLET 2026;1;Unidad;2,60
4010432;T-10 GENT GRAN MOLLET 2026;1;Unidad;3,15
4010433;T-10 SOCIAL PINEDA.CALELLA 2026;1;Unidad;10,05
4010434;T-10 SOC PALAU-SOLITA i PLEGA 2026;1;Unidad;10,40
4010435;B.BUS SAGALES T-10 JUBILAT 2026;1;Unidad;4,15
4010436;T-10 MANRESA BUS 2026;1;Unidad;8,50
4010437;TMES MANRESA BUS 2026;1;Unidad;20,15
4010438;S1 T-10 1 ZONA 2026;1;Unidad;10,40
4010439;S2 T-10 2 ZONAS 2026;1;Unidad;20,40
4010440;S3 T-10 3 ZONAS 2026;1;Unidad;27,75
4010442;S4 T-10 4 ZONAS 2026;1;Unidad;35,70
4010443;S5 T-10 5 ZONAS 2026;1;Unidad;40,95
4010444;S6 T-10 6 ZONAS 2026;1;Unidad;43,55
4010472;PACK 5 TARJETAS AIRCASH;5;Unidad;5,00
4010510;MK-620-T26 COMPRA-VTA VEH USADO 0,8;1;Unidad;0,80
4010511;MK-600-T26 IMP TRANS PATRIM PVP 1,60;1;Unidad;1,60
40183;TARJETAS CONSORCIO DE GRANADA;1;Unidad;0,00
40271;TARJETAS CONSORCIO DE MALAGA;1;Unidad;0,00
4038;CALYPSO DANNEMANN MOODS(20)NL;5;Estuche;6,50
4039;CALYPSO DANNEMANN MOODS FIL(20)NL;10;Estuche;6,70
4083;CLUBMASTER MINI RED 232 (20);10;Lata;4,70
4086;NEOS PACIFIC              (50);4;Caja;16,00
4090;GOLDEN BLEND'S Nº 1 (50 G);5;Bolsa;5,30
4093;W.O.LARSEN SIGNATURE    (100G);3;Lata;19,30
4189;VEGAFINA CLASSIC PERLA (4);5;Caja;11,80
4191;MAC BAREN CLASSIC LOOSE CUT 50G;5;Bolsa;8,10
41976;TARJETAS CONSORCIO CAMPO GIBRALTAR;1;Unidad;0,00
42099;TARJETAS CONSORCIO DE SEVILLA;1;Unidad;0,00
42253;TARJETAS ATM LLEIDA;1;Unidad;0,00
42278;T-10 PROPIA SANT SADURNI D'ANOIA;1;Unidad;8,20
42279;T-10 ESTUDIANT SANT SADURNI D'ANOIA;1;Unidad;4,90
42432;TARJETAS ATM GIRONA;1;Unidad;0,00
42636;T-10 2 ZONA-SOCIAL LA LLAGOSTA;1;Unidad;16,25
42638;T-10 GENT GRAN ST.CELONI;1;Unidad;9,10
4274;MONTECRISTO CLUB (20);5;Caja;15,60
42749;C.MED.DEFUNCION SALAMANCA 3,63;1;Unidad;3,63
4276;COHIBA CLUB (20);5;Caja;19,00
42761;FOR.ALAVA IMP.  MODELO 303  0,12;1;Unidad;0,12
42763;TARJETAS ATM TARRAGONA;1;Unidad;0,00
42988;TARJETAS CONSORCIO DE JAEN;1;Unidad;0,00
43004;TARJETAS CONSORCIO DE ALMERIA;1;Unidad;0,00
4327;RAMON ALLONES SPEC. SELEC.(25);1;Caja;475,00
43352;BONOBUS EMT TARJETA MOBILIS;1;Unidad;2,00
43353;ETM TARJETA MOBILIS 2,20E;1;Unidad;2,20
43363;TUS TARJETA SANTANDER;1;Unidad;1,00
4449;CLAN N (50G);5;Bolsa;8,10
4502;ROM Y JUL C.D. LUX N.2 (25);1;Caja;395,00
4504;ROM Y JUL BELICOSOS (25);1;Caja;537,50
4516;ROM Y JUL C.D.LUX N.3(25);1;Caja;297,50
4517;ROM Y JUL CAZADORES  (25);1;Caja;410,00
4522;CUABA DIVINOS             (25);1;Caja;237,50
46063;FOR.GUIP.IMP.DECL. MOD 036 2015;1;Unidad;0,45
46095;TARJETAS CONSORCIO DE CORDOBA;1;Unidad;0,00
46096;C.MED.ORDINARIO BADAJOZ 3,63;1;Unidad;3,63
46097;C.MED.DEFUNCION BADAJOZ 3,63;1;Unidad;3,63
46099;TARJETA TORRENT;1;Unidad;4,00
46100;C.MED.ORDINARIO C.REAL 3,63;1;Unidad;3,63
46101;C.MED.DEFUNCION C.REAL 3,63;1;Unidad;3,63
46102;C.MED.ORDINARIO CORDOBA  3,63;1;Unidad;3,63
46103;C.MED.ORDINARIO ASTURIAS  3,63;1;Unidad;3,63
46104;C.MED.DEFUNCION ASTURIAS 3,63;1;Unidad;3,63
46105;C.MED.ORDINARIO LUGO;1;Unidad;3,63
46106;C.MED.DEFUNCION LUGO;1;Unidad;3,63
46110;C.MED.ORDINARIO BARCELONA  3,63;1;Unidad;3,63
46111;C.MED.ORDINARIO LERIDA    3,63;1;Unidad;3,63
46112;C.MED.ORDINARIO GIRONA  3,63;1;Unidad;3,63
46114;C.MED.DEFUNCION BARCELONA. 3,63;1;Unidad;3,63
46115;C.MED.DEFUNCION LERIDA    3,63;1;Unidad;3,63
46735;C.MED.ORDINARIO VALLADOL. 3,63;1;Unidad;3,63
46736;C.MED.DEFUNCION VALLADOL. 3,63;1;Unidad;3,63
4688;ALSBO GOLD              (50G);5;Bolsa;8,10
4690;ALSBO BLACK             (50G);5;Bolsa;8,10
47161;B.BUS ACTIVA VILANOVA;1;Unidad;4,25
47162;B.BUS JOVE VILANOVA;1;Unidad;5,30
4770;H. UPMANN MAGNUM 46       (25);1;Caja;475,00
4772;H. UPMANN UPMANN NO.2     (25);1;Caja;547,50
4784;BOLIVAR PETIT CORONAS     (25);1;Caja;265,00
4785;BOLIVAR ROYAL CORONAS     (25);1;Caja;490,00
48128;SELLO BASICA 2012   0,85 (PL50);50;Unidad;0,85
4844;H. UPMANN EPICURES (H/M)  (25);1;Caja;135,00
48475;CHH LIBRO GASTOS   L-026-02  4,00;1;Unidad;4,00
48532;TARJETAS CONSORCIO DE HUELVA;1;Unidad;0,00
48577;TARJETAS LEON;1;Unidad;0,00
48719;C.MED.ORDINARIO BURGOS  3,63;1;Unidad;3,63
48720;C.MED.DEFUNCION BURGOS  3,63;1;Unidad;3,63
48745;CHH LIBRO INGRESOS PROF. L-027-02  4,00;1;Unidad;4,00
48770;TARJETAS BARIK KIDE;1;Unidad;0,00
48794;CONVENIO ARBITRAJE AEADE+CONTRATO;1;Unidad;50,00
48795;ARRENTA BASICO+CONTRATO;1;Unidad;98,00
48796;C.MED.ORDINARIO LA CORUÑA 3,63;1;Unidad;3,63
48797;C.MED.DEFUNCION LA CORUÑA 3,63;1;Unidad;3,63
48856;TARJETAS BARIK GIZA;1;Unidad;0,00
49016;Bonobux Publico General;1;Unidad;9,00
49017;Bonobux Familia Numerosa General;1;Unidad;7,20
49018;Bonobux Familia Numerosa Especial;1;Unidad;4,50
50164;Tarjeta Mobilis Castellon Joven;1;Unidad;3,00
50205;BASICA S.M. REY FELIPE VI 0,01;50;Unidad;0,01
50207;BASICA S.M. REY FELIPE VI 1,00;50;Unidad;1,00
50210;eTM TARJETA MOBILIS CASTELLON;1;Unidad;2,00
50211;TARJETAS TUSSAM CON TRANSBORDO;1;Unidad;0,00
50212;TARJETAS TUSSAM SIN TRANSBORDO;1;Unidad;0,00
50227;BASICA S.M. REY FELIPE VI 0,04;50;Unidad;0,04
50294;TARJETAS LEON METROPOLITANO;1;Unidad;0,00
50870;BASICA S.M.REY FELIPE VI T*A;50;Unidad;0,96
50871;BASICA S.M.REY FELIPE VI T*A2;50;Unidad;1,15
50872;BASICA S.M.REY FELIPE VI T*B;50;Unidad;2,00
50873;BASICA S.M.REY FELIPE VI T*C;50;Unidad;2,10
50874;BASICA S.M.REY FELIPE VI 0,02;50;Unidad;0,02
50875;BASICA S.M.REY FELIPE VI 0,03;50;Unidad;0,03
51351;CRTM TTP ANóNIMA;1;Unidad;0,00
51437;BASICA S.M.REY FELIPE VI 0,05;50;Unidad;0,05
51516;MK-043E-31 TASA F S/JUEGO BINGO 0,45;1;Unidad;0,45
51705;FOR.GUIP.IMP.DECL. MOD 036 2017;1;Unidad;0,45
51709;LETRA   CL.   1   538,51 GI 17;1;Unidad;538,51
51710;LETRA   CL.   2   269,25 GI 17;1;Unidad;269,25
51711;LETRA   CL.   3   134,63 GI 17;1;Unidad;134,63
51712;LETRA   CL.   4    67,31 GI 17;1;Unidad;67,31
51713;LETRA   CL.   5    33,66 GI 17;1;Unidad;33,66
51714;LETRA   CL.   6    16,83 GI 17;1;Unidad;16,83
51715;LETRA   CL.   7     8,41 GI 17;1;Unidad;8,41
51716;LETRA   CL.   8     4,21 GI 17;1;Unidad;4,21
51717;LETRA   CL.   9     1,98 GI 17;1;Unidad;1,98
51718;LETRA   CL.   10    0,96 GI 17;1;Unidad;0,96
51719;LETRA   CL.   11    0,48 GI 17;1;Unidad;0,48
51720;LETRA   CL.   12    0,24 GI 17;1;Unidad;0,24
51721;LETRA   CL.   13    0,12 GI 17;1;Unidad;0,12
51722;LETRA   CL.   14    0,06 GI 17;1;Unidad;0,06
5177;GOLDEN VIRGINIA (50G);10;Bolsa;15,50
5180;MACANUDO CONNECTICUT ASCOTS 10;1;Caja;16,20
51834;MX-430E-72 COMPRA-VTA DET.TTES  0,45;1;Unidad;0,45
5204;DRUM (50G);10;Bolsa;12,05
5205;DRUM GOLD (50G);10;Bolsa;12,05
5206;DRUM BRIGHT BLUE (50G);10;Bolsa;12,05
5222;J.CORTES CLUB           (5);10;Caja;8,00
5239;LA PRIMOROSA CORON.EXTRA    25;1;Caja;22,50
5255;DAVIDOFF MIL.B. PET.CORO(25)NL;1;Caja;135,00
5260;COHIBA MINI (10);10;Estuche;7,70
5269;DAVIDOFF MIL.B. PET.CORON(5)NL;1;Estuche;27,00
5321;CUTTERS CHOICE        (50G) BY;5;Bolsa;13,50
5322;SAMSON ORIGINAL BLEND  (50G);10;Bolsa;12,00
53269;MX-430E-90 COMPRA-VTA USADOS 0,55;1;Unidad;0,55
5337;CALYPSO DANNEMANN EXPRESS 20 NL;5;Caja;7,15
53400;FOR.GUIP.IMP.670 ISD 2021 0,15;1;Unidad;0,15
53401;FOR.GUIP.IMP.671 ISD 2021 0,15;1;Unidad;0,15
53402;FOR.GUIP.IMP.672 ISD 2021 0,15;1;Unidad;0,15
5348;PARTAGAS MINI (20);5;Estuche;9,60
53480;FOR.GUIP.IMP.DECL. MOD 036 2021;1;Unidad;0,45
53876;MK-D650-T22 SUC. Y DON PRINC. 2,80;1;Unidad;2,80
53889;BASICA22 Amnistia Internacional T*D;50;Unidad;2,65
53923;CONTRATO ARRENDAMIENTO L.NEGOCIO COAPI;1;Unidad;20,00
53924;CONTRATO ARRENDAMIENTO TEMPORADA COAPI;1;Unidad;20,00
53925;CONTRATO ARRENDAMIENTO P.GARAJE COAPI;1;Unidad;20,00
53926;CONTRATO ARRAS COAPI;1;Unidad;25,00
5414;DUX PURITOS (10);10;Estuche;3,15
54149;FOR.GUIP.IMP.M.A.J.D.60A  0,15 2022;1;Unidad;0,15
54150;FOR.GUIP.IMP.DECL.M.60S 0,15 2022;1;Unidad;0,15
54152;FOR.GUIP.IMP.DECL.M.60T 0,15 2022;1;Unidad;0,15
54153;FOR.GUIP.ITP 60 AST 0,15  2022;1;Unidad;0,15
54193;MK-660-T22 DOC SUCESORIOS DECLARA. 0,30;1;Unidad;0,30
54197;TARJETA ABONO GRATUITO NORMAL;1;Unidad;4,60
54198;TARJETA ABONO GRATUITO JOVEN MENOR 30;1;Unidad;4,60
54199;TARJETA ABONO GRATUITO MAYOR DE 65;1;Unidad;4,60
54284;FOR.GUIP.IMP.DEC.MODEL.300-2022;1;Unidad;0,15
54312;FOR.GUIP.IMP.VEH.M.620 2023  0,15;1;Unidad;0,15
54507;CONTRATO ARRENDAMIENTO VIVIENDA COAPI;1;Unidad;20,00
54612;ETIQUETA DGT COCHE 0 EMISIONES;1;Unidad;0,70
54613;ETIQUETA DGT COCHE ECO;1;Unidad;0,70
54614;ETIQUETA DGT COCHE B;1;Unidad;0,70
54615;ETIQUETA DGT COCHE C;1;Unidad;0,70
54616;ETIQUETA DGT MOTO 0 EMISIONES;1;Unidad;0,70
54617;ETIQUETA DGT MOTO B;1;Unidad;0,70
54618;ETIQUETA DGT MOTO C;1;Unidad;0,70
54678;TARJETA CARTON T-USUAL;1;Unidad;1,00
54679;TARJETA CARTON ANONIMA;1;Unidad;1,00
54777;SARBUS S1;1;Unidad;10,40
54778;SARBUS S2;1;Unidad;20,40
54779;SARBUS S3;1;Unidad;27,75
54780;T-10 SANT CUGAT BONIFICAT;1;Unidad;9,05
54781;T-10 CERDANYOLA VALLES BONIFI;1;Unidad;7,50
54782;T-4 CERDANYOLA VALLES BONIF;1;Unidad;3,65
54783;LA VALLESANA V1;1;Unidad;10,40
54784;LA VALLESANA V2;1;Unidad;20,40
54785;LA VALLESANA V3;1;Unidad;27,75
54828;FOR.GUIP.IMP.IVA MOD.390-2023 0,45;1;Unidad;0,45
54830;LIBRO EMISIONES ESPEC.2023;1;Unidad;210,00
5494;ROM Y JUL ROMEO N.2     (10);1;Caja;120,00
5520;GUANTANAMERA CRISTALES (25);1;Caja;52,50
5521;GUANTANAMERA DECIMOS (10);5;Caja;15,00
5586;VAN NELLE ZWARE (50G);10;Bolsa;13,05
5659;MONTECRISTO N.2            (3);1;Estuche;77,40
5942;MAC BAREN MIXTURE       (100G);5;Lata;18,50
6060;CALYPSO REIG MINOR PACK NL (2);64;Estuche;2,20
6266;BENSON & HEDGES SILVER;10;Cajetilla;7,75
6267;MAYFAIR SUPERKINGS;10;Cajetilla;7,40
6275;DESERT GOLD RED;10;Cajetilla;4,60
6355;MONTE NEGRO SERIE ORO (24) NL;1;Caja;57,60
6554;BARLOVENTO TUBULARES (25) NL;1;Caja;52,50
6555;BARLOVENTO CORONAS ESPEC.25 NL;1;Caja;32,50
6600;H.MONTERREY H.DU DEPUT  (25);1;Caja;225,00
6680;CALYPSO DANNEMANN ESPRESSO(5)NL;20;Caja;1,80
6681;DAVIDOFF EXQUISITOS NL (10);5;Estuche;38,00
6970;TORRES QUART CALIQUE.Nº2 (2)BY;50;Estuche;2,00
7015;MONTECRISTO N.2        (10) NL;1;Caja;258,00
7040;BOLIVAR TUBOS N.2 (25);1;Caja;282,50
7102;MONTECRISTO PETIT TUBOS (3);1;Caja;40,20
7264;AGIO MEHARI'S RED ORIENT (50) BY;4;Caja;15,60
7265;AGIO MEHARI'S RED ORIEN FIL 20;10;Estuche;6,30
7267;AGIO FILTER TIP        (50) BY;1;Caja;16,60
7389;TRINIDAD COLONIALES     (24) BY;1;Caja;1176,00
7390;TRINIDAD REYES       (24)  BY;1;Caja;816,00
7436;DUX MAIOR (10);10;Estuche;3,50
8200;MONTECRISTO EDMUNDO  (25);1;Caja;642,50
8208;MAC BAREN ORIGINAL CHOICE 100G;3;Lata;18,20
8496;NEWS ROJO DURO;10;Cajetilla;5,75
8498;NEWS AZUL DURO;10;Cajetilla;5,75
8527;F.T.PARTAGAS PRESIDENTES 25 BY;1;Caja;472,50
8730;DUCADOS RUBIO RED BOX (20);10;Cajetilla;5,80
8797;INTERVAL BLOND 40 GR;10;Bolsa;10,90
8798;INTERVAL BLOND 200 GR;3;Lata;48,00
8905;AMBER LEAF 5X50 G;5;Bolsa;15,50
8912;H.MONTERREY P. ROBUSTOS(25)BY;1;Caja;385,00
9005;W.O.LARSEN  1864  (100 G)  BY;3;Bolsa;19,30
9007;STANWELL MELANGE  (50 G)   BY;5;Bolsa;8,70
9008;STANWELL SUNGOLD  (50 G)   BY;5;Bolsa;8,70
9111;TRABUCOS MINIS 10;10;Estuche;2,70
9112;TRABUCOS T-10;5;Estuche;2,90
9171;LA PRIMOROSA ISLEÑOS 25;1;Caja;11,25
9529;SIGNATURE FINOS ORIGINAL 20;5;Lata;5,10
9530;SIGNATURE FINOS RED 20 BY;5;Lata;5,10
9531;CANALEÑOS CALIQUEÑOS MINI  5;10;Caja;4,00
9590;VASCO DA GAMA TUBOS ESPEC(25);1;Estuche;55,00
9638;AGIO MINI MEHARI'S JAVA  (20)   BY;10;Estuche;6,30
9641;H.MONTERREY HOYO DU MAIRE 25 BY;1;Caja;140,00
9750;Vegafina Classic Corona Tubos (25);1;Caja;126,25
9907;RICHMOND KING SIZE;10;Cajetilla;7,35
9967;F.T.PARTAGAS SER.P N.2  (25) BY;1;Caja;592,50
9968;F.T.PARTAGAS SER.P N.2  (10) BY;1;Caja;237,00
9969;F.T.PARTAGAS SER.P N.2 TUB (3) NL;1;Estuche;73,20
9977;F.T.PARTAGAS SHORTS  (25) BY;1;Caja;180,00
