codigo;descripcion;precio;unidades;um
1000;DUCADOS AZUL BLANDO;6.20;10;Cajetilla
1001;FORTUNA ORIGINAL BLANDO (20);5.95;10;Cajetilla
1004;CHESTERFIELD CLASSIC RED DURO;6.10;10;Cajetilla
10048;ROM Y JUL MINI 20 ESP PC BY;9.60;5;Estuche
10050;ROM Y JUL CLUB 20 ESP PC BY;12.20;5;Caja
1006;WINSTON CLASSIC KS BOX;6.00;10;Cajetilla
1008;LUCKY STRIKE RED;5.85;10;Cajetilla
1009;CAMEL FILTER BOX 20;6.10;10;Cajetilla
1011;NOBEL DURO;5.95;10;Cajetilla
1012;B.N. CLASICO DURO;6.20;10;Cajetilla
1015;DUCADOS AZUL DURO;6.20;10;Cajetilla
1017;CALYPSO REIG 15  NL  (10);7.60;10;Estuche
10170;DAVIDOFF ANIVER ENTREACTO 4;46.00;1;Estuche
1018;CALYPSO REIG 15 MINOR NL(10);5.50;10;Estuche
1020;FARIAS SUPERIORES (25);47.50;1;Caja
1021;DUCADOS AZUL/BLANCO BLANDO;6.20;10;Cajetilla
1022;FORTUNA ORIGINAL (20);5.95;10;Cajetilla
1023;HERENCIA BLANDO;6.35;10;Cajetilla
10257;MONTECRISTO N.5   (10) NL;91.00;1;Caja
1026;ROTHMANS OF LONDON;5.50;10;Cajetilla
1028;NOBEL BLANDO;5.80;10;Cajetilla
1030;CALYPSO REIG MINI    NL(20);6.60;5;Estuche
1031;ROYAL CROWN FILTER;6.25;10;Cajetilla
10335;LA PAZ WILDE MINIATURAS  20;6.70;5;Lata
1036;FORTUNA ORIGINAL BLUE (AZUL) 20;5.95;10;Cajetilla
10415;VEGAFINA CLASSIC MINUTOS (8);15.20;5;Lata
10416;VEGAFINA MINUTOS 25;47.50;1;Caja
10420;MONTECRISTO PURITOS 25 BY;46.25;1;Estuche
10421;MONTECRISTO PURITOS 5 BY;9.25;10;Estuche
10468;ERINMORE FLAKE LATA (5*50)BY;11.50;5;Lata
1047;ROTHMANS OF LONDON WHITE AND BLUE;5.50;10;Cajetilla
10474;ERINMORE MIXTURE LATA (5*50G) BY;10.50;5;Lata
10488;DAVIDOFF CLUB CIGARILLO 10;12.20;5;Lata
1049;CAMEL BLUE 20;6.10;10;Cajetilla
10491;NEOS COUNTRY CIGARILLO 20;8.20;10;Lata
10492;NEOS COUNTRY MINI  20;6.60;5;Lata
1051;CHESTERFIELD CL BLUE DURO;6.10;10;Cajetilla
10518;DENIM RED AMERICAN BLEND;4.50;10;Cajetilla
10519;EXCITE BLUE 20;4.70;10;Cajetilla
10520;EXCITE RED DURO 20;4.70;10;Cajetilla
10530;BULLBRAND NEGRO CLASICO 20;4.80;10;Cajetilla
10531;MANITOU NATIVO BLEND N8 RED (20);4.80;10;Cajetilla
10537;MECANICOS EXTRA FILTRO;4.80;10;Cajetilla
1056;B.N. BEIGE DURO;6.20;10;Cajetilla
1064;GUAJIRO BREVAS.           (50);32.50;1;Caja
10690;BORKUM RIFF ORANGE  50 G;8.10;5;Bolsa
10715;RAFAEL GONZ. PETIT CORONAS25NL;147.50;1;Caja
10717;TRINIDAD REYES 12 NL;408.00;1;Caja
1072;MONTECRISTO N.4  (25);317.50;1;Caja
10723;ROTHMANS OF LONDON SILVER (20);5.50;10;Cajetilla
1074;FORTUNA ORIGINAL SILVER (20);5.95;10;Cajetilla
10768;AGIO MINI MEHARI'S ECUADOR 20 NL;6.30;10;Estuche
1077;FARIAS CLUB (20);5.85;10;Estuche
1080;GUAJIRO PALMEROS          (50);29.00;1;Estuche
1082;F.SAVANE PETIT CIGARE    (20);5.90;10;Estuche
10845;FLEUR DU PAYS N.1  BLOND 40 GR NL;11.10;10;Bolsa
10846;FLEUR DU PAYS N.1 BLOND 200 GR NL;52.00;4;Lata
1085;LUCKY STRIKE BLUE;5.85;10;Cajetilla
10866;BULLBRAND RUBIO 20 NL;4.80;10;Cajetilla
1090;DON JULIÁN Nº5 (5);11.00;5;Estuche
1091;LUCKY STRIKE RED BLANDO;5.75;10;Cajetilla
1092;CAMEL FILTER SOFT;6.00;10;Cajetilla
1093;LA PAZ WILDE CILLOS   (20);9.10;5;Lata
1095;R 1 ROJO;6.70;10;Cajetilla
1096;GUAJIRO TROMPETAS         (20).;8.60;5;Estuche
1097;HERENCIA DURO;6.35;10;Cajetilla
1098;SUPERKINGS;7.90;10;Cajetilla
1102;LA DALIA REIG 7 MINOR  NL  (10);5.50;10;Estuche
1103;GUAJIRO ESP.GUAJIRO.    (50);29.00;1;Caja
1105;WEST ROJO (20);5.10;10;Cajetilla
1108;JPS AMERICAN BLEND BLUE STREAM (20);5.85;10;Cajetilla
1112;REGAL KS;7.90;10;Cajetilla
1117;R 1 AZUL;6.70;10;Cajetilla
1120;NOBEL 0,1;6.00;10;Cajetilla
1122;WEST SILVER;5.55;10;Cajetilla
1128;QUINTERO BREVAS           (25);65.00;1;Caja
1129;GUAJIRO SEÑORITAS         (50);16.50;1;Estuche
1131;LAMBERT & BUTLER KS;7.75;10;Cajetilla
1137;RAFAEL GONZ. PANETELAS EXT. (25);67.50;1;Caja
1140;WEST AZUL (20);5.10;10;Cajetilla
1144;SILK CUT PURPLE;7.90;10;Cajetilla
1149;LA PAZ MINI WILDE CILLOS (20);7.80;5;Lata
1153;MONTECRISTO MINI (20);12.40;5;Estuche
1156;AGIO MEHARI'S  JAVA    (20);7.30;10;Estuche
1158;GAULOISES RUBIO ROJO;5.85;10;Cajetilla
1171;PICADURA SELECTA         (40G);9.80;10;Bolsa
1173;MINI DAVIDOFF GOLD (20);15.20;5;Estuche
1174;GAULOISES RUBIO AZUL;5.85;10;Cajetilla
1176;AGIO MEHARI'S ECUADOR. (20);7.30;10;Estuche
1179;MONTECRISTO N.3           (25);415.00;1;Caja
1180;COHIBA MINI     (20);14.90;5;Estuche
11841;BLACK DEVIL BLACK (20);4.90;10;Cajetilla
1185;LA PAZ WILDE CIGARRO      (20);13.70;5;Estuche
1188;DUNHILL INTERNATIONAL;7.15;10;Cajetilla
1189;DON JULIÁN MINI (20);7.20;5;Estuche
1195;SUPERKINGS BLUE;7.90;10;Cajetilla
1210;GAULOISES RUBIO AMARILLO;5.85;10;Cajetilla
1218;EMBASSY Nº 1;7.90;10;Cajetilla
1223;MONTECRISTO N.5           (25);227.50;1;Caja
1230;GITANES CORTOS SIN FILTRO DURO;7.00;10;Cajetilla
1232;AGIO MEHARI'S RED ORIENT (20);7.30;10;Estuche
1234;DON JULIÁN Nº1 (5);22.00;5;Estuche
1236;GUAJIRO AROMAS            (10);3.80;10;Caja
1243;FONSECA DELICIAS          (25);110.00;1;Caja
1248;ROTHMANS BLUE;6.90;10;Cajetilla
12503;VEGAFINA CLASICC PERLA (10;29.50;1;Caja
12511;PUEBLO  30 G  FINE CUT NL;7.10;10;Bolsa
1258;JPS BLACK;5.85;10;Cajetilla
1263;JPS AMERICAN BLEND WHITE;5.85;10;Cajetilla
12669;TRABUCOS CORONAS 50 NL;27.50;1;Estuche
1272;SILK CUT WHITE;7.90;10;Cajetilla
1285;VOGUE SUPER SLIMS BLUE;7.15;10;Cajetilla
12913;LATINO HERITAGE;4.80;10;Cajetilla
1295;FONSECA COSACOS           (25);182.50;1;Caja
1299;GITANES CORTOS CON FILTRO DURO;7.00;10;Cajetilla
1306;VASCO DA GAMA Nº2 CLARO (25);50.00;1;Caja
1307;REY MUNDO DEMI TASSE      (25);150.00;1;Caja
13081;ROM Y JUL SHORT CHURCHIL 25 NL;530.00;1;Caja
13083;ROM Y JUL SHORT CHURCHIL 10 NL;212.00;1;Caja
1311;LAMBERT & BUTLER GOLD;7.75;10;Cajetilla
1314;CLUBMASTER MINI N.121 SUM.(20);4.70;10;Lata
1321;MINI DAVIDOFF             (50);38.00;1;Caja
1324;FONSECA N.1 (25);250.00;1;Caja
1332;GUAJIRO N.5               (25);27.50;1;Caja
1333;MONTECRISTO N.1           (25);522.50;1;Caja
1337;FONSECA CADETES           (25);107.50;1;Caja
1340;F.T.PARTAGAS SUPERPARTAGAS(25);252.50;1;Caja
1356;MONTECRISTO MINI (10);6.30;10;Estuche
1360;FLOR CANO PETIT CORONAS   (25);97.50;1;Caja
1362;MONTECRISTO N.2           (25);645.00;1;Caja
1365;AGIO MEHARI'S ECUADOR . (50);15.60;4;Estuche
13721;VEGAFINA MINI FILTER 20 NL;5.90;5;Lata
13729;STERLING KING SIZE;7.20;10;Cajetilla
13730;STERLING SUPERKINGS;7.20;10;Cajetilla
13772;ROM Y JUL SHORT CHURCH TUB 3NL;65.70;1;Caja
13783;PALL MALL PUERTO RICO;5.85;10;Cajetilla
13842;COHIBA CLUB (10) ESP PC NL;9.70;10;Caja
13843;MONTECRISTO CLUB (10) ESP PC NL;8.00;10;Caja
13929;ROM Y JUL PETIT JULIETA 25 NL;160.00;1;Caja
13931;BOLIVAR BELICOSOS FINOS WSL (25);455.00;1;Caja
13933;H. UPMANN CORONAS MAJOR T/AL 25 NL;235.00;1;Caja
13935;AMBER LEAF 10 X 50 G;15.50;10;Bolsa
13936;ROM Y JUL MILLE FLEURS (10) NL;74.00;1;Caja
13979;FLEUR DU PAYS N.1 BLOND 500 GR NL;130.40;1;Bolsa
14064;J.CORTES CORONA SUMATRA 100% S (10);33.00;2;Caja
14077;VILLIGER EXPORT  PRESSED (5) NL;7.20;5;Estuche
14079;VILLIGER KIEL JUNIOR  (10) NL;5.50;10;Estuche
14129;MONTECRISTO PETIT EDMUNDO (25) NL;457.50;1;Caja
14130;MONTECRISTO PETIT EDMUNDO (10);183.00;1;Caja
14134;JPS AMERICAN BLEND RED 100'S;5.50;10;Cajetilla
14138;BRANIFF NEGRO FILTER CAPA NATURAL 20;3.10;10;Estuche
1421;F.T.PARTAGAS HABANEROS    (25);197.50;1;Caja
1427;SIGNATURE BLUE      (20);6.10;5;Lata
1428;SIGNATURE ORIGINAL (20);6.10;5;Lata
1429;ROM Y JUL CORONITAS     (25);217.50;1;Caja
14443;DUCADOS MINI 20 ESP NL;4.10;10;Estuche
1445;H.W. HALF CORONAS          (5);8.60;5;Estuche
14534;VEGAFINA CLASSIC PERLA TUBO (10);33.50;1;Caja
1461;BORKUM RIFF BRONZE   (50 G);7.80;5;Bolsa
14636;H. UPMANN MAGNUM 46  TUBO (3) NL;59.10;1;Caja
14638;MONTECRISTO PETIT EDMUNDO TUBO (3)  NL;57.00;1;Caja
1465;MONTECRISTO N.3            (5);83.00;1;Estuche
14667;H.MONTERREY CORONATIONS T/ALUM(25);300.00;1;Caja
14672;MONTECRISTO EDMUNDO TUBO (3);79.20;1;Estuche
14673;MONTECRISTO N.4        (10) NL;127.00;1;Caja
14674;MONTECRISTO PETIT TUBOS 25  NL;335.00;1;Caja
14675;MONTECRISTO PETIT TUBOS 5;67.00;1;Caja
14686;ROM Y JUL ROMEO N.1    (3) NL;34.80;1;Estuche
14688;ROM Y JUL ROMEO N.2    (3) NL;36.00;1;Caja
14689;ROM Y JUL ROMEO N.3   (10)  NL;93.00;1;Caja
14690;ROM Y JUL ROMEO N.3   (3)  NL;27.90;1;Caja
14715;H. UPMANN CORONAS JUNIOR TUBO 25;185.00;1;Caja
14720;JOSE L. PIEDRA PETIT CAZADOR5;9.50;5;Caja
14730;QUAI D'ORSAY CORONAS CLARO (25) NL;400.00;1;Caja
14757;TOSCANELLO ROSSO 5;4.90;10;Estuche
14759;ANTICO TOSCANO 5;9.50;10;Estuche
14760;TOSCANELLO 5;4.90;10;Estuche
14761;TOSCANO EXTRAVECCHIO 5;7.10;10;Estuche
1483;PUNCH PUNCH PUNCH         (25);475.00;1;Caja
1484;TURNER ORIGINAL     (40G);7.95;5;Bolsa
14871;RICHMOND SUPERKINGS;7.40;10;Cajetilla
1490;VEGAS ROBAINA FAMOSOS      (25);400.00;1;Caja
14915;TOSCANO CLASSICO 5;6.60;10;Estuche
1493;DAVIDOFF DEMI TASSE NL (10);20.80;5;Caja
1499;AMPHORA FULL   (50G);7.80;5;Bolsa
15021;AL CAPONE ORIGINAL FILTER (10);2.70;10;Estuche
15062;PONCHO CIGARRITOS  10;2.60;10;Caja
1507;JOHN PLAYER KING SIZE BLUE;6.90;10;Cajetilla
1508;NOBEL PETIT WHITE SUMATRA (20);8.90;5;Estuche
1510;QUINTERO LONDRES EXTRA    (25);85.00;1;Caja
1513;VEGAS ROBAINA UNICOS       (25);550.00;1;Caja
15158;DAVIDOFF PRIMEROS 6;30.00;5;Estuche
1518;GUAJIRO GRAN CEDRO        (25);46.50;1;Caja
1520;COHIBA SIGLO II           (25);980.00;0;Caja
1526;MINI DAVIDOFF CIGAR SILVER 20;15.20;5;Estuche
15322;VASCO DA GAMA CAPA DE ORO25 NL;50.00;1;Estuche
1534;CONDAL N.4  (25);155.00;1;Caja
1535;AMSTERDAMER FINE CUT 40 G;8.50;10;Bolsa
15369;MACANUDO CLUB CIGARILLOS (20);8.80;5;Caja
1538;BORKUM RIFF ORIGINAL (50G) BY.;7.90;5;Bolsa
1541;MONTECRISTO ESPECIAL      (25);635.00;1;Caja
1545;BORKUM RIFF RUBY (50 G);8.00;5;Bolsa
1549;DAVIDOFF SIGNATURE N.2000 (25) NL;360.00;1;Caja
1554;ROM Y JUL ROMEO N.1     (10);116.00;1;Estuche
1559;SANCHO PANZA NON PLUS     (25);230.00;1;Caja
1560;ST. BRUNO READY RUBBED   (50G);8.90;5;Bolsa
1564;MONTECRISTO JOYITAS       (25);225.00;1;Caja
15723;TOSCANO ANTICA RISERVA 2;5.30;10;Estuche
15724;DAVIDOFF ROBUSTO COLLECTION 5;67.10;1;Caja
15727;HOLGER DANSKE RUBY MELANGE 50 G;4.50;5;Bolsa
15728;HOLGER DANSKE BLACK & B (50 G);5.65;5;Bolsa
15760;NOBEL TRIPLE FILTRO;6.00;10;Cajetilla
15774;PALL MALL R. N. ORL S.R.T. 200;48.00;3;Lata
15791;HERENCIA PALMERA BREVAS 25;15.00;1;Estuche
15793;HERENCIA PALMERA SEÑORITAS 25;12.50;1;Estuche
1580;DAVIDOFF SIGNATURE 1000 (25);275.00;1;Caja
15897;PUEBLO  100 G  FINE CUT NL;23.60;1;Lata
1590;F.T.PARTAGAS LUSITANIA    (25);805.00;0;Caja
1594;SANCHO PANZA BELICOSOS    (25);390.00;1;Caja
1595;CONDAL N.6  (25);155.00;1;Caja
15968;GUAJIRO FORTE TROMPETAS 5 NL;2.10;5;Estuche
1597;MAC BAREN MIXTURE        (50G);8.00;5;Bolsa
1598;CALYPSO REIG MINI FILTER NL(20);6.70;10;Estuche
1599;ROM Y JUL CHURCHILLS TUBO (10);300.00;1;Caja
1603;COHIBA EXQUISITOS         (25);980.00;0;Caja
1607;COHIBA PANATELAS (25);775.00;0;Caja
16082;BRANIFF AMER.  BLEND CAPA NATURAL;3.10;10;Estuche
16104;F.T.PARTAGAS MILLE FLEUR(25)NL;185.00;1;Caja
16114;VEGAFINA CLASSIC SHORT ROBUSTO (25);122.50;1;Caja
1613;HALF AND HALF            (50G);8.10;5;Bolsa
16151;PANTER MINI ORIGINAL 20;5.60;10;Lata
16152;PANTER MINI BLEU 20;5.60;10;Lata
16213;H. UPMANN MAGNUM 50   (25)  NL;577.50;1;Caja
16214;TABACS JUNEDA CALIQUEÑOS 20;20.00;4;Caja
16216;NEOS MINI JAVA  (20)  NL;5.00;10;Estuche
16263;GAULOISES BRUNES;6.35;10;Cajetilla
16280;D.TOMAS CLASICO ROBUSTO  25;107.50;1;Caja
16281;D.TOMAS CLASICO ROTHSCHILD  25;100.00;1;Caja
16284;PUEBLO CIGARETTE;5.15;10;Cajetilla
1629;DAVIDOFF SIGNATURE N.2000 (5) NL;72.00;1;Estuche
16328;GAULOISES MELANGE ORIGINAL 40G;10.05;10;Bolsa
1634;BORKUM RIFF BLACK (50 G);8.30;5;Bolsa
16350;F.T.PARTAGAS SERIE D N.4(10)NL;212.00;1;Caja
16357;H.MONTERREY EPICURE ESP  25;565.00;1;Caja
1637;DAVIDOFF SIGNATURE 1000  (5) NL;55.00;1;Estuche
16404;EL CREDITO SERIE R N.4 ( 24) NL;124.80;1;Caja
16405;EL CREDITO SERIE R N.5 ( 24) NL;141.60;1;Caja
16406;EL CREDITO SERIE R N.6 ( 24) NL;194.40;1;Caja
1645;CLAN BLUE (50G);8.30;5;Bolsa
1646;CAPSTAN ORIGINAL NAVY CUT(50G);11.40;5;Lata
1651;BROOKFIELD Nº 1 (50 G);5.00;5;Bolsa
16629;H.MONTERREY EPICURE ESP  10;226.00;1;Caja
16638;LA CAMPANA CALIQUEÑOS (20);20.00;2;Caja
16641;LA CAMPANA CALIQUEÑOS (10);10.00;5;Caja
16684;MARLBORO POCKET PACK (CORTO);6.00;10;Cajetilla
16725;PUEBLO BLUE;5.15;10;Cajetilla
16763;MACANUDO LONDON CLUB CONNECTICUT 25;77.50;1;Caja
16781;TABACS JUNEDA  CALIQUEÑOS 50;50.00;1;Caja
1689;DAVIDOFF SIGNATURE N.2   (5) NL;105.00;1;Estuche
1696;BORKUM RIFF COPPER (50 G);8.30;5;Bolsa
1699;KENTUCKY BIRD            (50G);7.20;5;Bolsa
17000;F.T.PARTAGAS SALOMONES 10;382.00;1;Caja
17036;VEGAFINA SHORT ROBUSTO (10) NL;49.00;1;Caja
17097;EL CREDITO SERIE R N.3  24;94.80;1;Caja
17140;PANTER MINI RED 20;5.60;10;Lata
17149;AMIGOS  (20) NL CN;4.60;10;Caja
17196;CANDLELIGHT FILTER RED (10);1.60;10;Caja
17197;CANDLELIGHT FILTER GOLD 10;1.60;10;Caja
1720;INDIAN SUMMER            (50G);8.00;5;Bolsa
17201;CANDLELIGHT B. CORONA SUMATRA 25;30.00;1;Caja
17202;MANITOU F.CUT VIRGINIA.GOLD100;19.00;3;Lata
17213;BURTON ORIGINAL;4.80;10;Cajetilla
17217;MANITOU VIRGINIA GOLD;5.00;10;Cajetilla
17218;MANITOU VIRGINIA PINK;5.00;10;Cajetilla
17221;CALYPSO REIG 1 (10);3.40;10;Estuche
1723;MAC BAREN GOLDEN AMBROSIA(50G);8.30;5;Bolsa
1725;H.MONTERREY EPICURE N.1   (25);530.00;1;Caja
17253;MAKLA BOUHLEL BENTCHICOU ROUGE 20;1.70;10;Lata
17257;LA DALIA REIG 7 CORTADOS NA (10);7.60;10;Estuche
17317;H. UPMANN MAGNUM 50 TUBO 3;71.40;1;Caja
17318;H.MONTERREY EPICURE ESP TUBO 3;69.90;1;Caja
1733;MAC BAREN RED AMBROSIA (50G);8.00;5;Bolsa
17412;MONTE NEGRO SERIE ORO (24) ED.ESP;55.20;1;Caja
17487;CLUBMASTER MINI FILTER RED 20;4.70;10;Estuche
1754;SKANDINAVIK NAVY (50 G);8.40;5;Bolsa
17555;GOLDEN VIRGINIA YELLOW 50G;15.30;10;Bolsa
1757;GAWITH ORIGINAL  (10G);2.50;10;Lata
17579;HDA. DOS SANTOS CORONAS 25;50.00;1;Caja
1758;GLETSCHERPRISE           (10G);2.50;10;Lata
17580;HDA. DOS SANTOS G. RESERVA 25;56.25;1;Caja
17582;CONSUL CRISTALES RESERVA 25;47.50;1;Caja
17583;CONSUL ESPECIALES 25;42.50;1;Caja
1761;LOWENPRISE               (10G);2.50;10;Lata
17648;MONTE NEGRO PANETELAS 25;35.00;1;Caja
17656;JPS VIRGINIA BLUE;7.15;10;Cajetilla
1772;DAVIDOFF ANIVER SPECIAL R  (25);562.50;1;Caja
17737;AMIGOS   10;3.30;10;Estuche
1775;SKANDINAVIK MIXTURE      (50G);8.20;5;Bolsa
1776;EXCLUSIV MIXTURE Nº 6 (50 G);5.50;5;Lata
17770;D.TOMAS CLASICO LINDOS (25);90.00;1;Caja
1783;CAPSTAN GOLD NAVY CUT (50G);10.90;5;Lata
17853;PANTER DESERT 20 ND;4.70;10;Caja
17859;NEOS MINI JAVA 50   NL;18.00;2;Caja
17869;BRANIFF NEGRO CAPA NATURAL 20;3.10;10;Estuche
17945;STEEPLE MEZCLA AMERICANA 350 G;71.00;1;Lata
1796;CONDAL ROBUSTO (25);162.50;1;Caja
18014;MONTECRISTO OPEN REGATA 20;292.00;1;Caja
18015;MONTECRISTO OPEN EAGLE 20;568.00;1;Caja
18017;MONTECRISTO OPEN JUNIOR 20;182.00;1;Caja
1803;CONDAL CHURCHILL  (25);212.50;1;Caja
18100;AJJA 17 EXTRA BLONDE  40 GR;9.90;10;Bolsa
18151;MACANUDO ASCOTS MADURO 10;11.60;10;Caja
1816;DANSKE CLUB BLACK LUXURY (50G);8.50;5;Bolsa
1820;EXCLUSIV MIXTURE Nº 2 (50 G);5.50;5;Bolsa
1822;J.CORTES MINI             (20);11.50;5;Estuche
18294;CHESTERFIELD ROLL YOUR OWN 30 G;6.50;10;Bolsa
18327;ORIGENES 30 G;6.90;10;Bolsa
18416;BOLIVAR ROYAL CORONAS TUBO 10;203.00;1;Caja
18417;PUNCH PUNCH TUBO 10;197.00;1;Caja
1845;DAVIDOFF ANIVERSARIO SPECIAL'T'  (20);536.00;1;Caja
18627;SIGNATURE FINOS BLUE 20;5.10;5;Lata
18697;PUEBLO  30 G  BURLEY BLEND;7.10;10;Bolsa
18725;AMIGOS POCKET FILTER 20;3.30;10;Estuche
18726;AMIGOS POCKET 20;3.40;10;Estuche
18760;ROLL´S RED 17;2.70;10;Estuche
18762;ROLL´S NEGRO FILTER 17;2.70;10;Estuche
18775;CLUBMASTER CIGARILLO RED 20;5.20;10;Estuche
18793;CHESTERFIELD BLANDO;6.00;10;Cajetilla
18803;BRANIFF LINEA D'ORO RED 20;3.30;10;Estuche
18804;BRANIFF LINEA D'ORO WHITE 20;3.30;10;Estuche
18861;MONTECRISTO OPEN REGATA  T 3;45.90;1;Estuche
18862;MONTECRISTO OPEN EAGLE T 3;87.30;1;Estuche
18863;MONTECRISTO OPEN MASTER T 3;69.90;1;Estuche
18864;MONTECRISTO OPEN JUNIOR T 3;29.40;1;Estuche
1889;BORKUM RIFF MALT BRONZE LAT (200 G);22.80;1;Lata
1907;DAVIDOFF SCOTTISH MIXTURE NL(50G);17.20;5;Lata
19078;MARLBORO TOUCH AZUL;6.00;10;Cajetilla
19102;DUCADOS RUBIO RED SOFT (20);5.70;10;Cajetilla
19117;Vegafina Classic Minutos Ecobag (16);28.00;5;Estuche
19138;ROM Y JUL  JULIETA (5);50.00;1;Caja
19140;ROM Y JUL WIDE CHURCHILLS 10;234.00;1;Caja
19141;ROM Y JUL WIDE CHURCHILLS 3 TUBO;72.30;1;Caja
19159;CANDLELIGHT FILTER WHITE 10;1.60;10;Caja
19185;MAC BAREN 7 SEAS GOLD B. 40 G;4.10;5;Bolsa
19314;L&M BLUE BLANDO;5.75;10;Cajetilla
19379;JPS BLACK 100S;5.85;10;Cajetilla
1942;W.O.LARSEN OLD FASHION. (100G);19.30;3;Lata
1952;CONDAL CORONA INMENSO  (25);206.25;1;Caja
19643;MONTE NEGRO CORONAS 48 HUMIDOR PW;81.60;1;Lata
19676;FLOR DEL SOL ROBUSTO 10;29.00;1;Estuche
19677;FLOR DEL SOL SHORT ROBUSTO 10;27.00;1;Estuche
19683;CANDLELIGHT FILTER GOLD 17;2.60;10;Caja
19758;BULLBRAND FILTER CIGARS 20 HL;2.70;10;Caja
19968;DAVIDOFF P. D'ORO SUBLIMES 4;16.00;1;Estuche
19969;DAVIDOFF P. D'ORO SUBLIMES 10;40.00;1;Caja
19974;DAVIDOFF P. D'ORO NOTABLES 4;24.00;1;Estuche
19975;DAVIDOFF P. D'ORO NOTABLES 10;60.00;1;Caja
19978;DAVIDOFF P. D'ORO MAGNIFICOS10;61.20;1;Caja
1999;MAC LINTOCK WILD C.  50 G;5.50;5;Bolsa
2001;W.O.LARSEN CLASSIC      (100G);19.30;3;Lata
20030;DUCADOS 25 AZUL DURO;7.50;8;Cajetilla
20071;NOBEL STYLE;5.60;10;Cajetilla
20154;MCCHRYSTAL S ORIG & GEN SNUFF 4 G;1.00;12;Lata
20227;AMIGOS FILTER 20     CN;4.70;10;Caja
20228;AMIGOS (50)   CN;17.00;1;Caja
20242;COBURN CAPA NATURAL RED 20;3.80;10;Estuche
20243;COBURN CAPA NATURAL BLUE 20;3.85;10;Estuche
20280;AMIGOS MEDIUM 10;2.60;10;Estuche
20300;BULLBRAND A.B. FILTER CIGARS 20;2.70;10;Caja
20313;TOSCANELLO NERO 5;4.90;10;Estuche
20314;HERENCIA PALMERA;4.80;10;Cajetilla
20343;SELEC P. ROBUSTOS TR 2012 (10);251.00;1;Caja
20344;H. UPMANN HALF CORONA  25;167.50;1;Caja
20345;H. UPMANN HALF CORONA 5;35.00;1;Caja
20351;F.T.PARTAGAS SERIE E N.2  (25);670.00;1;Caja
20352;F.T.PARTAGAS SERIE E N.2  (5);134.00;1;Caja
20376;CALYPSO REIG 1  (18);5.65;10;Estuche
20461;DUCADOS RUBIO 112G;26.50;1;Bolsa
20745;H.MONTERREY EPICURE N.2 TUBO 3;65.70;1;Estuche
20820;BARLOVENTO BREVAS (50);32.50;1;Estuche
20943;VERELLEN PONCHO 10;3.00;10;Caja
21109;QUINTERO FAVORITOS    25;117.50;1;Caja
21110;RAFAEL GONZ. PERLAS 25;93.75;1;Caja
21130;CAMEL PICADURA DE LIAR 70G;16.90;5;Lata
21141;WINSTON PICADURA DE LIAR 70G;16.90;5;Lata
2117;CONDAL N.5  (25);150.00;1;Caja
21190;COBURN CAPA NATURAL RED 10;2.00;20;Estuche
2121;PUNCH PETIT CORONATIONS   (25);220.00;1;Caja
21250;MONTE NEGRO BUCANEROS 10 PW;3.00;10;Caja
21294;VEGAFINA SERIE 2 GRAN CORONA (10);48.00;1;Caja
21295;VEGAFINA PANETELAS F2 25;80.00;1;Caja
21296;VEGAFINA SERIE 2 SHORT BELICOSO (10);50.00;1;Caja
21348;AMSTERDAMER 40 G;4.50;5;Bolsa
21363;DUCADOS RUBIO 170G;39.85;1;Bolsa
21797;FORTUNA CUBO LIAR/ENTU (80 G);18.15;3;Lata
22052;AROMAS DEL CARIBE SHORT ROBUSTO 25 PW;45.00;1;Caja
22053;AROMAS DEL CARIBE TORPEDOS 25 PW;45.00;1;Caja
22055;AROMAS DEL CARIBE DEMI TASSE 25 PW;35.00;1;Caja
22056;AROMAS DEL CARIBE G. ROBUSTO 25 PW;50.00;1;Caja
22550;MONTECRISTO N.5      (5)    PW;45.50;1;Caja
22562;MONTECRISTO N.4         (5) PW;63.50;1;Estuche
22572;H.MONTERREY P. ROBUSTOS (3) PW;46.20;1;Estuche
22573;MONTECRISTO N.4      (3)    PW;38.10;1;Estuche
22629;F.T.PARTAGAS SER.D N.4 TUB(3)PW;65.70;1;Estuche
22728;F.T.PARTAGAS SERIE D N.5  (10)PW;160.00;1;Caja
22729;F.T.PARTAGAS SERIE D N.5  (25)PW;400.00;1;Caja
22742;NOBEL SLIMS;5.85;10;Cajetilla
22758;HANDELSGOLD N.100 (10) PW;2.00;10;Caja
22815;VEGAFINA CORONAS (4) PW;18.20;1;Estuche
22816;VEGAFINA CORONITAS  (4)PW;17.00;1;Estuche
22821;VEGAFINA ROBUSTOS (3)PW;17.10;5;Estuche
22824;VEGAFINA SHORT ROBUSTOS (3) PW;14.70;5;Lata
22829;VEGAFINA GRAN CORONA F2 (4)PW;19.20;1;Estuche
22830;VEGAFINA SHORT BELICOSO F2(3)PW;15.00;1;Estuche
22831;VEGAFINA SERIE 2 PANETELA (5);16.00;1;Estuche
23007;CAMEL ACTIVA;6.10;10;Cajetilla
23479;LUCKY STRIKE ORIGIN. TOBAC;5.75;10;Cajetilla
23483;AL CAPONE GOLD FILTER (10);2.70;10;Estuche
23580;AL FAKHER THE DOUBLE CRUNCH (50G);4.70;10;Caja
23581;AL FAKHER RED PATCH (50G);4.70;10;Caja
23586;AL FAKHER GRAPIO GREEN (50G);4.70;10;Caja
23587;AL FAKHER GRAPIO(50G);4.70;10;Caja
23589;AL FAKHER BIG GREEN (50G);4.70;10;Caja
23611;DESERT GOLD BLUE;4.65;10;Cajetilla
23621;AL FAKHER GRAPIO GREEN(250G);19.95;1;Caja
23622;AL FAKHER GRAPIO (250 G) PW;19.95;1;Caja
23676;ELIXYR RED;4.95;10;Cajetilla
23677;ELIXYR RED 100`S;4.90;10;Cajetilla
23678;ELIXYR BLUE;4.95;10;Cajetilla
23679;ELIXYR + M-TYPE;5.00;10;Cajetilla
23681;AUSTIN RED;4.80;10;Cajetilla
23682;AUSTIN BLUE;4.80;10;Cajetilla
23684;DUCAL RED;4.85;10;Cajetilla
23686;ELIXYR ORIGINAL (175 G);31.50;1;Lata
23799;F.T.PARTAGAS SERIE D N.5 T (3) PW;50.10;1;Estuche
23801;ROM Y JUL PETIT CHURCHILLS 25 PW;387.50;1;Caja
23802;ROM Y JUL PETIT CHURCHILLS T 3 PW;48.60;1;Estuche
23906;CORONAS RESERVA CIG CPB CAJ.20 PW;4.65;10;Caja
23912;PANTER MINI FILTER RED 20 PW;5.60;10;Lata
24010;CROSSROAD GOLD DRUM 75 G PW;15.50;1;Lata
24037;GAULOISES RUBIO ROJO 24;6.65;8;Cajetilla
24039;GAULOISES RUBIO AZUL 24;6.65;8;Cajetilla
24068;CORSET LILAS SUPERSLIMS;4.80;10;Cajetilla
24069;CORSET PINK SUPERSLIMS;4.80;10;Cajetilla
24070;CORSET MARINE SUPERSLIMS;4.80;10;Cajetilla
24075;JPS AMERICAN BLEND RED 24;6.70;8;Cajetilla
24187;ELIXYR OPTIMAL CUT (150 G);27.00;1;Lata
24227;VEGAFINA ROBUSTO F2 (10) PW;57.00;1;Caja
24228;VEGAFINA ROBUSTO F2 TUBO 20 PW;126.00;1;Caja
24229;STEEPLE NEGRO 70 G PW;14.25;1;Bote
24233;FLANDRIA TABAC SPECIAL 100 G PW;20.55;1;Bote
2443;PETER STUYVESANT BLUE;6.25;10;Cajetilla
2444;PETER STUYVESANT SILVER;6.25;10;Cajetilla
24498;EL CREDITO SERIE R N.6 (4) PW;24.40;1;Estuche
24520;COBURN DARK 20 PW;3.80;10;Estuche
24572;MANITOU GREEN 50 GR PW;10.20;4;Lata
24604;CANDLELIGHT FILTER GREEN 10 CB PW;1.60;10;Caja
24607;BULLBRAND TABACO NEGRO 100 G L PW;18.90;3;Lata
2461;WINFIELD RED;8.40;8;Cajetilla
24628;MINI DAVIDOFF CIGARILLOS GOLD 10 PW;7.60;10;Caja
24648;DUCADOS RUBIO CIGARRITOS (20);3.75;10;Estuche
24651;IDEALES 75 G;18.25;5;Lata
2470;AGIO MEHARI'S JAVA   (50);15.60;4;Caja
24711;FLORIDITA RED FILTER 20;4.20;10;Estuche
24712;FLORIDITA 20 PW;4.20;10;Estuche
24720;MAYA ORIGINAL PF;5.20;10;Cajetilla
2481;PETER STUYVESANT RED;6.25;10;Cajetilla
24864;AL FAKHER GREEN CHU (50 G);4.70;10;Caja
24871;AL FAKHER THE DOUBLE CRUNCH (1000G);73.95;1;Caja
24872;AL FAKHER BIG GREEN (1000G);73.95;1;Caja
24873;AL FAKHER GREEN CHU 1000 G;73.95;1;Caja
24879;VILLIGER MINI BLACK SUMATRA 20 PW;4.50;5;Estuche
24880;VILLIGER MINI RED FILTER 20 PW;4.50;5;Estuche
24883;BRANIFF LINEA D ORO NEGRO FIL 20 PW;3.30;10;Estuche
24885;CORONAS BLACK SOFT;5.95;10;Cajetilla
24896;JOCKEY RED FILT CIG 17 CELO PW;2.40;10;Caja
24897;JOCKEY BLUE FILT CIG 17 CELO PW;2.40;10;Caja
24905;VEGAFINA SHORT ROBUSTO TUB 20 PW;110.00;1;Caja
24911;MONTE NEGRO BREVAS ESPEC. 25 PW;13.75;1;Caja
24923;MANITOU VIRGINIA GREEN 20;5.20;10;Cajetilla
24933;Vegafina Classic Corona Tubos Humidor 40;202.00;1;Caja
24952;QUINTERO FAVORITOS 5 PW;23.50;1;Estuche
24954;NOBEL LATA LIAR/ENTU (70 G);16.85;3;Lata
24960;MAC BAREN 7 SEAS ORIG BLEND 40 PW;3.60;5;Bolsa
25003;NEOS MINI RED FILTER 20 PW;5.00;10;Estuche
25015;CLUBMASTER MINI BLUE 20 PW;4.70;10;Caja
25016;BARSDORF`S BEST B.VIRGIN 100 G PW;7.60;2;Lata
25017;BARSDORF'S BESTER MIXTURE 100 G PW;7.60;2;Lata
25020;BARSDORF`S BEST B.VIRGIN 40 G PW;3.50;5;Bolsa
25048;MONTE NEGRO BUCANEROS CUBA 10 PW;3.00;10;Caja
25116;PARTAGAS CLUB 10 PW;6.10;10;Estuche
25117;PARTAGAS MINI 10 PW;5.00;10;Estuche
25119;GUANTANAMERA CRISTALES 5  PW;10.50;1;Caja
25168;CALYPSO DANN. MINI MOODS 10 FIL PW;3.50;10;Caja
25189;CHE RED;5.25;10;Cajetilla
25191;PUEBLO GREEN;5.15;10;Cajetilla
25196;AROMAS DEL CARIBE CELEBRACION 24 PW;48.00;1;Caja
25229;CASA DE GARCIA TORO 10 PW;18.00;1;Caja
25352;DENIM BLUE AMERICAN BLEND;4.50;10;Cajetilla
25362;VASCO DA GAMA CAPA ORO 5 PW;5.00;5;Estuche
2539;DUCADOS MINI CLASSIC (20);4.10;10;Estuche
25427;COHIBA WHITE MINI 20 PW;14.90;5;Caja
25428;COHIBA WHITE CLUB 20 PW;19.00;5;Caja
25444;JPS AMERICAN BLEND BLUE STREAM 24;6.70;8;Cajetilla
25476;AMIGOS POCKET RED 10 PW;1.60;10;Estuche
2548;PHILIP MORRIS FILTER KING;6.10;10;Cajetilla
25500;ROLL´S AB EXCLUSIVE RED 20 PW;3.30;10;Estuche
25501;ROLL´S AB EXCLUSIVE WHITE 20 PW;3.30;10;Estuche
25507;JPS VIRGINIA BLUE 100'S;7.15;10;Cajetilla
25526;DAVIDOFF MAST ED 2013 (10) CHT PW;135.20;1;Caja
25527;DAVIDOFF P. D'ORO GORDITOS 25 PW;175.50;1;Caja
25528;DAVIDOFF P. D'ORO GORDITOS 4 PW;28.08;1;Estuche
25648;MIRO ROBUSTO 20 PW;90.00;1;Caja
25649;MIRO SHORT ROBUSTO 15 PW;59.25;1;Caja
25650;MIRO MINI TORPEDO 15 PW;45.00;1;Caja
25658;CUSANO CORONA 16  PW;52.80;1;Caja
25659;CUSANO PETIT PANETELA 16 PW;41.60;1;Caja
25661;CUSANO FIGURADO 16 PW;41.60;1;Caja
25662;CUSANO ROBUSTO 16 PW;57.60;1;Caja
25663;CUSANO CHURCHILL 16 PW;62.40;1;Caja
25668;CUSANO CORONA 4  PW;10.00;1;Estuche
25671;CUSANO FIGURADO 4 PW;10.00;1;Estuche
25675;CUSANO PETIT CORONA 4 PW;8.80;1;Estuche
2570;DUCADOS AZUL/BLANCO DURO;6.20;10;Cajetilla
25707;MONTECRISTO DOUBLE EDMUNDO (3) PW;77.40;1;Estuche
25708;MONTECRISTO DOUBLE EDMUNDO 25 PW;645.00;1;Caja
25709;MONTECRISTO DOUBLE EDMUNDO 10 PW;258.00;1;Caja
25718;MONTE NEGRO CORONITAS 25 PW;8.50;1;Caja
25725;AL CAPONE ORIGINAL FILTER (18);4.70;10;Caja
25747;WEST ROJO 100 (20);5.00;10;Cajetilla
25797;CASA DE GARCIA ROBUSTOS (10)PW;16.00;1;Caja
25798;CASA DE GARCIA SHORT ROBUSTO 10 PW;14.00;1;Caja
25808;PUEBLO BLUE 30 G PW;7.10;10;Bolsa
25820;MONTECRISTO PETIT N.2 (25) PW;457.50;1;Caja
25821;MONTECRISTO PETIT N.2  (10)  PW;183.00;1;Caja
25825;VEGUEROS ENTRETIEMPOS (4)  PW;29.60;1;Caja
25826;VEGUEROS MAÑANITAS (4)  PW;21.60;1;Caja
25827;VEGUEROS TAPADOS (4)  PW;23.60;1;Caja
2588;REX CIGARRITOS            (20);4.50;10;Estuche
2589;REX CIGARRITOS  FILTRO   (20);4.50;10;Estuche
25927;MARLBORO RED TUB&ROLL 30 G PW;7.10;10;Bolsa
25929;MARLBORO GOLD ORIG TUB&ROLL 30G PW;7.10;10;Bolsa
2595;DAVIDOFF GRAND CRU N 2 NL(5);86.00;1;Estuche
25959;CHESTERFIELD CIGARRITOS 20´S;4.50;10;Estuche
25961;DAVIDOFF NICARAGUA TORO (4);87.60;1;Estuche
25963;DAVIDOFF NICARAGUA ROBUSTO T 4 PW;79.20;1;Estuche
2601;DAVIDOFF GRAND CRU N.5 NL (5);62.50;1;Estuche
2602;DAVIDOFF GRAND CRU N.5 NL(25);312.50;1;Caja
2604;DAVIDOFF Nº2 TUBOS NL   (4);59.20;1;Estuche
2610;FARIAS SUPERIORES (5);9.50;10;Estuche
2611;ENTREFINOS CORTADOS (10);5.50;10;Estuche
26140;JOCKEY GREEN FILT CIG 17 CELO PW;2.40;10;Caja
26146;REDFIELD 350 G PW;67.50;1;Bote
26166;TOSCANELLO BIANCO (5);4.90;10;Estuche
26173;COLTS YELLOW 40 G PW;3.60;5;Bolsa
26174;COLTS DUTCH BLEND 40 G PW;3.60;5;Bolsa
2619;VEGAFINA MINI (20);5.90;5;Estuche
2621;ROTHMANS RED;6.90;10;Cajetilla
2628;FARIAS MINI (20);5.50;10;Estuche
2632;FARIAS CHICOS (10);6.10;10;Estuche
26337;MONTE NEGRO CORSARIO 10 PW;2.90;10;Estuche
26338;HOLGER DANSKE ORIGINAL TOBACCO 40G;3.90;5;Bolsa
26339;NEWS (50 G);11.90;5;Lata
2634;ALBATROS TUBULAR.         (20);34.00;1;Caja
26340;NEWS (250 G);55.50;1;Bote
2637;MARLBORO RED 100'S;6.00;10;Cajetilla
2638;MARLBORO GOLD 100'S;6.00;10;Cajetilla
26384;AL CAPONE SUN FILTER (10);2.70;10;Estuche
26401;FORTUNA 180 C LIAR/ENTUBAR 90 G;21.10;1;Bolsa
26414;JPS 120 C LIAR/ENTUBAR 60 G;14.30;3;Lata
26425;MAC BAREN 7 SEAS BRIGHT BL 40 G PW;3.60;5;Bolsa
26449;H.MONTERREY HOYO SAN JUAN 10 PW;248.00;1;Caja
26450;H.MONTERREY HOYO SAN JUAN T 3 PW;76.50;1;Estuche
26455;F.T.PARTAGAS SERIE D N.6  20 PW;250.00;1;Caja
26456;F.T.PARTAGAS SERIE D N.6  5 PW;62.50;1;Caja
26458;QUINTERO PETIT QUINTEROS 25 PW;57.50;1;Caja
26466;ROM Y JUL CEDROS DE LUXE 10 PW;238.00;1;Caja
26472;TRINIDAD VIGIA  12 PW;636.00;1;Caja
26473;VEGUEROS ENTRETIEMPOS 16  PW;118.40;1;Caja
26474;VEGUEROS MAÑANITAS 16  PW;86.40;1;Caja
26475;VEGUEROS TAPADOS 16 PW;94.40;1;Caja
26491;AUSTIN RED 100´S;4.75;10;Cajetilla
26532;CAO OSA LOT 50 (25) PW;152.50;1;Caja
26533;CAO OSA LOT 54 (25) PW;165.00;1;Caja
26534;CAO OSA LOT 58 (25) PW;177.50;1;Caja
26535;SIGNATURE FINOS FILTER RED 10;2.50;10;Lata
26536;SIGNATURE FINOS FILTER BLUE 10 PW;2.50;10;Lata
2656;VEGAFINA CLASSIC CORONA (25);113.75;1;Caja
2657;VEGAFINA CORONITAS (25);106.25;1;Caja
2659;VEGAFINA PROMINENTES      (25);208.75;1;Caja
2660;VEGAFINA ROBUSTOS         (25);142.50;1;Caja
26609;CAMEL ESSENTIAL FILTERS;6.00;10;Cajetilla
26610;CAMEL ESSENTIAL BLUE;6.00;10;Cajetilla
26626;SIGNATURE FINOS BEIGE 20 PW;5.10;5;Lata
26647;ROTHMANS OF LONDON 100´S;5.10;10;Cajetilla
26656;ROLL´S WHITE (17);2.70;10;Estuche
26657;BRANIFF A B CAPA NATURAL 17 PW;2.70;10;Estuche
26658;BRANIFF NEGRO F CAPA NATURAL17 PW;2.70;10;Estuche
26694;PARTAGAS SERIE CLUB 20 PW F;13.20;5;Caja
26697;PARTAGAS SERIE MINI 20 PW F;10.70;5;Caja
26699;JOCKEY RED XL CIGAR 10 SP;1.70;10;Caja
26704;BLACK DEVIL PINK;4.90;10;Cajetilla
26727;MACANUDO INSPIRADO P.PIRAMID20 PW;106.00;1;Caja
26779;HERENCIA PALMERA BREVAS 5 PW;2.35;10;Estuche
26780;HERENCIA PALMERA SEÑORITA 5 PW;1.85;10;Estuche
26782;NEWMINSTER 20 PW;2.80;10;Estuche
26796;MIRO TOROS 20 PW;80.00;1;Caja
26797;MIRO GORDOS 20 PW;90.00;1;Caja
26798;MIRO PERLAS 24 PW;52.80;1;Caja
26802;DAVIDOFF NICARAGUA PRIMEROS 6 PW;30.00;5;Estuche
26803;DAVIDOFF NICA. PRIM. MADURO 6 PW;30.00;5;Estuche
26804;DAVIDOFF PRIMEROS MADURO 6 PW;30.00;5;Estuche
26805;DAVIDOFF ANIVERSARIO N.3  (10);260.00;1;Caja
26809;VEGAFINA NICARAGUA G. TORO 25 PW;165.00;1;Caja
26810;VEGAFINA NICARAGUA ROBUSTO (25);142.50;1;Caja
26811;VEGAFINA NICARAGUA SHORT 25;85.00;1;Caja
26812;VEGAFINA NICARAGUA SHORT 4 PW;13.60;5;Caja
26834;PUEBLO ORANGE;5.15;10;Cajetilla
26866;L&M FIRST CUT;5.55;10;Cajetilla
26920;BREAK NEGRO 17 PW;2.30;10;Caja
26951;MCCHRYSTAL'S ORIG&GEN SNUFF GLACIER 4 G;1.00;12;Lata
26952;MCCHRYSTAL'S OR&GEN SNUFF SUNSET 4 G;1.00;12;Lata
2701;MAKLA IFRIKIA            (20G);1.85;10;Lata
27019;BURTON ORIGINAL 100;4.70;10;Cajetilla
27051;MISSISIPI 70 G PW;5.75;4;Lata
27052;OLSEN 80 G PW;5.60;4;Lata
27106;DAVIDOFF NICARAGUA ROBUSTO TUBO 12 PW;237.60;1;Caja
27137;MONTE NEGRO ROBUSTO MAZO 25 PW;47.50;1;Caja
27191;MANITOU VIRGINIA GOLD 50 GR  PW;9.70;4;Lata
27207;JOCKEY NEGRO XL CIGAR 10;1.70;10;Caja
27254;D.TOMAS BUNDLES PET. CORONA 10 PW;21.50;1;Estuche
27255;D.TOMAS BUNDLES ROBUSTO 10 PW;22.50;1;Estuche
27256;D.TOMAS BUNDLES ROTHSCHILD 10 PW;22.00;1;Estuche
27257;D.TOMAS BUNDLES TORO 10 PW;23.00;1;Estuche
27310;BROOKFIELD Nº 2 (50 G) PW;5.00;5;Bolsa
27317;MONTE NEGRO ESPECIALES MAZO 25 PW;45.00;1;Estuche
27318;MONTE NEGRO TORPEDO MAZO 25 PW;50.00;1;Estuche
2735;MAYFAIR KING SIZE;7.40;10;Cajetilla
27362;HAMPTON PIPE'S TOBACCO 60 G PW;5.35;1;Lata
27363;H.MONTERREY HOYO SAN JUAN 25;620.00;1;Caja
27516;DUCADOS RUBIO 83G;19.85;1;Bolsa
27530;PALL MALL RED CAPA NATURAL (18);3.50;10;Caja
27531;COLONIALES BY FARIAS 25;25.00;1;Caja
27534;BROOKFIELD Nº 1 (200 G) PW;18.30;1;Lata
27551;REIG XS 15 PW;4.30;10;Estuche
27554;LA AURORA 107 CORONA (21);112.14;1;Caja
27555;LA AURORA 107 MADURO ROBUSTO21;115.50;1;Caja
27557;LA AURORA 107 GRAN (21);152.25;1;Caja
27582;PRINCIPES LF MADURO TORO (12);27.00;1;Estuche
27584;PRINCIPES LF MADURO S.SH.ROB12;19.20;1;Estuche
27586;PRINCIPES LF MADURO ROBUSTO 12;22.20;1;Estuche
27587;PRINCIPES LF CLARO ROBUSTO 12;33.60;1;Estuche
27589;PRINCIPES LF CLARO TORO 12;34.20;1;Estuche
27594;AL FAKHER GREEN VELVET (50G);4.70;10;Caja
27597;AL FAKHER WHITE PODS (50 G);4.70;10;Caja
27627;LA AURORA 1495 S.SH.ROBUSTO 10;51.00;1;Caja
27630;WINSTON BLUE 20S;5.85;10;Cajetilla
27677;LA AURORA 1495 S.SH.ROBUSTO 25;175.00;1;Caja
27712;PRINCIPES LF CLARO S.SH.ROBU25;61.25;1;Caja
27713;PRINCIPES LF MADURO S.SH.ROBU25;40.00;1;Caja
27719;PRINCIPES LF CLARO TORO (25);71.25;1;Caja
27721;PRINCIPES LF CLARO ROBUSTO(25);70.00;1;Caja
27723;PRINCIPES CORONAS BLOND 25;23.75;1;Caja
27724;PRINCIPES CORONAS BROWN 25;23.75;1;Caja
27725;PRINCIPES CORONAS ORIGINAL 25;23.75;1;Caja
27732;PRINCIPES CORONAS ORIGINAL (5);4.75;6;Caja
27733;PRINCIPES CORONAS BLOND (5);4.75;6;Caja
27734;PRINCIPES CORONAS BROWN (5);4.75;6;Caja
27762;FERNANDO LEON FR BELICOSO (20);120.00;1;Caja
27764;LA AURORA 1495 15 MINUTES BREAK DISP(5);15.25;4;Caja
27765;PRINCIPES CORONAS ORIGINAL (55);52.25;1;Caja
27780;PRINCIPES CHICOS ORIGINAL(6X5);4.00;6;Caja
27781;PRINCIPES CHICOS BROWN 6X5;4.00;6;Caja
27782;PRINCIPES CHICOS BLOND 6X5;4.00;6;Caja
27792;PETERSON OLD DUBLIN 50 G;11.80;1;Lata
27795;PETERSON SHERLOCK HOLMES 50 G;12.30;1;Lata
27835;LA AURORA 107 LANCERO (21);73.50;1;Caja
27849;LA AURORA 107 BELICOSO (21);145.95;1;Caja
27851;LA AURORA 1495 BME ROBUST BRZ25;135.00;1;Caja
27860;LA AURORA 107 HUM  S E TORO30 (PVP ENVAS;130.00;1;Caja
27861;CAMACHO CONNECTICUT CORONA 20 PW;100.00;1;Caja
27864;CAMACHO CONNECTICUT ROBUSTO 20 PW;164.00;1;Caja
27865;CAMACHO CONNECTI ROBUSTO T 10 PW;82.50;1;Caja
27867;CAMACHO COROJO CORONA 20 PW;100.00;1;Caja
27869;CAMACHO CRIOLLO CORONA 20 PW;100.00;1;Caja
27870;CAMACHO CRIOLLO ROBUSTO 20 PW;160.00;1;Caja
27871;CAMACHO CRIOLLO ROBUSTO TUB 10 PW;75.00;1;Caja
27872;CAMACHO ROBUSTO TUB DISPEN 15 PW;138.00;1;Caja
27893;CLUBMASTER MINI RED 5 TPD;1.50;20;Estuche
27894;CANDLELIGHT CLUB SUMATRA 10;2.50;10;Caja
27895;CANDLELIGHT CLUB HAVANA FILLER 10;2.50;10;Caja
27899;BIG BEN 25 G PW;1.95;10;Bolsa
28047;COLTS ORIGINAL 70 G;6.20;1;Bote
28176;NOBEL 23;6.40;8;Cajetilla
28193;FLOR DE FILIPINAS CORONITAS 25 PW;16.25;1;Caja
28194;FLOR DE FILIPINAS CORONAS 25 PW;16.25;1;Caja
28201;MOON HABANA TABAC DE PIPA 100 G;8.30;3;Lata
28280;MIRO GOLD SERIES 3 TOROS;11.85;3;Estuche
2831;BENSON & HEDGES GOLD;7.90;10;Cajetilla
28324;BARLOVENTO VIUDITA 10 PW;14.00;1;Caja
28325;BARLOVENTO ROBUSTO 10 PW;17.00;1;Caja
28326;BARLOVENTO CORONA 10 PW;16.00;1;Caja
28328;D.TOMAS CLASICO GRUESO 10 PW;53.00;1;Caja
28329;D.TOMAS CLASICO COLOSAL 10 PW;58.50;1;Caja
28344;MANITOU VIRGINIA SKY;5.00;10;Cajetilla
28362;MONTECRISTO MEDIAS CORONAS 25 PW;197.50;1;Caja
28372;ROYALE CASINO 10 ASES PW;2.30;10;Estuche
2841;L&M BLUE LABEL DURO;5.85;10;Cajetilla
28456;DAVIDOFF NICARAGUA DIADEMA 12 PW;279.60;1;Caja
28467;FERNANDO LEON FR CORONA GORDA 20 PW;112.00;1;Caja
28468;FERNANDO LEON FR FOUNDER CH.20 PW;110.00;1;Caja
28469;FERNANDO LEON FR GRAN TORO 20 PW;124.00;1;Caja
28471;FERNANDO LEON FR ROBUSTO 20 PW;116.00;1;Caja
28498;MANITOU VIRGINIA GOLD 30 GR;5.90;5;Bolsa
28499;CANDLELIGHT CORONA SUMATRA 25 PW;15.00;3;Lata
28508;DAVIDOFF WINSTON CH BELICOSO 4 PW;30.00;5;Lata
28509;DAVIDOFF WINSTON CH P. PANETELA 5 PW;35.00;5;Lata
2851;ROM Y JUL ROMEO N.2 TUBO (25);300.00;1;Caja
2852;ROM Y JUL ROMEO N.3 (25);232.50;1;Caja
28521;LUCKY STRIKE ENTUBAR 84 G;19.90;1;Bolsa
28527;BULLBRAND NEGRO DURO;4.80;10;Cajetilla
28528;MANITOU VIRGINIA SKY 30 G;5.90;5;Bolsa
28529;TRINIDAD VIGIA T (3) PW;165.00;1;Caja
28532;BARSDORF`S BEST. ORIG. BLEND 40 G PW;3.50;3;Bote
28538;CAMACHO TRIP MADURO ROBUSTO 20 PW;200.00;1;Caja
28540;SIGNATURE FILTER & BROWN 8;2.00;10;Caja
28542;LUCKY STRIKE TAB. VOLUMEN 53G;12.00;4;Lata
28598;DAVIDOFF ESCURIO GRAN TORO 4 PW;82.80;1;Estuche
28599;DAVIDOFF ESCURIO P. ROBUSTO 4 PW;43.20;1;Estuche
28600;DAVIDOFF ESCURIO ROBUSTO TUB 4 PW;68.80;1;Estuche
28601;DAVIDOFF ESCURIO P. ROBUSTO 14 PW;151.20;1;Caja
28603;DAVIDOFF ESCURIO GRAN TORO 12 PW;170.40;1;Caja
28658;LUCKY STRIKE COMPACT AMBER;5.60;10;Cajetilla
28682;ELIXYR 24 RED;5.75;8;Cajetilla
2872;DAVIDOFF CLASSIC;6.40;10;Cajetilla
2873;DAVIDOFF GOLD;6.40;10;Cajetilla
28735;BREAK ORIGINAL 17;2.90;10;Caja
28736;BREAK BLUE 17 PW;2.90;10;Caja
28737;EASTWOOD ORIGINAL BLEND 20 G;1.80;10;Bolsa
2876;ENTREFINOS MINI (20);5.00;10;Estuche
2884;MARLBORO RED DURO;6.25;10;Cajetilla
2885;MARLBORO RED BLANDO;6.25;10;Cajetilla
2886;MARLBORO GOLD DURO;6.25;10;Cajetilla
2891;TRINIDAD FUNDADORES       (24);1608.00;1;Caja
28942;MIRO CAPA NEGRA LONSDALE 20;60.00;1;Caja
28943;MIRO CAPA NEGRA MOMENTOS 20;64.00;1;Caja
28944;MIRO CAPA NEGRA TOROS 20;100.00;1;Caja
28959;BULLBRAND AB XL CIGAR 10;1.70;10;Caja
28960;BULLBRAND NEGRO XL CIGAR 10;1.70;10;Caja
28974;MACANUDO INSPIRADO MAREVAS 20 PW;92.00;1;Caja
29010;CAO OSA LOT T (25) PW;100.00;1;Caja
29012;LA AURORA 1903 EDF TREASURE 6 BOX;123.00;1;Caja
29013;GUANTANAMERA PURITOS (5)  PWF;3.75;10;Caja
29023;CUSANO SHORT ROBUSTO ND 16 PW;41.60;1;Caja
29025;CAMACHO ECUADOR TORO 20 PW;120.00;1;Caja
29032;VILLIGER GREEN MINI FILTER 20 PW;5.00;5;Estuche
29033;VILLIGER GOLD MINI FILTER 20 PW;4.50;5;Estuche
2905;MAC BAREN ORIGINAL CHOICE(40G);7.80;5;Bolsa
29053;BRIGG ORIGINAL 50 G LATA;3.60;1;Lata
29086;CLUBMASTER MINI BROWN 20 PW;4.70;10;Lata
29114;CAMACHO COROJO MACHITOS 6 PW;18.00;5;Estuche
29117;CAMACHO CRIOLLO MACHITOS 6 PW;18.00;5;Estuche
29119;AMIGOS AUTHENTIC 20 PW;4.60;10;Estuche
29121;ROLL´S EXCLUSIVE NEGRO 20 PW;3.30;10;Estuche
29173;CUSANO CONNECTICUT CORONA 16  PW;57.60;1;Caja
29177;LUCKY STRIKE XL TAB. VOL. 88 G;20.40;3;Lata
29198;MONTECRISTO PETIT N.2 T (3) PW;57.00;1;Estuche
29208;VEGAFINA NICARAGUA MINUTOS 8 PW;17.20;5;Lata
29210;ROTHMANS OF LONDON DS;5.40;10;Cajetilla
29221;CANDLELIGHT CORONA HAVANA FI25 PW;15.00;3;Lata
29281;BULLBRAND NEGRO 30 G;5.90;5;Bolsa
29282;MANITOU VIRGINIA FINE GREEN 30 G;6.50;5;Bolsa
29283;MANITOU VIRGINIA PINK 30 G;5.90;5;Bolsa
29284;MANITOU VIRGINIA GREEN 30 G;6.50;5;Bolsa
29300;AMSTERDAMER FINE CUT 30G;6.20;5;Bolsa
29301;AMSTERDAMER VIRGINIA BLEND 30 G;6.20;5;Bolsa
29311;WEST CIGARRITOS 17;3.10;10;Estuche
29314;H.MONTERREY EPICURE N.1 T (3) PW;65.70;1;Estuche
29401;BARSDORF`S BEST. ORI. BLEND 20 G PW;1.70;5;Bolsa
29402;BARSDORF`S BEST. BRIGHT VIRG 20 G PW;1.40;5;Bolsa
29425;GUAJIRO TARAJALES (50) PW;16.50;1;Estuche
29426;GUAJIRO CORTADOS (50) PW;13.50;1;Estuche
29441;MAC BAREN 7 SEAS ORIG BLEND 20 G PW;2.00;5;Bolsa
29443;SCAFERLATI CAPORAL 40 G;7.80;5;Bolsa
29444;ROYALE CASINO 5 ASES PW;1.10;10;Estuche
29457;VEGAFINA NICARAGUA ROBUSTO TUBE (20);126.00;1;Caja
29511;CUBERO ORIGINAL 10 PW;2.10;10;Caja
29513;CUBERO MINI RED FILTER 10 TPD;1.85;10;Caja
29520;DAVIDOFF NICARAGUA ROBUSTO BOX 12PRESSED;225.60;1;Caja
29521;DAVIDOFF NICARAGUA TORO BOX (4) PRESSED;51.00;1;Estuche
29522;DAVIDOFF NICARAGUA TORO BOX 12 PRESSED;157.20;1;Caja
29536;BIG BEN CLASSIC MIXTURE 100 G PW;7.00;1;Lata
29545;CROSSROAD RYO GOLD 30 G TPD;6.60;5;Bolsa
29546;CROSSROAD RYO ORIGINAL 30 G TPD;6.60;5;Bolsa
29547;CROSSROAD RYO VIRGINIA 30 G TPD;6.60;5;Bolsa
29553;BIG BEN CLASSIC GREEN 25 G PW;2.00;10;Bolsa
29557;PARTAGAS SERIE PURITOS 5 PW F;7.75;10;Caja
29593;BAKERSTREET 104 (50 G);3.80;6;Lata
29595;MONTE NEGRO BUCANEROS MINI 10 PW;2.00;10;Estuche
29613;BRANIFF NEGRO FILTRO 100 (17) PW;2.90;10;Estuche
29614;BRANIFF A B FILTER 100 (17) PW;2.90;10;Estuche
29644;LUCKY STRIKE RED 100´S;5.35;10;Cajetilla
29707;MONTE NEGRO SUBLIMES 2 (24) PW;60.00;1;Caja
29708;HAMPTON 20 G;1.70;10;Bolsa
29709;HAMPTON 30 G;2.65;10;Bolsa
29929;PUEBLO BLUE 100 G;23.60;1;Lata
29963;DAVIDOFF CHEFS EDITION 10;210.00;1;Caja
29969;NEOS MINI RED 20 TPD;5.00;10;Caja
29996;D.TOMAS NICARAGUA LINDOS 25 PW;92.50;1;Caja
29997;D.TOMAS NICARAGUA TORO 10 PW;53.00;1;Caja
30109;LA AURORA 1495 ROBUSTO GB 20;155.00;1;Caja
30187;D.TOMAS NICARAGUA ROTHSCHILD25;101.25;1;Caja
30197;LUCKY STRIKE LIAR Y ENTUBAR 30 G;6.80;10;Bolsa
30198;LUCKY STRIKE PARA LIAR 30 G;7.00;6;Bolsa
30218;FLANDRIA ENGLISH VIRGINIA 30 G TPD;6.20;10;Bolsa
30219;FLANDRIA NEGRO 30 G TPD;6.20;10;Bolsa
30220;FLANDRIA SAUVAGE 30 G TPD;6.20;10;Bolsa
30221;FLANDRIA VIRGINIA 30 G TPD;6.20;10;Bolsa
30222;FLANDRIA WILD 30 G TPD;6.20;10;Bolsa
30234;CHESTERFIELD CIG TOBACCO 30 G;7.10;10;Bolsa
30271;DAVIDOFF ESCURIO CORONA GORDA 4;68.80;1;Estuche
30272;DAVIDOFF ESCURIO CORONA GORDA 12 PW;146.40;1;Caja
30274;DAVIDOFF ESCURIO G. PERFECTO 12 PW;238.80;1;Caja
30275;DAVIDOFF ESCURIO PRIMEROS 6 PW;30.00;5;Lata
30285;CAO PILON ROBUSTO EXTRA 20 PW;134.00;1;Caja
30359;L&B BLUE KS;7.15;10;Cajetilla
3036;NEOS PACIFIC (10);3.20;10;Caja
3038;BROOKFIELD Nº 4 (50 G);5.00;5;Bolsa
30449;MAYA ORIGINAL (30 G) IP;5.65;10;Bolsa
30483;DOMINGO CELESTE 30 G TPD;7.00;10;Bolsa
30541;STERLING DUAL TPD;7.20;10;Cajetilla
30667;SIGNATURE FILTER RED 10 PW;3.10;10;Caja
30693;R&W AUT TOB CLASSIC 30G PAPEL TPD;6.20;5;Bolsa
30695;R&W AUT TOB ORIG GREEN 30 G PAPEL TPD;6.30;5;Bolsa
30696;DOMINGO NEGRO 30 G TPD;7.00;10;Bolsa
30699;ELIXYR + M-TYPE 100'S;5.10;10;Cajetilla
30723;WEST 30 G;6.90;10;Bolsa
30724;DUCADOS RUBIO POUCH 30G;6.90;10;Bolsa
30725;FORTUNA 30 G;7.10;10;Bolsa
30726;GOLDEN VIRGINIA 30 G;6.80;10;Bolsa
30744;CAO PILON CHURCHILL 20 PW;148.00;1;Caja
30765;DAVIDOFF YAMASA P. CHURCHILL (4);55.20;1;Estuche
30766;DAVIDOFF YAMASA P. CHURCHILL (14);193.20;1;Caja
30767;DAVIDOFF YAMASA ROBUSTO (4);82.40;1;Estuche
30768;DAVIDOFF YAMASA ROBUSTO (12);247.20;1;Caja
30769;DAVIDOFF YAMASA TORO (4);96.40;1;Estuche
30770;DAVIDOFF YAMASA TORO (12);268.80;1;Estuche
30771;CAMACHO ECUADOR ROBUSTO TUBOS (20);184.00;1;Caja
30786;LOBO AMERICAN BLEND FILTRO 20;2.75;10;Estuche
30815;FLOR DE FILIPINAS PALMEROS 25 TPD;15.00;1;Caja
30825;CASA DE GARCIA MAGNUM (10) PW;19.50;1;Estuche
30826;NEWS 500 G;110.00;1;Bote
30830;COHIBA SHORT 10 PW F;16.50;10;Caja
30907;WINSTON PICADURA LIAR 30 G TPD;7.10;10;Bolsa
30910;CAMEL PICADURA LIAR 30 GR TPD;7.10;10;Bolsa
30911;VEGAFINA CLASSIC PERLA ECOBAG 10;26.00;5;Estuche
30916;CUSANO MADURO TORO 16 PW;63.20;1;Caja
30919;CUSANO NICARAGUA CORONA 16 PW;57.60;1;Caja
30952;ROTHMANS OF LONDON CIGARRITOS 18;3.50;10;Caja
30954;DAVIDOFF ARGENTINA PIPE TOB 50 G;10.50;5;Bolsa
30955;DAVIDOFF BRAZIL PIPE TOB 50 G;10.50;5;Bolsa
30956;DAVIDOFF MALAWI PIPE TOB 50 G;10.50;5;Bolsa
30959;H. UPMANN MAGNUM 54 (10)  PW;205.00;1;Caja
30960;H. UPMANN MAGNUM 54 (25)  PW;512.50;1;Caja
3097;JOSE L. PIEDRA CAZADORES   (5);11.00;5;Estuche
3099;JOSE L. PIEDRA CONSERVAS   (5);11.00;5;Estuche
31000;KING BLUE 100'S;4.70;10;Cajetilla
31001;KING BLUE;4.60;10;Cajetilla
31002;KING RED 100'S;4.70;10;Cajetilla
31003;KING RED;4.60;10;Cajetilla
31008;WINSTON PICADURA LIAR/ENTUB 30G;6.90;5;Lata
3109;VEGAFINA CLASSIC PIRAMIDES (25);200.00;1;Caja
31103;CAMACHO AM BARREL GORDO 20 PW;242.00;1;Caja
31104;CAMACHO AM BARREL ROBUSTO T 20 PW;212.00;1;Caja
31105;CAMACHO AM BARREL TORO 20 PW;226.00;1;Caja
31109;AVO SYNCRO NICARAGUA TORO 4 PW;33.20;1;Estuche
31110;AVO SYNCRO NICARAGUA ROBUSTO 4 PW;27.60;1;Estuche
31111;AVO SYNCRO NICARAGUA ROBUSTO 20 PW;152.00;1;Caja
31112;AVO SYNCRO NICARAGUA TORO 20 PW;166.00;1;Caja
31113;AVO SYNCRO NICAR. SHOR ROBUSTO 20 PW;150.00;1;Caja
31271;VEGAFINA CLASSIC ROBUSTO TUBO (20);126.00;1;Caja
31272;DAVIDOFF GRAND CRU ROBUSTO 25 PW;472.50;1;Caja
31273;DAVIDOFF GRAND CRU TORO 25 PW;572.50;1;Caja
31274;DAVIDOFF SIGNATURE P. CORONA 25 PW;196.25;1;Caja
31276;DAVIDOFF GRAND CRU TORO (4) PW;91.60;1;Estuche
31277;DAVIDOFF GRAND CRU ROBUSTO 4 PW;75.60;1;Estuche
31278;DAVIDOFF SIGNATURE TORO (4) PW;79.60;1;Estuche
31281;PUNCH PUNCH 48  (10) PW;209.00;1;Caja
31299;AMSTERDAMER ORIGINAL BLEND 20 G TPD;2.10;10;Bolsa
31300;AL FAKHER BIG BLUE(50G);4.70;10;Caja
31302;AL FAKHER BIG BLUE GREEN (50G);4.70;10;Caja
31304;AMSTERDAMER BRIGHT BLEND 20 G TPD;2.10;10;Bolsa
31418;CAO PILON TORO 20 PW;146.00;1;Caja
31421;AL CAPONE SUN FILTER (18);4.70;10;Caja
31432;EASTWOOD VIRGINIA BLEND 20 G TPD;1.80;10;Bolsa
31443;MAKLA BOUHLEL BENTCHIKOU 30 G TPD;1.40;10;Bolsa
31445;MAKLA EL KANTARA 20 G TPD;1.60;10;Lata
31456;WEST RED COMPACT;5.40;10;Cajetilla
31457;WEST BLUE COMPACT;5.40;10;Cajetilla
31477;CLUBMASTER SUP. FILT RED 10 TPD;2.50;10;Estuche
31482;MOON HABANA TABAC DE PIPA 70 G TPD;5.90;3;Lata
31484;H. UPMANN MAGNUM 54  T (3)  PW;63.60;1;Estuche
31486;F.T.PARTAGAS SERIE E N.2  T (3) PW;82.50;1;Estuche
31511;VEGAFINA EXTRAMINI XS 20;4.70;5;Lata
31518;DAVIDOFF ANIV ENTREACTO702 SER (20);150.00;1;Caja
31523;DAVIDOFF SIGNATURE Nº2 702 SERIES (5);85.00;1;Estuche
31561;PETERSON IRISH DEW 40 G TPD;4.90;5;Bolsa
31562;PETERSON 1865 MIXTURE 100 G TPD;20.00;1;Lata
31564;HANDELSGOLD CLASSIC CIGARRITOS 4 TPD;0.80;10;Estuche
31565;HANDELSGOLD BLOND CIGARRITOS 4 TPD;0.80;10;Estuche
31600;LA AURORA CAM.1903 ROBUS LUX TUB 20;88.00;1;Caja
31601;LA AURORA CAMER.1903 ROBUSTO20;117.00;1;Caja
31602;LA AURORA COROJO 1962 ROBUST20;117.00;1;Caja
31603;LA AURORA CONN.1987 ROBUSTO 20;117.00;1;Caja
31604;LA AURORA CAM.SUM.SH.ROBU.OR20;112.00;1;Caja
31605;LA AURORA CAMER.1903 SUBLIMES TUB 20;112.00;1;Caja
31643;MONTE NEGRO VOLCANO 10;2.50;10;Estuche
31661;WINSTON PICADURA LIAR/ENTUB 67G;15.70;3;Lata
3167;REY MUNDO CHOIX SUPREM.   (25);350.00;1;Caja
31702;AVO SYNCRO FOGATA ROBUSTO 4 TPD;48.80;1;Estuche
31703;AVO SYNCRO FOGATA SH. TORPEDO 4 TPD;35.20;1;Estuche
31704;AVO SYNCRO FOGATA TORO TUB 3 TPD;30.00;1;Estuche
31717;JOCKEY BLUE FILTER CIGAR 8 TPD;1.30;10;Estuche
31718;JOCKEY RED FILTER CIGAR 8 TPD;1.30;10;Estuche
31719;CANDLELIGHT CLUB SUMATRA LATA 50 TPD;10.00;3;Estuche
31729;LA FINCA N.5 (25);72.50;1;Caja
31730;LA FINCA N.7 (25);82.50;1;Caja
31731;LA FINCA N.10 (25);95.00;1;Caja
31755;HAMPTON PIPE NEGRO 100 G;9.00;1;Lata
31760;BULLBRAND NEGRO 100;4.80;10;Cajetilla
31761;DENIM RED 100 (20);4.60;10;Cajetilla
31796;VASCONHA 30G;6.05;10;Bolsa
31800;BREAK SILVER 17 TPD;2.90;10;Estuche
31805;VERELLEN PONCHO MINI 20 TPD;4.00;5;Estuche
31810;MACANUDO INSPIRADO MAREVA H 20 TPD;90.00;1;Estuche
31811;REPOSADO COLORADO ROBUSTO 10 TPD;16.50;1;Estuche
31812;REPOSADO COLORADO TORO 10 TPD;18.50;1;Estuche
31813;REPOSADO CONNECT. ROBUSTO 10 TPD;16.50;1;Estuche
31814;REPOSADO CONNECT. TORO 10 TPD;18.50;1;Estuche
31815;D.TOMAS NICARAGUA ROBUSTO 25 TPD;110.00;1;Caja
31816;D.TOMAS CLASICO ROBUSTO  HF 20 TPD;70.00;1;Estuche
31868;COLTS BLUE 70 G TPD;6.20;1;Bote
31886;BRANIFF LINEA D'ORO GOLD 20 TPD;3.30;10;Estuche
31887;BRANIFF WHITE FILTER 100 (17) TPD;2.90;10;Estuche
31903;ROLL´S EXCLUSIVE GOLD 20 TPD;3.30;10;Estuche
3193;AGIO MEHARI'S BRASIL      (50);15.60;4;Caja
3207;MONTECRISTO MINI (50);30.50;1;Caja
32259;L&M FIRST CUT 100´S;5.25;10;Cajetilla
3263;DUCADOS BLANCO DURO;6.20;10;Cajetilla
3287;DAVIDOFF ANIVER SPECIAL R TUB (3)NL;70.50;1;Estuche
3288;DAVIDOFF SIGNATURE 2000 TUB 20 NL;308.00;1;Caja
3289;DAVIDOFF SIGNATURE 2000 TUB 4 NL;61.60;1;Estuche
33340;BACKWOODS FOREST 50 G TPD;4.20;1;Lata
33341;BACKWOODS MOUNTAIN 50 G TPD;4.20;1;Lata
33357;NEWMINSTER RED 100MM 10*17 TPD;2.80;10;Estuche
33358;NEWMINSTER WHITE 100MM 10*17 TPD;2.80;10;Estuche
33377;CORSET WHITE SUPERSLIMS;4.80;10;Cajetilla
33450;NEWS&CO ROUGE;4.85;10;Cajetilla
33451;NEWS&CO BLEU;5.40;10;Cajetilla
33477;BARSDORF`S BESTER RED EASY BURN 40g TPD;3.50;3;Bote
33479;ERASMUS AMSTERDAM (50 G) TPD;3.75;6;Bote
33480;ERASMUS ATHENAS  (50 G) TPD;3.75;6;Bote
33481;ERASMUS BERLIN  (50 G) TPD;3.75;6;Bote
33482;ERASMUS BRUSELAS  (50 G) TPD;3.75;6;Bote
33483;ERASMUS HELSINKI (50 G) TPD;3.75;6;Bote
33484;ERASMUS LONDON  (50 G) TPD;3.75;6;Bote
33485;ERASMUS PARIS  (50 G) TPD;3.75;6;Bote
33486;ERASMUS ROMA  (50 G) TPD;3.75;6;Bote
33522;ROM Y JUL PETIT ROYALES (25) TPD;237.50;1;Caja
33539;CAO AMAZON ANACONDA 20 TPD;140.00;1;Caja
33540;CAO FUMA EM CORDA 20 TPD;160.00;1;Caja
33564;DAVIDOFF W.CH. LATE H. CHURC 4 TPD;110.00;1;Estuche
33565;DAVIDOFF W.CH. LATE H. CHURC 20 TPD;550.00;1;Caja
33566;DAVIDOFF W.CH. LATE H. ROBUS 4 TPD;101.60;1;Estuche
33567;DAVIDOFF W.CH. LATE H. ROBUS 20 TPD;508.00;1;Caja
33570;JUAN LOPEZ SELECCION N.1 (25) TPD;415.00;1;Caja
33572;JUAN LOPEZ SELECCION N.2 (25) TPD;415.00;1;Caja
33581;DAVIDOFF ROYAL RELEASE ROBUSTO 10 TPD;1200.00;1;Caja
33582;DAVIDOFF ROYAL RELEASE SALOMONES 10 TPD;1500.00;1;Caja
33585;CAMACHO POWERBAND TORO 20 TPD;218.00;1;Caja
3362;TORRES QUART CALIQUEÑO Nº2 (20);20.00;4;Caja
3363;TORRES QUART CALIQUEÑO Nº2 (10);10.00;10;Caja
33637;CLUBMASTER SUP. FILT WHITE 10 TPD;2.50;10;Estuche
33638;CLUBMASTER MINI FILTER WHITE 20 TPD;4.70;10;Estuche
3364;EL CAVALLER CALIQUEÑO Nº 2 (20);20.00;4;Caja
3365;EL CAVALLER CALIQUEÑO Nº2 (10);10.00;10;Caja
33655;LA AURORA R.E.2008 BELICOSO 10 TPD;160.00;1;Caja
3366;CANALEÑOS EXTRA       (25) BY;45.00;1;Caja
3367;CANALEÑOS PATA  CANALEÑO 25 BY;45.00;1;Caja
3368;CANALEÑOS CALIQUEÑOS      (40);44.00;1;Caja
3369;CANALEÑOS CORNETAS   (40);44.00;1;Caja
3445;BORKUM RIFF SUNGOLD (50 G);8.20;5;Bolsa
3446;SIGNATURE RED 20;6.00;5;Estuche
3474;PUNCH MINI (20);7.00;5;Caja
3480;CANALEÑOS CALIQUEÑOS      (10);11.00;10;Caja
3481;CANALEÑOS CORNETAS   (10);11.00;10;Caja
34878;FOR.GUIP.IMP.IAE.MOD.840 0,45 2014;0.45;1;Unidad
34881;FOR.GUIP IMP.DECL.MODEL.310  2015;0.15;1;Unidad
34889;FOR.GUIP.IMP.RES.349  2013 0,45;0.45;1;Unidad
3500028;DAVIDOFF WINSTON CH ROBUSTO 4 TPD;90.40;1;Estuche
3500029;DAVIDOFF WINSTON CH TORO 4 TPD;104.00;1;Estuche
3500045;CLUBMASTER SUPER DISPL 100 TPD;25.00;1;Unidad
3500049;AVO SYNCRO FOGATA PURITOS 10;19.50;10;Lata
3500055;LA AURORA 107 SALOMON 16 TPD;104.00;1;Caja
3500056;LA AURORA 1903 ED BR. ROBUSTO 18 TPD;161.10;1;Caja
3500058;LA AURORA 1903 ED ECUADOR.ROBUSTO 18 TPD;152.10;1;Caja
3500059;LA AURORA ADN DOMINICANO G.TORO 20 TPD;184.00;1;Caja
3500060;LA AURORA ADN DOMINICANO ROBUSTO 20 TPD;152.00;1;Caja
3500071;HAMPTON PURE PIPE 12 G TPD;1.10;10;Bolsa
3500072;HAMPTON PIPE GREEN 12 G TPD;1.15;10;Bolsa
3500074;QUAI D'ORSAY N.50 (10) TPD;148.00;1;Caja
3500075;QUAI D'ORSAY N.54 (10) TPD;210.00;1;Caja
3500079;MONTE NEGRO PIRATAS 5 TPD;1.40;10;Estuche
3500080;MONTE NEGRO PIRATAS 10 TPD;2.90;10;Estuche
3500412;CANDLELIGHT CORONA HABA FIL CIG  5 TPD;3.00;5;Estuche
3500413;CANDLELIGHT CORONA SUMATRA FILLER 5 TPD;3.00;5;Estuche
3500428;TOSCANO GARIBALDI 5 TPD;6.90;10;Estuche
3500444;D.TOMAS BUNDLE GIGANTE 10 TPD;25.00;1;Estuche
3500445;MACANUDO INSPIRADO WHITE CHURCHIL 20 TPD;126.00;1;Estuche
3500446;MACANUDO INSPIRADO WHITE ROBUST0 20 TPD;118.00;1;Estuche
3500448;DIESEL D5 (20) TPD;98.00;1;Estuche
3500449;DIESEL D4 (20) TPD;90.00;1;Estuche
3500450;MACANUDO INSPIRADO WHITE TORO 20 TPD;128.00;1;Estuche
3500602;DUCADOS RUBIO 67G;15.70;6;Bote
3500610;DENIM RED FILTER CIGAR 17 TPD;2.40;10;Estuche
3500633;DENIM RED FILTER CIGAR (8) TPD;1.30;10;Estuche
3500667;BAKERSTREET 190 ( 90 G) TPD;6.30;2;Lata
3500746;DAVIDOFF ENGLISH MIXTURE 50 G TPD;17.20;5;Lata
3500747;DAVIDOFF DANISH MIXTURE 50 G TPD;17.20;5;Lata
3500748;DAVIDOFF FLAKE MEDAILLONS 50 G TPD;20.90;5;Lata
3500754;BACKGAMMON CORONAS ESPECIALES 10 TPD;25.00;1;Caja
3500761;AMSTERDAMER ORIGINAL BLEND 40 G TPD;4.00;1;Lata
3500804;HORIZON 30 G;6.80;10;Bolsa
3500813;FLOR DE FILIPINAS ROBUSTO 25 TPD;17.50;1;Caja
3500814;FLOR DE FILIPINAS CORONAS XXL 25 TPD;18.75;1;Caja
3500816;SIGNATURE FINOS FILTER BEIG (10) TPD;2.50;10;Caja
3500817;VEGAFINA F2 ROBUSTO TUBO 3 TPD;18.90;1;Estuche
3500818;VEGAFINA NICARAGUA ROBUSTO T 3 TPD;18.90;1;Estuche
3500819;VEGAFINA ROBUSTO TUBO 3 TPD;18.90;1;Estuche
3500860;REDFIELD RED 20 G TPD;1.80;10;Bolsa
3500912;DOMINGO CELESTE 88 G LEP S2;20.60;5;Lata
3500972;PLAYER'S 100S (20);6.90;10;Cajetilla
3500973;PLAYER'S KS (20);7.00;10;Cajetilla
3501010;SIOUX ORIGINAL RED 40 G LATA TPD;3.50;3;Lata
3501021;CANDLELIGHT CORONA/CLUB MIX DISP 90 TPD;33.00;1;Unidad
3501022;WINSTON PICADURA LIAR/ENTUB 46G;11.00;4;Lata
3501026;PANTER MINI FILTER BLEU 20 TPD;5.60;10;Lata
3501028;LUCKY STRIKE CRISP CIGARRITOS (20);4.50;10;Caja
3501050;MCCHRYSTAL'S SN.OLD. ENG.4GTPD;1.00;12;Lata
3501051;AL FAKHER MAGIC LOVE(50G);4.70;10;Caja
3501067;GUAJIRO MINI TROMPETAS 5 TPD;1.90;10;Estuche
3501114;VEGAFINA NICARAGUA VULCANO (10);56.00;1;Caja
3501119;PALL MALL INTERNATIONAL RED;6.45;10;Cajetilla
3501131;MONTECRISTO MEDIA CORONA 5 TPD;41.00;1;Caja
3501136;MANITOU FINE GREEN 20;5.20;10;Cajetilla
3501142;DAVIDOFF 50TH DIADEMAS FIN AMER 10 TPD;280.00;1;Caja
3501143;DAVIDOFF 50TH DIADEMAS FIN ASIA 10 TPD;280.00;1;Caja
3501144;DAVIDOFF 50TH DIADEMAS FIN EURO 10 TPD;280.00;1;Caja
3501145;DAVIDOFF 50TH DIADEMAS FIN ORIE 10 TPD;280.00;1;Caja
3501231;ADALYA BLUE I'SS 50 G TPD;3.85;10;Caja
3501232;ADALYA HAWAII 50 G TPD;3.85;10;Caja
3501233;ADALYA I´SS BONI 50 G TPD;3.85;10;Caja
3501234;ADALYA I'SS LIE ON THE ROCKS 50 G TPD;3.85;10;Caja
3501235;ADALYA KIZZ 50 G TPD;3.85;10;Caja
3501237;ADALYA L. KILL 50 G TPD;3.85;10;Caja
3501238;ADALYA LOVE66 50 G TPD;3.85;10;Caja
3501239;ADALYA MANKO TANKO I'SS 50 G TPD;3.85;10;Caja
3501240;ADALYA MANKO TANKO 50 G TPD;3.85;10;Caja
3501241;ADALYA PAIR KIZZ 50 G TPD;3.85;10;Caja
3501242;ADALYA SWEESS BOOM 50 G TPD;3.85;10;Caja
3501243;ADALYA TWO APP 50 G TPD;3.85;10;Caja
3501244;ADALYA TYNKY WYNKY 50 G TPD;3.85;10;Caja
3501245;ADALYA DRAGAN CODE 50 G TPD;3.85;10;Caja
3501246;ADALYA GREEN LEON KIZZ 50 G TPD;3.85;10;Caja
3501248;BONESHAKER MAUL 54 (20) TPD;144.00;1;Caja
3501249;BONESHAKER MACE 60 (20) TPD;124.00;1;Caja
3501314;AL FAKHER BIG CORAL (50G);4.70;10;Caja
3501315;AL FAKHER TWIWI (50G);4.70;10;Caja
3501325;ROYALE CASINO XTRA LARGE 10 ASES TP;3.00;10;Estuche
3501329;VASCONHA 95 G;19.10;3;Lata
3501485;ERASMUS MILLENNIAL  (50 G) TPD;3.75;6;Bote
3501486;ERASMUS KLOUT  (50 G) TPD;3.75;6;Bote
3501488;ERASMUS INFLUENCER  (50 G) TPD;3.75;6;Bote
3501489;ERASMUS INBOUND  (50 G) TPD;3.75;6;Bote
3501490;ERASMUS HASHTAG  (50 G) TPD;3.75;6;Bote
3501491;ERASMUS ENGAGEMENT  (50 G) TPD;3.75;6;Bote
3501492;ERASMUS TIMELINE  (50 G) TPD;3.75;6;Bote
3501493;ERASMUS PHOTOBOMB  (50 G) TPD;3.75;6;Bote
3501498;MACANUDO VINTAGE MADURO 1997 EL 12 TPD;120.00;1;Caja
3501556;EXCITE RED 100;4.70;10;Cajetilla
3501593;BRANIFF GOLD FILTER 100 (17) TPD;2.90;10;Estuche
3501634;D.TOMAS NICARAGUA COLLECTION 48 TPD;150.00;1;Caja
3501644;LA AURORA HORDS D´AGED TORO (15);210.00;1;Caja
3501647;BULLBRAND NEGRO FILTER CIGAR 8;1.30;10;Estuche
3501648;BULLBRAND A.B. FILTER CIGAR (8);1.30;10;Estuche
3501659;#NO NAME AMERICAN BLEND WHITE 30G TPD;5.80;5;Bolsa
3501662;TRINIDAD SHORT 10 TPD;15.50;10;Caja
3501664;MISSISIPI ORIGINAL 35 G;2.60;3;Lata
3501665;MISSISIPI VIRGINIA 35 G;3.00;3;Lata
3501666;MISSISIPI VIRGINIA 70 G;5.00;4;Lata
3501686;DAVIDOFF YAMASA ROBUSTO TUB (4) TPD;86.40;1;Estuche
3501712;F.T PARTAGAS MADURO N.1 (25) TPD;575.00;1;Caja
3501715;F.T PARTAGAS MADURO N.2 (25) TPD;580.00;1;Caja
3501718;F.T PARTAGAS MADURO N.3 (25) TPD;612.50;1;Caja
3501738;TILBURY N.1 (90 G);8.60;1;Lata
3501739;TILBURY N.1 (25 G);2.50;10;Bolsa
3501767;MOON HABANA NEW MIXTURE 70 G TPD;5.90;3;Lata
3501865;EASTWOOD ORIGINAL BLEND 40 G TPD;3.60;1;Lata
3501925;DAVIDOFF ROBUSTO TUB SEL BLACK 3 TPD;56.30;1;Estuche
3501934;DEL MAR NORTH BLUE 40 G;3.00;5;Lata
3501935;DEL MAR SOUTH RED 40 G;3.00;5;Lata
3501973;MACANUDO INSPIRADO RED GIGANTE 20 TPD;140.00;1;Caja
3501974;MACANUDO INSPIRA RED ROBUST 20 BOX P TPD;124.00;1;Caja
3501975;D.TOMAS BUNDLES NICA ROTHSCHILD 10 TPD;22.00;1;Estuche
3501976;D.TOMAS BUNDLES NICA ROBUSTO 10 TPD;22.50;1;Estuche
3501978;D.TOMAS BUNDLES NICA TORO 10 TPD;23.00;1;Estuche
3501980;ADALYA LOVE66 200 G TPD;14.00;1;Lata
3501981;ADALYA L. KILL 200 G TPD;14.00;1;Lata
3501982;ADALYA TYNKY WYNKY 200 G TPD;14.00;1;Lata
3501983;ADALYA HAWAII 200 G TPD;14.00;1;Lata
3501984;ADALYA MANKO TANKO I´SS 200 G TPD;14.00;1;Lata
3501995;CHAZZ CIGARROS 10 TPD;6.00;5;Estuche
3501997;CHAZZ CIGARILLOS 20 TPD;7.00;5;Estuche
3502056;LA AURORA 115 ANIV BELICOSO (15) E.L TPD;225.00;1;Caja
3502059;LA AURORA 115 ANIV G. TORO 30 EL TPD;396.00;1;Caja
3502063;LA AURORA 115 ANIV ROBUSTO 20 TPD;260.00;1;Caja
3502067;LA AURORA 115 ANIV TORO 20 TPD;276.00;1;Caja
3502088;CLAN HOLLANDIA 40 G TPD;5.60;5;Bolsa
3502089;CHAZZ DISPLAY 130;58.00;1;Unidad
35021;FOR.VIZC.IMP.IVA MODELO 303 0,20;0.20;1;Unidad
3502111;AL CAPONE ORIGINAL FILTER (4);1.20;10;Estuche
3502112;AL CAPONE SUN FILTER (4);1.20;10;Estuche
3502113;DANNEMANN MOODS SILVER 4 TPD;1.40;10;Estuche
3502114;DANNEMANN MOODS BAHIA 4 TPD;1.40;10;Estuche
3502132;FORTUNA ORIGINAL 22;6.10;10;Cajetilla
3502134;DAVIDOFF ESCURIO G. TORPEDO (3) TPD;33.00;1;Estuche
3502135;DAVIDOFF NICARAGUA G. TORPEDO (3) TPD;33.00;1;Estuche
3502136;DAVIDOFF YAMASA G. TORPEDO (3) TPD;42.90;1;Estuche
3502207;DENIM CRUSH BLUE FILT CIGAR 17 TPD;2.70;10;Estuche
3502208;DENIM CRUSH PURPLE FILT CIGAR 17 TPD;2.70;10;Estuche
3502209;PIPERS CLUB RED CIGARS 10 TPD;1.70;10;Estuche
3502210;PIPERS CLUB GOLD CIGARS 10 TPD;1.70;10;Estuche
3502211;PIPERS CLUB CLASSIC CIGARS 10 TPD;1.70;10;Estuche
3502267;DUCADOS RUBIO BOTE 30G;6.90;5;Lata
3502304;WINSTON PICAD LIAR/ENTUB 135GR;33.40;1;Bolsa
3502324;REIG XS 4 TPD;1.20;10;Estuche
3502325;DUCADOS RUBIO EXTRA 100'S (20);5.10;10;Cajetilla
3502339;LA ESTRELLA POLAR GIGANTE 20 TPD;71.00;1;Caja
3502340;LA ESTRELLA POLAR ROBUSTO 20 TPD;61.00;1;Caja
3502359;ERASMUS HOOTSUITE (180 G) TPD;13.50;1;Bote
3502360;ERASMUS LONDON  (180 G) TPD;13.50;1;Bote
3502361;ERASMUS ROMA (180 G) TPD;13.50;1;Bote
3502362;ERASMUS HOOTSUITE (750 G) TPD;55.00;1;Bote
3502363;ERASMUS LONDON (750 G) TPD;55.00;1;Bote
3502364;ERASMUS ROMA (750 G) TPD;55.00;1;Bote
3502376;ADALYA I'SS 50 G TPD;3.85;10;Caja
3502378;ADALYA LEON PI 50 G TPD;3.85;10;Caja
3502379;ADALYA GIPSY KINGS 50 G TPD;3.85;10;Caja
3502380;ADALYA CHWNG WOOD KIZZ 50 G TPD;3.85;10;Caja
3502381;ADALYA BERLIN NIGHTS 50 G TPD;3.85;10;Caja
3502382;ADALYA WATERLON KIZZ 50 G TPD;3.85;10;Caja
3502383;ADALYA BLUE YELLOW 50 G TPD;3.85;10;Caja
3502384;ADALYA SKYFALL 50 G TPD;3.85;10;Caja
3502385;ADALYA ESKIMO LEON 50 G TPD;3.85;10;Caja
3502387;ADALYA L. KILL 1000 G TPD;65.00;1;Lata
3502435;HAMPTON MAX 90 G TPD;7.50;1;Lata
3502436;HAMPTON MAX 35 G TPD;3.75;1;Lata
3502437;HAMPTON MAX 25 G TPD;2.30;10;Bolsa
3502460;H.MONTERREY HOYO RIO SECO T 3 TPD;79.50;1;Estuche
3502466;VEGUEROS CENTROFINOS  (4)  TPD;33.60;1;Caja
3502475;DAVIDOFF NICARAGUA ROBUSTO (4) TPD;75.20;1;Estuche
3502515;CANDLELIGHT B. CORONA HAVANA 25 TPD;30.00;1;Caja
3502518;Marlboro Crafted Selection 30G;6.80;6;Lata
3502519;CHESTERFIELD VOLUME TOBACC 30G;6.80;6;Lata
3502591;MAKLA PLATINIUM (20G) TPD;1.20;10;Lata
3502600;FLOR DE FILIPINAS SH. ROBUSTO 25 TPD;15.00;1;Caja
3502603;COLTS RED (100 G) TPD;8.30;1;Bote
3502604;COLTS RED (20 G) TPD;2.10;5;Bolsa
3502668;TOSCANELLO VELLUTO 3 TPD;2.00;10;Estuche
3502674;MARLBORO RED ROLLING & TUB 70G;16.40;4;Lata
3502741;CLUBMASTER CIGARILLO RED FIL 20 TPD;5.20;10;Estuche
3502742;AL FAKHER FROST DOUBLE CRUNCH (50G);4.70;10;Caja
3502743;AL FAKHER SNOWY FUCHSIA GREEN (50G);4.70;10;Caja
3502745;AL FAKHER SNOWY FUCHSIA GREEN (250G);19.95;1;Caja
3502782;MARLBORO GOLD ROL&TUB 70G TSAR;16.40;4;Lata
3502783;CHESTERFIELD CIG. TOBACCO 67 G;15.20;4;Lata
3502865;CAPITOL JACK (10) TPD;90.00;1;Caja
3502866;CAPITOL CASINO (10) TPD;110.00;1;Caja
3502867;CAPITOL GALA (10) TPD;130.00;1;Caja
3502933;EASTWOOD VIRGINIA TOBACCO 20 G TPD;1.80;10;Bolsa
3502934;EASTWOOD ORIGINAL BLEND 100 G TPD;7.90;1;Lata
3502945;AL FAKHER BIG YELLOW GREEN (50G);4.70;10;Caja
3502957;AL FAKHER BIG YELLOW GREEN (250G);19.95;1;Caja
3502969;HORIZON BLUE 30G;6.80;10;Bolsa
3502970;HORIZON VIRGINIA 30G;6.20;10;Bolsa
3503169;SIGNATURE FINOS FILTER INDOCHINA 10 TPD;2.00;10;Estuche
3503177;NEWS 80G;18.15;1;Bolsa
3503182;CLUBMASTER CIGARILLO RED 200 DISPLAY;52.00;1;Unidad
3503198;BACKWOODS MOUNTAIN 20 G;2.00;5;Bolsa
3503200;CANDLELIGHT FILTER 10 MIXED 200 DISPLAY;32.00;1;Unidad
3503201;AMIGOS POCKET FILTER AB 20 TPD;3.00;10;Estuche
3503202;AMIGOS POCKET FILTER WHITE 20 TPD;2.80;10;Estuche
3503207;PANTER MINI FILTER SWIRL 20;5.60;10;Lata
3503208;MANITOU VIRGINIA PINK 50 GR TT;9.70;4;Bote
3503216;MOON HABANA ESPECIAL MIXTURE 20 G;1.80;10;Bolsa
3503217;MOON HABANA EXCLUSIVE MIXTURE 20G;1.80;10;Bolsa
3503218;FLOR DE FILIPINAS CORONITAS 5 TPD;2.25;5;Caja
3503220;FLOR DE FILIPINAS ROBUSTO 3 TPD;1.45;5;Caja
3503296;KINGSTON RED 10 GR;1.00;10;Bolsa
3503297;REDFIELD GREEN 20 GR;1.80;10;Bolsa
3503323;NEWS 30 G;5.85;10;Bolsa
3503324;NEWS&CO ROUGE 100'S (20);4.80;10;Cajetilla
3503325;NEWS&CO ROUGE 30;8.20;8;Cajetilla
3503327;REIG XS BLUE (4);1.20;10;Estuche
3503328;REIG XS BLUE (15);4.30;10;Estuche
3503375;BULLBRAND WHITE FILTER CIGARS 20;2.70;10;Caja
3503508;REDFIELD 200 G TT;39.50;1;Bote
3503516;MONTE NEGRO ROBUSTO CUBAN SEEDS 5 TPD;10.00;5;Estuche
3503518;MONTE NEGRO ROBUSTO NICARAGUA 5 TPD;10.00;5;Estuche
3503519;MONTE NEGRO ROBUSTO R. DOMINICA 5 TPD;10.00;5;Estuche
3503590;ADALYA BLACK LEM BRY 50 G TPD;3.85;10;Caja
3503592;ADALYA BLACK CANE MNT 50 G TPD;3.85;10;Caja
3503595;ADALYA BLACK PYCH 50 G TPD;3.85;10;Caja
3503667;PUNCH SHORT DE PUNCH 10 TPD;186.00;1;Caja
3503671;CAO CHAMPION SAMPLERS 10 TPD;76.00;1;Caja
3503885;VEGAFINA 1998 VF 50 (10) TPD;60.00;1;Caja
3503886;VEGAFINA 1998 VF 52 (10) TPD;66.00;1;Caja
3503887;VEGAFINA 1998 VF 54 (10) TPD;72.00;1;Caja
3503935;INDEPENDENCE TUBOS ORIGINAL (20) TPD;39.00;1;Estuche
3503936;MAYA VIRGINIA (30 G) IP;5.65;10;Bolsa
3504071;ADALYA BLUE DRAGAN 50 G TPD;3.85;10;Caja
3504072;ADALYA PARADISO I`SS 50 G TPD;3.85;10;Caja
3504073;ADALYA THREE ANGELS 50 G TPD;3.85;10;Caja
3504090;AMSTERDAMER ESSENTIAL 20 G TPD;1.50;5;Bolsa
3504115;AMBER LEAF TABACO VIRGINIA 30G;6.80;5;Bolsa
3504215;BULLBRAND GOLD FILTER CIGARS OP 20;2.50;10;Estuche
3504217;BURTON ORIGIN RED FILTER 17 TPD;2.30;10;Estuche
3504221;HORIZON 100 G;22.65;3;Lata
3504266;CAO HOMMAGE TO NICARAGUA 10 TPD;120.00;1;Caja
3504352;LA AURORA HORS D´AGED 2018 G. TORO JARRA;420.00;1;Caja
3504374;MONTE NEGRO 15 MINUTOS 10 TPD;14.00;1;Estuche
3504375;MONTE NEGRO MINI TORPEDO 10 TPD;15.00;1;Estuche
3504376;MONTE NEGRO PETIT ROBUSTO TPD 10;15.00;1;Estuche
3504377;MONTE NEGRO TORO 10 TPD;20.00;1;Estuche
3504378;MONTE NEGRO GORDO 10 TPD;21.00;1;Estuche
3504403;MACANUDO HERITAGE NUEVO TORO (10);120.00;1;Caja
3504404;CAO ORELLANA TORO (20);170.00;1;Caja
3504406;PETERSON EARLY MORNING 50G TPD;13.00;5;Lata
3504407;PETERSON MY MIXTURE 965 50G TPD;13.00;5;Lata
3504408;PETERSON NIGHTCAP 50 GR TPD;13.00;5;Lata
3504409;PETERSON STANDARD MIXTURE 50G TPD;13.00;5;Lata
3504415;1637 BLOND 40 G;9.50;5;Bolsa
3504459;MARLBORO RED KS 22;6.70;20;Cajetilla
3504502;DAVIDOFF EXCLUSIVE MADRID 2019 (10) TPD;250.00;1;Caja
3504503;DAVIDOFF EXCLUSIVE BARCELONA 2019 (10);250.00;1;Caja
3504507;QUAI D'ORSAY SENADORES (25)TPD;1495.00;1;Caja
3504512;H. UPMANN REGALIAS (5) TPD;59.50;1;Estuche
3504514;H.MONTERREY SOUVENIR LUXE (5) TPD;59.50;1;Caja
3504515;JOSE L. PIEDRA P. CAB (12) TPD;31.20;1;Caja
3504516;JOSE L. PIEDRA P. CAB (3) TPD;7.80;5;Caja
3504519;PARTAGAS CAPITOLS (5) TPD;59.50;1;Caja
3504520;RAMON ALLONES ALLONES Nº 2 (10) TPD;536.00;1;Caja
3504522;ROM Y JUL  CLUB KINGS (5) TPD;59.50;1;Caja
3504590;REDFIELD RED 100 G;7.90;1;Lata
3504599;LA AURORA 115 ED HUMIDOR TORO 30 TPD;411.00;1;Caja
3504650;ADALYA MOON DREAM 50 G TPD;3.85;10;Caja
3504651;ADALYA ADALYA POWER 50 G TPD;3.85;10;Caja
3504652;ADALYA PASSION KIZZ 50 G TPD;3.85;10;Caja
3504659;CAMACHO LIBERTY 2019 (20);300.00;1;Caja
3504668;HOOKAIN WHITE (50 G);4.80;6;Bote
3504669;HOOKAIN BIG BLACK BARRIES 50 G TPD;4.80;6;Bote
3504670;HOOKAIN C C C 50 G;4.80;6;Bote
3504672;HOOKAIN LEMENCIAGA 50 G TPD;4.80;6;Bote
3504674;HOOKAIN PUNANI 50 G TPD;4.80;6;Bote
3504675;HOOKAIN SOLEIRO SPLIFF 50 G TPD;4.80;6;Bote
3504698;SIGNATURE FINOS FILTER GREEN (10) TPD;2.50;10;Estuche
3504783;DANNEMANN MINI MOODS 4 TPD;1.40;10;Estuche
3504784;DANNEMANN MOODS FILTER 4 TPD;1.40;10;Estuche
3504835;DAVIDOFF YEAR OF THE RAT (10) TPD;256.00;1;Caja
3504837;QUAI D'ORSAY N.50 (25) TPD;370.00;1;Caja
3504839;H.MONTERREY H. RIO SECO (25) TPD;645.00;1;Caja
3504853;MACANUDO GRAN RESERVA EL 2020 (8) TPD;120.00;1;Caja
3504859;SIGNATURE FINOS FILTER HINDUSTAN 10 TPD;2.00;10;Estuche
3505079;CAO SESSION GARAGE 20 WB ES TPD;144.00;1;Caja
3505080;CAO SESSION SHOP 20 WB ES TPD;164.00;1;Caja
3505096;CAMEL PICADURA LIAR/ENTUBAR 65G;15.70;3;Lata
3505098;F.T.PARTAGAS ARISTOCRATS (25) TPD;182.50;1;Estuche
3505100;HOOKAIN WHITE (200 G);16.95;1;Bote
3505101;HOOKAIN BIG BLACK BARRIES 200 G TPD;16.95;1;Bote
3505102;HOOKAIN C C C (200 G);16.95;1;Bote
3505104;HOOKAIN LEMENCIAGA 200 G TPD;16.95;1;Bote
3505154;HOOKAIN BUBBLENCIAGA 50G TPD;4.80;6;Bote
3505155;HOOKAIN CACTOPUS 50G TPD;4.80;6;Bote
3505156;HOOKAIN GREEN LEAN 50G TPD;4.80;6;Bote
3505157;HOOKAIN KAFFA YAYO 50G TPD;4.80;6;Bote
3505162;CALYPSO DANN. MINI MOODS FIL (20);6.50;10;Caja
3505195;ALLURE LILAC (40);9.60;6;Cajetilla
3505196;ALLURE WHITE (40);9.60;6;Cajetilla
3505197;MACANUDO INSPIRADO GREEN ROBUSTO 25 TPD;155.00;1;Caja
3505198;MACANUDO INSPIRADO GREEN TORO 25 WB TPD;165.00;1;Caja
3505199;MONTE NEGRO ENORME 5 TPD;11.00;1;Estuche
3505200;MONTE NEGRO MAGNUM 10 TPD;19.00;1;Estuche
3505201;HAMPTON PIPE'S TOBACCO 150 G TPD;11.50;1;Bote
3505294;LA AURORA 107 NICARAGUA ROBUSTO (20);137.00;1;Caja
3505295;LA AURORA 107 NICARAGUA TORO (20);153.00;1;Caja
3505297;ADALYA VAN 50G   A TPD;3.85;10;Caja
3505298;ADALYA I´SS KAKTU 50 G TPD;3.85;10;Caja
3505368;ERASMUS HOOTSUITE  (50 G) TPD;3.75;10;Caja
3505369;ERASMUS CHUNKY MONKEY (50 G) TPD;3.75;10;Caja
3505371;ADALYA M.M 50G TPD;3.30;10;Caja
3505372;ADALYA TWO YELLOW I´SS 50G TPD;3.85;10;Caja
3505374;NEO CLASSIC TOBACCO;4.00;10;Cajetilla
3505377;LA AURORA 1985 MADURO GRAN TORO (20);134.00;1;Caja
3505378;LA AURORA 1985 MADURO ROBUSTO (20);119.00;1;Caja
3505382;AVO SYNCRO NICARAGUA ROBUSTO TUB 20 TPD;158.00;1;Caja
3505383;AVO SYNCRO RITMO TORO TUBO 20 TPD;178.00;1;Caja
3505384;AVO SYNCRO RITMO ROBUSTO TUB 20 TPD;166.00;1;Caja
3505385;CAMACHO DIPLO SP SEL ROBUSTO BLACK 18;324.00;1;Caja
3505610;LUCKY STRIKE SILVER BAY;5.75;10;Cajetilla
3505640;AUSTIN SILVER SUPERSLIMS;4.70;10;Cajetilla
3505687;MACANUDO INSPIRADO BLACK ROBUSTO 20 TPD;132.00;1;Estuche
3505688;MACANUDO INSPIRADO BLACK TORO 20 TPD;142.00;1;Estuche
3505701;HAMPTON  PIPES´S GREEN 30G TPD;3.30;10;Bolsa
3505707;TOSCANELLO CASTANO 5 TPD;4.90;10;Estuche
3505708;TOSCANELLO GIALLO 5 TPD;4.90;10;Estuche
3505737;CAMEL PICADURA LIAR/ENTUBAR 43G;10.20;4;Lata
3505738;CAMEL BLUE PICADURA LIAR O ENTUBAR 43G;10.20;4;Lata
3505749;JPS LIAR/ENTUBAR 137 G;32.00;1;Bolsa
3505786;ADALYA MOON DREAM 200 GR;14.00;1;Lata
3505787;ADALYA CHWNG WOOD KIZZ 200G;14.00;1;Lata
3505788;ADALYA WATERLOO KIZZ 200G;14.00;1;Lata
3505789;ADALYA GIPSY KINGS 200G;14.00;1;Lata
3505790;ADALYA BLUE YELLOW 200 G;14.00;1;Lata
3505791;ADALYA BLUE I'SS 200 GR;14.00;1;Lata
3505840;BLUE HORSE MI AMOR 50 G TPD;3.85;10;Caja
3505924;MISSISIPI ORIGINAL 20 G;1.70;10;Bolsa
3506030;MISSISIPI  BROWN 100 G;6.40;2;Bote
3506060;MONTECRISTO SHORT 10;13.00;10;Caja
3506098;W.O.LARSEN EDITION 2021 100G TPD;20.00;3;Lata
3506123;HOOKAIN FELLATIO 50G TPD;4.80;6;Bote
3506124;HOOKAIN JIZZY PIA 50G TPD;4.80;6;Bote
3506126;HOOKAIN KIVY KING 50GR TPD;4.80;6;Bote
3506128;HOOKAIN LAOZ 50G TPD;4.80;6;Bote
3506129;HOOKAIN PINK LEMENCIAGA 50G TPD;4.80;6;Bote
3506133;BURTON RED XL CIGAR 10 TPD;1.70;10;Estuche
3506135;D.TOMAS COROJO 554 (20);91.00;1;Caja
3506136;D.TOMAS COROJO 660 (20);104.00;1;Caja
3506137;CAMEL PICADURA LIAR/ENTUB 30 G;7.10;5;Lata
3506160;AL FAKHER IVORY GOLD 100 GR TPD PL;9.95;3;Caja
3506161;AL FAKHER POLAR FREEZE 100 GR TPD PL;9.95;3;Caja
3506164;HORIZON VIRGINIA WHITE 30G;6.20;10;Bolsa
3506167;HOOKAIN CHERI ZKITTLEZ 50 G TPD;4.80;6;Bote
3506185;QUAI D'ORSAY N.54 (25) TPD;525.00;1;Caja
3506226;NEO TERRACOTTA TOBACCO (20);4.00;10;Cajetilla
3506267;CAMACHO LIBERTY 2020 (20);318.00;1;Caja
3506281;HOOKAIN BUBBLENCIAGA 200 G TPD;16.95;1;Bote
3506282;HOOKAIN GREEN LEAN 200 G TPD;16.95;1;Bote
3506348;LA AURORA 1495 SUMO TORO GB (20);168.00;1;Caja
3506350;LA AURORA FAMILY R. F. LEON ED 15;208.50;1;Caja
3506351;LA AURORA HORS D´AGED 2020 (15);210.00;1;Caja
3506352;LA AURORA HORS D'AGE 2020 G.TORO 30 JARR;420.00;1;Caja
3506355;LO MEJOR DE LA AURORA 5;54.00;1;Caja
3506378;BLUE HORSE MI AMOR 200 G TPD;14.00;1;Lata
3506379;BLUE HORSE THE COLDEST GREEN 200G TPD;14.00;1;Lata
3506434;ADALYA TONY'S DESTINY 50 G TPD;3.85;10;Caja
3506435;ADALYA PYCH BLUE KIZZ 50 G TPD;3.85;10;Caja
3506436;ADALYA RHAPSODY 50 G TPD;3.85;10;Caja
3506503;DAVIDOFF SPECIAL 53 LE 2020 (10);220.00;1;Caja
3506505;DAVIDOFF ROBUSTO INTENSO LE 2020 (10);210.00;1;Caja
3506511;JPS LIAR / ENTUBAR (420 G);93.80;1;Bote
3506516;CAMACHO NICARAGUA ROBUSTO 20;164.00;1;Caja
3506517;CAMACHO NICARAGUA G. CHURCHILL 20;210.00;1;Caja
3506569;DAVIDOFF MILLENNIUM ROBUSTO TUBOS (3);72.60;1;Estuche
3506570;DAVIDOFF MILLENNIUM SHORT ROBUSTO (4);73.60;1;Estuche
3506631;FLANDRIA VIRGINIA VENDING 30G TT;6.20;5;Bolsa
3506685;FORTUNA PARA LIAR/ENTUBAR 190 G;44.55;1;Bote
3506692;DAVIDOFF TUBOS SELECTION WHITE (3);59.20;1;Estuche
3506729;DAVIDOFF MASTER SELECTION EDT 2012 (10);310.00;1;Caja
3506731;CAO VISION CHURCHILL 20;350.00;1;Caja
3506733;SILENCIO RED DOT CHURCHILL 25;340.00;1;Caja
3506734;SILENCIO RED DOT ROBUSTO 25;312.50;1;Caja
3506897;DUCADOS RUBIO 190 G;44.55;1;Bote
3506911;TOSCANINO GIALLO 10 TPD;2.95;10;Estuche
3506912;TOSCANINO ROSSO 10 TPD;2.95;10;Estuche
3506913;TOSCANINO 10 TPD;2.95;10;Estuche
3506920;DANNEMANN MOODS SILVER 10;3.50;10;Caja
3506921;DANNEMANN MOODS FILTER BAHIA 20;6.50;10;Caja
3506922;DANNEMANN MOODS FILTER BAHIA 10;3.50;10;Caja
3506957;BLUE HORSE TOKYO DESIRE 50G TPD;3.85;10;Caja
3506958;BLUE HORSE VENEZIA SERENATA 50G TPD;3.85;10;Caja
3506959;ADALYA EXOTIC RUSH 50 G TPD;3.85;10;Caja
3506960;ADALYA RED ALERT I´SS (50g) TPD;3.85;10;Caja
3506961;ADALYA TWIST PI 50 G TPD;3.30;10;Caja
3506962;CAO BONES BLIND HUGUIE 20 TPD;150.00;1;Caja
3506963;CAO BONES CHICKEN FOOT 20 TPD;140.00;1;Caja
3506964;CAO ZOCALO TORO 20 TPD;158.00;1;Caja
3507038;MADDOX2 RED (20);4.50;10;Cajetilla
3507043;H. UPMANN CONNOSSIEUR Nº 2 (25) TPD;502.50;1;Caja
3507112;HOOKAIN ZENTER SCHOX 50 G TPD;4.80;6;Bote
3507113;HOOKAIN MEGA LOCO (50 G);4.80;6;Bote
3507116;LA ESTRELLA SOLAR ROBUSTO 20 TPD;61.00;1;Caja
3507117;LA ESTRELLA SOLAR GIGANTE 20 TPD;71.00;1;Caja
3507144;LUCKY STRIKE XL 28;7.60;8;Cajetilla
3507148;PALMERITOS SEÑORITAS MAZO 25 UDS;10.00;1;Estuche
3507149;PALMERITOS BREVAS MAZO 50 UDS;30.00;1;Estuche
3507150;PALMERITOS BREVAS DISPLAY (150);90.00;1;Unidad
3507151;WTF! NYC SHISHARILLOS (20);5.70;5;Lata
3507152;WTF! RIO SHISHARILLOS (20);5.70;5;Lata
3507153;WTF! SHEEESH SHISHARILLO (20) TPD SUP;5.70;5;Lata
3507312;LUCKY STRIKE ECLIPSE;5.60;10;Cajetilla
3507315;LA FLOR DE CANO ELEGIDOS (10 ) TPD;67.00;1;Caja
3507351;NEWS&CO FRESH (20);5.40;10;Cajetilla
3507352;DUCAL BLUE;4.85;10;Cajetilla
3507398;WEST ROJO (22);5.50;10;Cajetilla
3507435;MARLBORO CRAFTED SELECTION 90G;20.90;3;Lata
3507437;MACANUDO INSPIRADO WHITE ROTHSCHILD 20;110.00;1;Estuche
3507470;JPS LIAR/ENTUBAR (900 G);201.00;1;Lata
3507507;POR LARRAÑAGA GALANES (10) TPD;118.00;1;Caja
3507717;ADALYA PUNKMAN 50G TPD A;3.85;10;Caja
3507718;ADALYA LA BONITA 50 G A;3.85;10;Caja
3507719;ADALYA JUNGLE JUNGLE 50G TPD A;3.85;10;Caja
3507720;ADALYA KROSTY APP 50G TPD A;3.30;10;Caja
3507721;ADALYA CINDY´S  50G TPD A;3.85;10;Caja
3507722;ADALYA DESPERADO 50G TPD A;3.85;10;Caja
3507723;ADALYA DULCINEA 50G TPD A;3.85;10;Caja
3507724;ADALYA ESMERALDA 50G TPD A;3.85;10;Caja
3507737;BLUE HORSE STRANGERS IN THE NIGHT 50GTPD;3.30;10;Caja
3507739;BLUE HORSE RIO KISS 50G TPD A;3.30;10;Caja
3507740;BLUE HORSE PARIS ROMANTIQUE 50G TPD A;3.30;10;Caja
3507750;NATIVO 20G TPD;1.45;10;Bolsa
3507775;MANITOU VIRGINIA PINK 100 GR TT S2;19.00;3;Bote
3507776;MANITOU VIRGINIA GREEN 100 GR TT S2;21.00;3;Bote
3507779;DAVIDOFF WINSTON CH LE 2021 TORO 10;215.00;1;Estuche
3507780;ZINO NICARAGUA ROBUSTO (4);23.60;1;Estuche
3507781;ZINO NICARAGUA ROBUSTO (25);147.50;1;Caja
3507782;ZINO NICA SHORT TORPEDO (4);22.40;1;Estuche
3507783;ZINO NICARAGUA  SHORT TORPEDO (25);140.00;1;Caja
3507784;ZINO NICARAGUA TORO  (4);27.60;1;Estuche
3507785;ZINO NICARAGUA TORO (25);172.50;1;Caja
3507815;KINGSTON RED 100 G TPD;7.90;1;Lata
3507816;CAO HOMMAGE TO PILON TORO BOX 20 TPD;210.00;1;Caja
3507817;SIOUX ORIGINAL RED 100G LATA TPD;7.60;2;Lata
3507818;LA AURORA 107 NICARAGUA TRAINING KIT 5;42.00;1;Caja
3507822;PANTER POCKET RED 20 TPD;4.00;5;Lata
3507823;PANTER POCKET BLUE 20 TPD;4.00;5;Lata
3507828;MOON HABANA LUXURY  60 G TPD;5.70;1;Lata
3507835;NOBEL 22;6.10;10;Cajetilla
3507884;HOOKAIN KAFFA YAYO 200 G TPD;16.95;1;Bote
3507886;HOOKAIN MILLIONAIR 50 G TPD;4.80;6;Bote
3507887;HOOKAIN HIJO DE PRUT 50 G TPD;4.80;6;Bote
3507888;PANTER MINI FILTER GREEN 20;5.30;10;Lata
3507892;ELIXYR OPTIMAL CUT 250G (250 g);44.90;1;Lata
3507951;BIG BEN PIPE 200G;13.90;1;Lata
3507956;KING STORM 100'S;5.00;10;Cajetilla
3508058;MACANUDO INSP. BRAZILIAN SHADE (10);89.00;1;Caja
3508217;AQM BLACK BOX 50G TPD A;3.85;10;Caja
3508218;AQM GOLDEN ANNA 50G TPD A;3.85;10;Caja
3508219;AQM VIOLET DREAM 50G TPD A;3.30;10;Caja
3508220;AQM PURPLE TEENY 50G TPD A;3.30;10;Caja
3508221;AQM FANEX 50G TPD A;3.85;10;Caja
3508222;AQM RED FALL 50G TPD A;3.85;10;Caja
3508223;AQM KAMASUTRA 50G TPD A;3.85;10;Caja
3508224;AQM BLACK&WHITE 50G TPD A;3.30;10;Caja
3508229;AQM GREEN LEO 50G TPD A;3.85;10;Caja
3508230;LA FLOR DE CANO ELEGIDOS (3 ) TPD;20.10;1;Caja
3508231;AQM RED BALLS 50G TPD A;3.85;10;Caja
3508232;AQM ZERO 50G TPD A;3.85;10;Caja
3508233;AQM BABBEL 50G TPD A;3.30;10;Caja
3508234;MONTECRISTO WIDE EDMUNDO (10) TPD;263.00;1;Caja
3508235;MONTECRISTO WIDE EDMUNDO (25) TPD;657.50;1;Caja
3508237;PUNCH TRIUNFOS (5) TPD;59.50;1;Caja
3508238;QUAI D'ORSAY N.52 (10) TPD;227.00;1;Caja
3508240;RAFAEL GONZ. CORONAS DE LONSDALES 10 TPD;96.00;1;Caja
3508241;RAMON ALLONES Nº3 (10) TPD;222.00;1;Caja
3508305;HOOKAIN LAOZ 200 G TPD;16.95;1;Bote
3508307;HOOKAIN WHITE (950 G);75.00;1;Bote
3508335;DEL MAR NORTH BLUE  20 G TPD;1.70;10;Bolsa
3508338;DEL MAR SOUTH RED 20 G TPD;1.70;10;Bolsa
3508485;TARIFA SHISHA BIKINI  (50 G) TPD;3.50;10;Caja
3508486;TARIFA SHISHA DEMBOW (50 G) TPD;3.50;10;Caja
3508488;TARIFA SHISHA MALONE (50 G) TPD;3.50;10;Caja
3508489;TARIFA SHISHA PECADO (50 G) TPD;3.50;10;Caja
3508491;TARIFA SHISHA ARCTIC FLOW (50 G) TPD;3.50;10;Caja
3508776;GOLDEN VIRGINIA 5x50 G (50 G);15.50;5;Bolsa
3508834;MARLBORO CRAFTED KSB (20);5.10;10;Cajetilla
3508839;JPS AB BLUE STREAM 100S (20);5.50;10;Cajetilla
3508998;W.O.LARSEN EDITION 2022 100G TPD;20.10;3;Lata
3509033;CAMACHO LIBERTY 2021 LE (20);312.00;1;Caja
3509167;BRANIFF PLATINUM FILTER 100 (17) SUP;2.90;10;Estuche
3509168;BRANIFF LINEA D'ORO PLATINUM (ENV 17);2.60;10;Estuche
3509196;J.CORTES MINI DOMINICAN (20);11.50;5;Lata
3509197;J.CORTES MINI HONDURAS (20);11.50;5;Lata
3509283;DIPLOMATICOS COL PRIV II 10 TPD;215.00;1;Caja
3509355;MANITOU VIRG GREEN&VIRGINIA EX F.GRE DIS;97.00;1;Unidad
3509363;TEREA AMBER;5.00;10;Cajetilla
3509364;TEREA YELLOW;5.00;10;Cajetilla
3509365;TEREA TURQUOISE;5.00;10;Cajetilla
3509366;TEREA SIENNA;5.00;10;Cajetilla
3509368;TEREA RUSSET;5.00;10;Cajetilla
3509370;WEST BLUE 100 (20);5.00;10;Cajetilla
3509439;HOOKAIN X-TREME BLU BAY 50 G TPD;4.80;6;Bote
3509440;HOOKAIN GREEN CRACK 50G TPD;4.80;6;Bote
3509441;HOOKAIN WHITE BROWN 50 G TPD;4.80;6;Bote
3509452;APACHE HB RED (20);4.50;10;Cajetilla
3509473;NEWMINSTER NEGRO 10x20 SUP;2.80;10;Estuche
3509474;NEWMINSTER NEGRO 100´s (17) SUP;2.80;10;Estuche
3509484;EASTWOOD ORIGINAL BLEND 200 G TPD;15.75;1;Lata
3509485;EASTWOOD VIRGINIA BLEND 100 G TPD;7.90;1;Lata
3509653;WTF! SHISHARILLO 400 DIP;114.00;1;Unidad
3509673;BULLBRAND WHITE/GOLD F.C MIXED DISP 200;26.00;1;Unidad
3509675;BURTON ORIGIN RED FILTER 17 DISPLAY 170;23.00;1;Unidad
3509757;NUSO BROWN (20);3.00;10;Cajetilla
3509760;CAO MORTAL COIL TORO LE 20 ES;200.00;1;Caja
3509761;MACANUDO INSPIRADO ORANGE GIGANTE 20;130.00;1;Caja
3509762;MACANUDO INSPIRADO ORANGE ROBUSTO 20;118.00;1;Caja
3509763;SILENCIO BLACK GIGANTE 25 ES;337.50;1;Caja
3509764;SILENCIO BLACK SUPREMO 25 ES;325.00;1;Caja
3509784;MANITOU NATIVO BLEND NO.5 BLUE (20);4.80;10;Cajetilla
3509791;CAMEL FILTER 23s;6.60;10;Cajetilla
3509794;NOBEL 30 GR;7.10;10;Bolsa
3509881;DAVIDOFF YEAR OF THE TIGER(10);330.00;1;Caja
3509886;JOSE L. PIEDRA PET. CAZ 12 TPD;22.80;1;Caja
3509905;STANLEY ORIGINAL BLEND 20 G;1.50;10;Bolsa
3509906;STANLEY ORIGINAL BLEND 100G;7.50;1;Lata
3509907;STANLEY ORIGINAL BLEND 999G;69.00;1;Lata
3509908;STANLEY ORIGINAL BLEND 380G;69.00;1;Bote
3509934;FAIRGREEN ARTESANO CLASSIC 30G TT;5.50;5;Bolsa
3509935;FAIRGREEN ARTESANO FINE 30G TT;5.50;5;Bolsa
3510064;WHIM 30G;5.50;10;Bolsa
3510085;LUCKY STRIKE XL 23;6.15;10;Cajetilla
3510094;TOSCANO MASTER AGED SERIE 1 (30);135.00;1;Caja
3510095;TOSCANO MASTER AGED SERIE 2 (30);135.00;1;Caja
3510096;TOSCANO MASTER AGED SERIE 3 (30);135.00;1;Caja
3510098;TEREA TEAK;5.00;10;Cajetilla
3510106;DUCADOS DARK BLUE 22;6.80;10;Cajetilla
3510107;WEST 67G EL;15.15;3;Lata
3510108;WEST 83G EL;18.85;1;Bolsa
3510116;HOOKAIN WHITE BROWN 200 G TPD;16.95;1;Bote
3510149;DUCADOS RUBIO EXTRA 22;5.50;10;Cajetilla
3510254;REIG 1 (4);1.30;10;Estuche
3510271;DUCADOS RED EXTRA (20);5.10;10;Cajetilla
3510286;KING STORM;5.00;10;Cajetilla
3510296;JOCKEY ORIGINAL RED 200G;14.95;1;Bote
3510315;DAVIDOFF ROYALTY;17.20;5;Lata
3510555;VEGAFINA NICARAGUA GRAN VULCANO (10);65.00;1;Caja
3510576;VEGAFINA 1998 VF46 (10);63.00;1;Caja
3510588;AMERICAN SPIRIT ORIGINAL ORANGE 30GR;6.90;5;Bolsa
3510612;DAVIDOFF W.CH LE 2022 PERFECT (10);243.00;1;Caja
3510624;PANTER POCKET FILTER SWIRL RED (10);2.20;10;Caja
3510625;PANTER POCKET FILTER SWIRL BRONZE (10);2.20;10;Caja
3510626;SIGNATURE FINOS FILTER BEIGE (20);4.40;5;Caja
3510631;WEST FC LOTE;80.00;1;Unidad
3510633;LA ESTRELLA POLAR ROTHSCHILD 20;55.00;1;Caja
3510638;JPS FRESH KS BOX (20);5.50;10;Cajetilla
3510659;ALLURE TABAC  (40);9.60;6;Cajetilla
3510695;SHISHA KARTEL PLATA O PLOMO 50G TPD F;4.95;10;Caja
3510696;SHISHA KARTEL CAPO DEI CAPI 50G TPD F;4.95;10;Caja
3510706;JOCKEY ORIGINAL RED 100G;7.60;2;Lata
3510708;FAIRGREEN MIXED 2 X 5 DIS;55.00;1;Unidad
3510721;JOSE L. PIEDRA CAZADORES (12)TPD;26.40;1;Caja
3510723;JOSE L. PIEDRA CONSERVAS(12) TPD;26.40;1;Caja
3510729;SAN PEDRO D MACORIS ECUAD PERLA 20 WB ES;69.00;1;Caja
3510730;SAN PEDRO D MACORIS ECUA ROBUST 20 WB ES;81.00;1;Caja
3510744;ADALYA CHWNG WATERLOO 50G A;3.85;10;Caja
3510745;ADALYA APPGRADE 50G A;3.85;10;Caja
3510746;ADALYA BLUE LYCH 50G A;3.85;10;Caja
3510765;HANDELSGOLD BLOND CIGARRITOS 5 TPD;1.20;10;Estuche
3510766;HANDELSGOLD CLASSIC CIGARRITOS 5 TPD;1.20;10;Estuche
3510767;LEON JIMENES PRESTIGE ROBUSTO TUB 10;72.00;1;Caja
3510768;LEON JIMENES CONNECTICUT ROBUSTO (25);142.50;1;Caja
3510772;LUCKY STRIKE TWIST (20);5.60;10;Cajetilla
3510831;REIG PLATINUM FILTER (10) SUP;3.30;10;Estuche
3510832;REIG PLATINUM FILTER (4) SUP;1.40;10;Estuche
3511097;DENIM CRYSTAL PURPLE FILTER CIGAR 17 TPD;2.50;10;Estuche
3511098;DENIM ARCTIC BLUE FILTER CIGAR (17) SUP;2.50;10;Estuche
3511099;DENIM FROZEN GREEN FILTER CIGA17 TPD SUP;2.50;10;Estuche
3511106;MANITOU NATIVO DISPLAY;96.00;1;Unidad
3511107;HORIZON BLOND 40 GR;8.90;10;Bolsa
3511114;L&B BLUE FUSION (20);6.75;10;Cajetilla
3511115;RICHMOND SUPERKINGS GREEN FILTER;7.15;10;Cajetilla
3511126;AUSTIN RED 22 (22);5.10;8;Cajetilla
3511127;DUCAL RED 22 (22);5.10;8;Cajetilla
3511194;KASTEELHEER (10);2.40;10;Estuche
3511195;KEOPS ORIGINAL BLEND 100G;7.60;1;Lata
3511210;MACANUDO INSPIRADO LIMITED ED 2022 (10);100.00;1;Caja
3511216;HORIZON CRAFTED 30G;6.80;10;Bolsa
3511229;NEWS SELECTION;5.75;10;Cajetilla
3511231;LA AURORA 107 NICARAGUA BELICOSO (20);159.00;1;Caja
3511232;LA AURORA PURO VINTAGE 2008 (8);118.40;1;Caja
3511233;LEON JIMENES CONNECTICUT N 5 (25);112.50;1;Caja
3511284;HOOKAIN VIRGIN BATLUVA 50 G TPD;4.80;6;Bote
3511285;LUCKY STRIKE RED XL 40S;10.50;5;Cajetilla
3511287;PALMERITOS CORONAS (25);15.00;1;Caja
3511288;PALMERITOS CORONAS (10);6.00;1;Caja
3511340;EASTENDERS ORIGINAL BLEND 20G;1.50;10;Bolsa
3511341;EASTENDERS ORIGINAL BLEND 100G;7.90;1;Bote
3511378;CLUBMASTER MINI RED 300 DISPLAY TPD;90.00;1;Unidad
3511379;MISSISIPI  BROWN BOLSA 100 G;7.70;4;Bolsa
3511380;ALLURE GLACIER (40);9.60;6;Cajetilla
3511385;EASTWOOD ORIGINAL BLEND 30 G;2.50;1;Lata
3511391;DJANGO DIABLO 30G TT;6.20;5;Bolsa
3511392;DJANGO BLUE 30G TT;6.20;5;Bolsa
3511420;CASA DE GARCIA SUMATRA WIDE SHORT 10;16.00;1;Estuche
3511502;CAO AMAZON BASIN AGED 18 WB ES;126.00;1;Caja
3511519;APACHE HB BLUE (20);4.50;10;Cajetilla
3511542;FORTUNA ORIGINAL 24;6.15;8;Cajetilla
3511558;SAN PEDRO D MACORIS BRAZIL PERL 20 WB ES;69.00;1;Caja
3511559;SAN PEDRO D MACORIS BRAZ ROBUST 20 WB ES;81.00;1;Caja
3511643;CONVICTO CORONAS (10);6.00;1;Estuche
3511644;CONVICTO CORONAS (25);15.00;1;Estuche
3511645;CONVICTO CORONAS CELOFAN (25);15.00;1;Estuche
3511646;CONVICTO MINIS (10);2.65;1;Estuche
3511647;CONVICTO TUBOS (25);30.00;1;Caja
3511748;ST. LOUIS BLUES YELLOW FILTER (10) SUP;2.90;5;Estuche
3511749;ST. LOUIS BLUES RED FILTER (10) SUP;2.90;10;Estuche
3511751;NEWS&CO ROUGE 21S LIMITED EDITION (21);4.85;10;Cajetilla
3511778;CHRONOS NOCTIS TOBACCO 50 GR;3.95;10;Caja
3511779;CHRONOS ONE SECOND TOBACCO 50 GR;3.95;10;Caja
3511780;CHRONOS KAIROS TOBACCO 50 GR;3.95;10;Caja
3511781;CHRONOS PAUSE TOBACCO 50 GR;3.95;10;Caja
3511782;CHRONOS OCCASUM TOBACCO 50 GR;3.95;10;Caja
3511783;ALOHA LOS LOCOS 50 GR;3.30;5;Caja
3511784;HATER TOBACCO CHEATER 50 GR;3.50;10;Caja
3511785;HATER TOBACCO FAN BOY 50 GR;3.50;10;Caja
3511786;HATER TOBACCO WTF 50 GR;3.50;10;Caja
3511787;HATER TOBACCO NOOB 50 GR;3.50;10;Caja
3511788;ALOHA AMERICAN 50 GR;3.30;5;Caja
3511789;ALOHA MAVERICK 50 GR;3.30;5;Caja
3511790;ALOHA PACIFIC 50 GR;3.30;5;Caja
3511791;ALOHA SPLASH 50 GR;3.30;5;Caja
3511792;HATER RAT BOY 50 GR;3.50;10;Caja
3511799;EXO BLUE 10;2.40;10;Caja
3511801;EXO FILTER 10;2.40;10;Caja
3511803;EXO RED FILTER 10;2.40;10;Caja
3511839;SHISHA KARTEL SEXY SHEBA 50G TPD F;4.95;10;Caja
3511840;SHISHA KARTEL HAPPY HOUND 50G TPD F;4.95;10;Caja
3511842;SHISHA KARTEL BIG BAGMAN 50G TPD F;4.95;10;Caja
3511849;FLOR DE FILIPINAS ROBUSTO 10 TPD;7.00;1;Caja
3511850;FLOR DE FILIPINAS CORONAS 10;6.50;1;Caja
3511851;FLOR DE FILIPINAS SEÑORITA 10 TPD;6.00;1;Caja
3511885;CLUBMASTER SUPERIOR FILTER RED (20) SUP;5.90;10;Lata
3511911;MANITOU NATIVO NO.5 BLUE 30G TT;5.90;5;Bolsa
3511912;MANITOU NATIVO NO.8 RED 30G TT;5.90;5;Bolsa
3511913;BULLBRAND NEGRO EXTRA 30 G TT;5.80;5;Bolsa
3511964;VERAMIA 30G;6.05;10;Bolsa
3511965;CAO GOLD ROBUSTO 20 WB ES;128.00;1;Caja
3511966;CAO GOLD MADURO ROBUSTO 20 WB ES;136.00;1;Caja
3511969;AMIGOS POCKET RED FILTER AB 20;2.80;10;Caja
3511970;SHISHA KARTEL CAPO DEI CAPI 200G TPD F;17.95;1;Caja
3511972;SHISHA KARTEL SEXY SHEBA 200G TPD F;17.95;1;Caja
3511974;SHISHA KARTEL PLATA O PLOMO 200G TPD;17.95;1;Caja
3511975;SHISHA KARTEL CAPO DEI CAPI 950G TPD F;59.90;1;Bote
3511990;HANDELSGOLD WHITE (5);1.20;10;Estuche
3511991;HANDELSGOLD BROWN (5);1.20;10;Estuche
3512138;HATER TOBACCO SHOOTER 50 GR;3.50;10;Caja
3512162;WEST 46G;10.30;3;Bote
3512178;SIGNATURE SILHOUETTE BEIGE FLT 10;2.90;10;Estuche
3512179;SIGNATURE SILHOUETTE GREEN FLT 10;2.90;10;Estuche
3512189;CAO CAMEROON PERFECTO 20 WB ES;110.00;1;Caja
3512212;HORIZON VIRGINIA DARK GREEN 30 G;6.20;10;Bolsa
3512214;MACANUDO YEAR OF THE RABBIT 10 ES;150.00;1;Caja
3512222;LA TRIBU EXCLUSIVE MIXTURE 20 GR;1.70;10;Bolsa
3512228;LA TRIBU EXCLUSIVE MIXTURE 50 GR;3.90;1;Bote
3512229;LA TRIBU EXCLUSIVE MIXTURE 100 GR;7.60;3;Bote
3512232;MADEMOISELLE LA ROSE SSL;4.60;10;Cajetilla
3512233;MADEMOISELLE LA BLEUE SSL;4.60;10;Cajetilla
3512234;VILLIGER N7 (20);20.00;3;Estuche
3512235;VILLIGER N9 (10);4.00;5;Estuche
3512292;MADDOX2 BLUE (20);4.50;10;Cajetilla
3512301;AVO XO NOTTURNO TUBOS (20);220.00;1;Caja
3512302;ZINO NICARAGUA GORDO (4);29.20;1;Estuche
3512303;ZINO NICARAGUA GORDO (25);182.50;1;Caja
3512304;DAVIDOFF YEAR OF THE RABBIT (10);375.00;1;Caja
3512305;ZINO MINI NICARAGUA (20);8.40;5;Estuche
3512306;ZINO MINI RED (20);8.40;5;Estuche
3512307;TOSCANELLO ROSSO ORO (5);5.10;10;Estuche
3512317;MARLBORO CRAFTED 23;5.75;20;Cajetilla
3512318;MARLBORO CRAFTED 100s BOX 20;5.25;10;Cajetilla
3512321;NOBEL SSL (20);5.00;10;Cajetilla
3512322;NOBEL SSL FRESH (20);5.00;10;Cajetilla
3512334;LA FLOR DE LA ISABELA CORONA (10);6.00;1;Estuche
3512335;LA FLOR DE LA ISABELA MINI (10);2.70;1;Estuche
3512336;LA FLOR DE LA ISABELA CORONITAS (25);10.00;1;Estuche
3512388;WEST BOTE 30G;6.90;5;Bote
3512409;DENIM FRESH BREEZE 20;4.60;10;Cajetilla
3512447;BLACK JACK ORIGINAL BLEND 100 GR;7.95;1;Lata
3512460;PANTER POCKET FILTER GREEN 10;2.20;10;Caja
3512461;LA FLOR DE LA ISABELA CORONA (25) CELOFA;15.00;1;Caja
3512485;LA AURORA 107 NICARAGUA SUMO SHORT ROB20;125.00;1;Caja
3512486;LA AURORA 107 NICARAGUA ZEPPELIN 20;140.00;1;Caja
3512487;FLOR DE COPAN GORDITO (20) TPD;136.00;1;Caja
3512488;FLOR DE COPAN PERLA (25) TPD;87.50;1;Caja
3512489;FLOR DE COPAN ROTHSCHILD (20) TPD;128.00;1;Caja
3512490;FLOR DE COPAN SHORT MAGNUM (20) TPD;124.00;1;Caja
3512491;FLOR DE COPAN TITAN (20) TPD;174.00;1;Caja
3512492;AGING ROOM QUATTRO NICAR ESPRES (20) TPD;260.00;1;Caja
3512493;AGING ROOM QUATTRO NICAR MAEST (20) TPD;280.00;1;Caja
3512494;ADALYA SWEESS BOOM 200 G;14.00;1;Lata
3512495;ADALYA KIZZ 200 G;14.00;1;Lata
3512497;VERSO BLUE (20);4.50;10;Cajetilla
3512498;VERSO RED (20);4.50;10;Cajetilla
3512639;FLANDRIA SILVER 30 G TT;6.20;10;Bolsa
3512640;FLANDRIA GOLD 30 G TT;6.20;10;Bolsa
3512726;FM PLAY RED FILTER CIGAR (17);2.20;10;Estuche
3512732;TOSCANO MASTER AGED SERIE 4 (30);141.00;1;Caja
3512927;CAMEL YELLOW 100S;5.90;10;Cajetilla
3512931;DAVIDOFF MILLENNIUM ROBUSTO (25);580.00;1;Caja
3512932;DAVIDOFF MILLENNIUM TORO (4);106.00;1;Estuche
3512933;DAVIDOFF NICARAGUA SHORT CORONA (5);60.00;1;Estuche
3512934;DAVIDOFF SIGNATURE 6000 (4);71.60;1;Estuche
3512949;AUSTIN RED ORIGINALS;4.70;10;Cajetilla
3513023;NEOS MINI WHITE FILTER 20;5.00;10;Lata
3513064;AVO SEASONS SPRING LE 2023 (10);185.00;1;Caja
3513065;DAVIDOFF MILLENNIUM LANCERO LE 2023 (10);350.00;1;Caja
3513066;DAVIDOFF WINSTON CH LATE HOUR TORO 4;116.00;1;Estuche
3513067;DAVIDOFF WINSTON CH LATE HOUR TORO 20;580.00;1;Caja
3513079;BAKERSTREET 190 (90GR) DOYBAG;6.80;4;Bolsa
3513094;BRONX AMERICAN BLEND 30 G;5.50;1;Bote
3513122;D.TOMAS BRAZIL ROBUSTO 25 WB ES;110.00;1;Caja
3513123;D.TOMAS BRAZIL ROTHSCHILD 25 WB ES;102.50;1;Caja
3513133;CAO BX3 ROBUSTO 20 WB ES;134.00;1;Caja
3513134;CAO BX3 TORO 20 WB ES;146.00;1;Caja
3513135;SILENCIO LOS RIOS ROBUSTO 20 WB ES;270.00;1;Caja
3513136;SILENCIO LOS RIOS TORO 20 WB ES;290.00;1;Caja
3513137;SILENCIO BLACK ROBUSTO 25 WB ES;300.00;1;Caja
3513138;MACANUDO INSPIRADO ORANGE LANCERO 20 WB;128.00;1;Caja
3513139;EASTENDERS ORIGINAL BLEND 30G;2.50;1;Lata
3513140;VEGAFINA 1998 VF 56 (10);67.00;1;Caja
3513179;MADEMOISELLE LA FRESH SSL;4.60;10;Cajetilla
35134;FOR.VIZC.RTA.PATRIMONIO CAST.;1.00;1;Unidad
3513419;DENIM BLUE 100 (DURO);4.60;10;Cajetilla
3513429;H.MONTERREY EPICURE No.3  (10) TPD;238.00;1;Caja
3513430;H.MONTERREY EPICURE No.3  (25) TPD;595.00;1;Caja
3513433;LA GLORIA CUBANA TURQUINOS  (10) TPD;192.00;1;Caja
3513448;VEGUEROS CENTROGORDOS  (16) TPD;120.00;1;Caja
3513449;VEGUEROS CENTROGORDOS  (4);30.00;1;Caja
3513457;MACANUDO INSPIRADO TERCIO AGED TORO 10;110.00;1;Caja
3513458;PALMERITOS CORONAS TUBOS (20);24.00;1;Caja
3513459;PALMERITOS CORONAS CELOFAN (25);15.00;1;Caja
3513469;RIVERSTONE 5x50 (50G);10.50;5;Bolsa
3513470;RIVERSTONE 10x50 (50G);10.50;10;Bolsa
3513471;REDFIELD RED 30 G;5.50;1;Bote
3513495;BLACK DEVIL RED (20);4.60;10;Cajetilla
3513498;MARLBORO RED 40S;11.70;5;Cajetilla
3513499;CHESTERFIELD ORIGINAL 100   S1;5.90;10;Cajetilla
3513500;CONVICTO CORONA ORIGINAL CAJA 25;30.00;1;Caja
3513501;CONVICTO CORONAS TUBOS 20;24.00;1;Estuche
3513537;CAO VISION TORO LE 30 PB ES;600.00;1;Caja
3513562;#NO NAME AMERICAN BLEND RED 30G TT;5.80;5;Bolsa
3513593;DUCAL RED 100S;4.80;10;Cajetilla
3513596;NOBEL ABSOLUTE;5.95;10;Cajetilla
3513643;AMERICAN CLUB (20);4.50;10;Cajetilla
3513644;CHESTERFIELD CIGARRITOS 10 S;2.50;20;Estuche
3513659;STANLEY ORIGINAL BLEND 500G;35.00;1;Lata
3513661;ELIXYR MAXX PIPE 140G;11.50;1;Bote
3513674;ADALYA BILLIONAIRE 50G;3.85;10;Caja
3513675;ADALYA BAGDADI 50G;3.85;10;Caja
35137;FOR.VIZC.RTA.PATRIMONIO EUSKERA;1.00;1;Unidad
3513706;VEGAFINA 1998 VF42L (10);71.00;1;Estuche
3513712;LA AURORA 107 ECUADOR BELICOSO (20);160.00;1;Caja
3513713;LA AURORA 107 ECUADOR GRAN TORO (20);155.00;1;Caja
3513714;LA AURORA 107 ECUADOR ROBUSTO (20);130.00;1;Caja
3513715;LA AURORA 107 ECUADOR SUMO SHT ROBUST 20;115.00;1;Caja
3513716;LA AURORA 107 ECUADOR TORO (20);147.00;1;Caja
3513717;LA AURORA 107 ECUADOR ZEPPELIN (20);133.00;1;Caja
3513718;LA AURORA 107 USA MADURO ROBUSTO (20);129.00;1;Caja
3513775;SHISHA KARTEL BOUNCER BRUNO 50 G TPD F;4.95;10;Caja
3513797;MOON HABANA 150 G BIG TPD;11.50;1;Lata
35138;FOR.VIZC.RENTA MANUAL;1.00;1;Unidad
3513803;CANARITOS SEÑORITAS MAZO (25);10.00;1;Estuche
3513804;CANARITOS CAJA 25 BREVAS CELOFANADAS;15.00;1;Caja
3513842;CAO AMAZON BASIN TORO 18 WB ES;144.00;1;Caja
3513854;AVO SEASONS SUMMER LE 2023 (10);190.00;1;Caja
3513864;SILENCIO SERIE M PROMINENTE 10 WB ES;299.00;1;Caja
3513883;LUCKY STRIKE ECLIPSE 21 E.L (21);5.60;10;Cajetilla
3513913;DAVIDOFF SIGNATURE N.2 TUBOS (20);440.00;1;Caja
3513914;DAVIDOFF NICARAGUA 10 th ANNIVERSARY 12;456.00;1;Caja
3513951;MACANUDO INSPIRADO JAMAO 20;240.00;1;Caja
3513954;KING RED 25 S;5.60;8;Cajetilla
35140;FOR.VIZC.RTA SOBRE CAMPAÑA;0.10;1;Unidad
3514073;VEGAFINA 1998 VF44S (25);103.75;1;Estuche
3514079;NEO GOLDEN TOBACCO (20);4.00;10;Cajetilla
3514096;MONTOSA SHORT ROBUSTO (20);108.00;1;Estuche
3514097;MONTOSA TORO (20);116.00;1;Estuche
3514098;MONTOSA ROBUSTO (20);112.00;1;Estuche
3514102;LA PERLA DE LUZON CORONAS BUNDLE 20;13.00;1;Estuche
3514103;LA PERLA DE LUZON SEÑORITAS 20;13.00;1;Estuche
3514104;LA PERLA DE LUZON ROBUSTO 20;14.00;1;Estuche
3514105;NEWS RED 135 G;30.40;2;Lata
3514118;SILENCIO LIMITED EDITION 2023 (10);200.00;1;Caja
3514136;AMSTERDAMER XXX HIMALAYA 30 G TT;5.80;5;Bolsa
3514138;AMSTERDAMER XXX KASHMIR 30G TT;5.80;5;Bolsa
3514139;NUSO BLUE (20);3.00;10;Cajetilla
3514140;NUSO YELLOW (20);3.00;10;Cajetilla
3514224;DAVIDOFF MILLENNIUM ROBUSTO (4);92.80;1;Estuche
3514229;BUCANERO ORIGINAL CAÑERO (5);3.00;10;Estuche
3514230;BUCANERO LOKO ICE (5);3.00;10;Estuche
3514231;BUCANERO GOLDEN FLOW (5);3.00;10;Estuche
3514245;FRATERNITE ROUGE (20);4.60;10;Cajetilla
3514317;ZINO NICARAGUA HALF CORONA (5);24.50;1;Lata
3514319;AVO SEASONS FALL LE 2023 (10);190.00;1;Caja
3514374;FM PLAY WHITE FILTER CIGAR (17);2.20;10;Estuche
3514377;AMSTERDAMER FINE CUT 600G TT;124.00;1;Unidad
3514381;WTF! SHEEESH SHISHARILLOS TIPSY (05);2.20;10;Estuche
3514382;WTF! SQUAD SHISHARILLOS TIPSY (05);2.20;10;Estuche
3514383;WTF! CRAY SHISHARILLOS TIPSY (05);2.20;10;Estuche
3514384;WTF! LIT SHISHARILLOS TIPSY (05);2.20;10;Estuche
3514386;ADALYA BERLIN NIGHTS 1000 G TPD;65.00;1;Lata
3514387;ADALYA BLUE I'SS 1000 G TPD;65.00;1;Lata
3514388;ADALYA MANKO TANKO I'SS 1000 G TPD;65.00;1;Lata
3514391;ADALYA I'SS LIE ON THE ROCKS 1000 G TPD;65.00;1;Lata
3514393;ADALYA SWEESS BOOM 1000 G TPD;65.00;1;Lata
3514417;AMSTERDAMER XXX 300G TT;58.00;1;Unidad
3514418;HOOKAIN FYL BIG TOY 200G TPD;16.95;1;Lata
3514465;ELIXYR RED 22;5.25;8;Cajetilla
3514466;ELIXYR MAXX PIPE 20G;1.50;10;Bolsa
3514483;NUSO YELLOW DEVICE (200);30.00;1;Unidad
3514484;NUSO BLUE DEVICE (200);30.00;10;Unidad
3514485;AL FAKHER YELLOW 50G TPD F;4.70;10;Caja
3514487;AL FAKHER GRAPIO NIGHT 50G TPD F;4.70;10;Caja
3514491;HANDELSGOLD FINE CORONA (5);2.50;10;Estuche
3514507;FM PLAY SQUIZZ FILTER CIGAR (17);2.60;10;Estuche
3514519;FAIRGREEN ARTESANO 300 DISPLAY TT;55.00;1;Unidad
3514539;DUCADOS RUBIO CIGARRITOS (10);2.00;20;Estuche
3514544;MARLBORO CRAFTED ARCTIC (20);5.50;10;Cajetilla
3514545;AUSTIN BLUE 100´S;4.75;10;Cajetilla
3514547;LA AURORA ESCOGIDOS TORO (20);160.00;1;Caja
3514548;LA AURORA ESCOGIDOS ROBUSTO (20);152.00;1;Caja
3514549;LA AURORA ESCOGIDOS SHORT ROBUSTO (20);146.00;1;Caja
3514550;LA AURORA 120 ANIVERSARIO TORO (20);198.00;1;Caja
3514551;LA AURORA 120 ANIVERSARIO CHURCHILL (20);204.00;1;Caja
3514552;LA AURORA 120 ANIVERSARIO ROBUSTO (20);186.00;1;Caja
3514558;WINSTON SELECTION 20s;5.10;10;Cajetilla
3514559;WINSTON SELECTION 100s;5.25;10;Cajetilla
3514567;DUCADOS RUBIO EXTRA 30GR;6.60;10;Bolsa
3514599;ALEC BRADLEY BLACK MARKET PUNK 24;139.20;1;Caja
3514600;ALEC BRADLEY BLACK MARKET ROBUSTO 24;187.20;1;Caja
3514601;ALEC BRADLEY GATEKEEPER ROBUSTO 24;220.80;1;Caja
3514602;ALEC BRADLEY GATEKEEPER TORO 24;240.00;1;Caja
3514603;ALEC BRADLEY PRENSADO CHURCHILL 24;256.80;1;Caja
3514645;LE BARON 150 G;10.50;1;Bolsa
3514646;WTF! TIPSY DISPLAY(100);44.00;1;Unidad
3514652;HOOKAIN ALMAN (50 GR);4.80;6;Bote
3514653;HOOKAIN WHITE ALMAN (200 GR);16.95;1;Bote
3514686;EASTWOOD ORIGINAL BLEND 999 G;70.00;1;Lata
3514738;CASA DE GARCIA SUMATRA CORONAS 10 BUNDLE;17.00;1;Estuche
3514747;SILENCIO BLUE ROBUSTO 20;260.00;1;Caja
3514748;SILENCIO BLUE TORO 20;272.00;1;Caja
3514749;AL CAPONE GOLD FILTER (4);1.20;10;Estuche
3514750;CLUBMASTER MINI VERTICAL DSP 3*5 300 23;70.50;1;Unidad
3514751;M BY MACANUDO DARK TORO FRESHPACK 2x6(2);12.00;1;Caja
3514752;CAO MEDIO TIEMPO ROBUSTO 20;180.00;1;Caja
3514753;CAO MEDIO TIEMPO MAGNIFICO 20;200.00;1;Caja
3514754;MACANUDO INSP WHITE ROBU FRESHPACK 3x6(3;18.75;6;Caja
3514755;MACANUDO INSP WHITE ROBUSTO ALU TUBE 10;75.00;1;Caja
3514757;SILENCIO LOS RIOS TORO METAL SQUARE TB20;330.00;1;Caja
3514764;CAMEL YELLOW 40s;11.30;5;Cajetilla
3514802;BLACK JACK ORIGINAL CIGAR (5);2.50;4;Estuche
3514804;DAVIDOFF MILLENNIUM PIRAMIDES (10);286.00;1;Caja
3514806;AVO SEASONS WINTER LE 2023 (10);190.00;1;Caja
3514808;AL CAPONE KIT PARTY BOX (60) ABR24;18.00;1;Unidad
3514809;CAMACHO CONNECTICUT ROBUSTO TUBOS (20);184.00;1;Caja
3514811;CAMACHO COROJO ROBUSTO TUBOS 20;184.00;1;Caja
3514812;DAVIDOFF ANIVERSARIO DOBLE R (25);875.00;1;Caja
3515097;FORTUNA GO POCKET;5.65;10;Cajetilla
3515100;FORTUNA GO KS (20);5.50;10;Cajetilla
3515101;FORTUNA GO 23;5.75;8;Cajetilla
3515102;FORTUNA GO BLANDO (20);5.50;10;Cajetilla
3515103;FORTUNA GO LARGO;5.50;10;Cajetilla
3515122;ALEC BRADLEY PRENSADO ROBUSTO 24;230.40;1;Caja
3515134;CHESTERFIELD ORIGINAL 25s (25) S2;6.80;8;Cajetilla
3515146;VEO GREEN CLICK;4.00;10;Cajetilla
3515148;VEO SCARLET CLICK;4.00;10;Cajetilla
3515150;VEO PURPLE CLICK;4.00;10;Cajetilla
3515480;SHISHA KARTEL BIG BAGMAN 200G TPD F;17.95;1;Caja
3515652;FLOR DE COPAN CORONA (20)-NW;106.00;1;Caja
3515663;DUCADOS RUBIO EXTRA 29;7.50;8;Cajetilla
3515664;LA FINCA No3 (25) TPD;77.50;1;Caja
3515665;FORTUNA GO 37;9.85;8;Cajetilla
3515666;FORTUNA GO 46;11.90;6;Cajetilla
3515667;DUCADOS RUBIO EXTRA 40;10.00;8;Cajetilla
3515668;FORTUNA GO 29;7.80;8;Cajetilla
3516194;PARTAGAS CULEBRAS CH. (3)-NW;39.00;3;Estuche
3516236;ROM Y JUL ROMEO N1 (25) T-NW;290.00;1;Caja
3516303;JPS BLUE (240G);55.50;1;Bote
3516304;VEGAFINA VF 98 VF46 TUBO (3) TPD;20.70;1;Estuche
3516305;VEGAFINA VF 98 VF50 TUBO (3) TPD;19.80;1;Estuche
3516307;VEGAFINA VF 98 VF52 TUBO (3) TPD;21.60;1;Estuche
3516309;VEGAFINA VF 98 VF54 TUBO (3) TPD;23.40;1;Estuche
3516310;VEGAFINA VF NI VULCANO TUBO (3) TPD;18.60;1;Estuche
3516885;COHIBA WIDE SHORT (6) TPD;19.80;10;Caja
3516886;KING GOLD (20);4.60;10;Cajetilla
3516887;KING GOLD 100S (20);4.70;10;Cajetilla
3516888;KING SILVER (20);4.60;10;Cajetilla
3516889;KING SILVER 100S (20);4.70;10;Cajetilla
3516890;DOMINGO NEGRO 100G;23.70;4;Bote
3516960;VEGAFINA VF S2 SHORT MAGNUM (25)-NW;133.75;1;Caja
3516961;AL FAKHER EXOTIC ESCAPE 50G TPD F;4.80;10;Caja
3516962;AL FAKHER TROPIC TREAT 50G TPD F;4.80;10;Caja
3517019;LUCKY STRIKE RICH  FOR GLO;4.00;10;Cajetilla
3517020;LUCKY STRIKE GOLD  FOR GLO;4.00;10;Cajetilla
3517328;LA TRIBU XXL 150 GR;11.10;1;Bote
3517329;VASCO DA GAMA N.2 CLARO (5);5.00;5;Estuche
3517330;VASCO DA GAMA N.2 MADURO (5);5.00;5;Estuche
3517361;DISPLAY MAC BAREN MIXTURE ED.LIMITADA;130.00;1;Unidad
3517425;AL FAKHER BIG GREEN (5000 G) TPD F;225.00;1;Bote
3517426;AL FAKHER THE DOUBLE CRUNCH (5000 G) TPD;225.00;1;Bote
3517442;BRANIFF LINEA D'ORO RED (ENV 17);2.60;10;Estuche
3517443;BRANIFF LINEA D'ORO WHITE (ENV 17);2.60;10;Estuche
3517444;BRANIFF LINEA D'ORO NEGRO (ENV 17);2.60;10;Estuche
3517445;VILLIGER SUNNY MINI FILTER 5x20 ES TT;5.00;5;Lata
3517446;VILLIGER TUBOS GREEN 1x20 ES;2.00;1;Caja
3517473;ROLL´S WHITE EXCLUSIVE (EL ENVASE DE 17);2.60;10;Estuche
3517474;ROLL´S RED EXCLUSIVE (EL ENVASE DE 17);2.60;10;Estuche
3517475;DISPLAY BRANIFF LINEA D´ORO CAJA 800 TT;132.00;1;Unidad
3517476;DISPLAY BRANIFF 100  680 TT;116.00;1;Unidad
3517478;DAVIDOFF MILLENNIUM ROBUSTO TUBOS (20);484.00;1;Caja
3517479;DAVIDOFF WINSTON CHURCHILL CHURCHILL 20;506.00;1;Caja
3517480;DAVIDOFF WINSTON CH LATE HOUR PET PAN 5;44.00;1;Lata
3517493;CANALEÑOS VIRGINIA 30G TT;5.95;10;Bolsa
3517514;MADEMOISELLE LA PLUS;4.60;10;Cajetilla
3517515;ELIXYR CHOICE;5.00;10;Cajetilla
3517531;WINSTON SELECTION 22s;5.50;10;Cajetilla
3517588;SHISHA KARTEL FATAL FRENZY 50G TPD F;4.50;10;Caja
3517602;VEO ARCTIC CLICK;4.00;10;Cajetilla
3517609;CHESTERFIELD LABEL LARGO 20;5.10;10;Cajetilla
3517610;CHESTERFIELD LABEL 20;5.00;10;Cajetilla
3517645;GOLDEN VIRGINIA AMBER 40G;11.50;10;Bolsa
3517646;W.O.LARSEN EDITON 2025 (100G);24.50;3;Lata
3517648;JPS FULL RED (20);5.15;10;Cajetilla
3517649;HENRY CLAY WHK CORONA (25)-NW;147.50;1;Caja
3517650;HENRY CLAY WHK LONSDALE (25)-NW;193.75;1;Caja
3517651;HENRY CLAY WHK ROBUSTO (25)-NW;186.25;1;Caja
3517652;HENRY CLAY WHK TORO (25)-NW;203.75;1;Caja
3517657;H UPMANN REGALIAS (25)-NW;267.50;1;Caja
3517722;HOOKAIN WHITE BLOWTUS 200 G;16.95;1;Lata
3517723;HOOKAIN WHITE BLOWTUS 50 G;4.80;6;Bote
3517736;BONESHAKER MORNING STAR (20)-NW;128.00;1;Caja
3517953;CAPITOL SWING (10)-NW;79.00;1;Caja
3517955;FM PLAY MIX DISPLAY (510);70.00;1;Unidad
3517964;BRONX Virginia Blend papel (30g);5.50;5;Bolsa
3518232;VILLIGER 1888 CORONA 1X20 ES;140.00;1;Caja
3518233;VILLIGER 1888 ROBUSTO 1X20 ES;150.00;1;Caja
3518234;VILLIGER 1888 NICARAGUA CORONITA 1X20 ES;150.00;1;Caja
3518235;VILLIGER 1888 NICARAGUA ROBUSTO 1X20 ES;170.00;1;Caja
3518236;VILLIGER 1492 ROBUSTO 1X20 ES;160.00;1;Caja
3518237;VILLIGER 1492 CORONA 1X20 ES;150.00;1;Caja
3518489;TORRES QUART CAMPEROS (120) TT;120.00;12;Estuche
3518490;TORRES QUART CAMPEROS (10) TT;10.00;10;Estuche
3518491;EL CAVALLER MARINEROS (25) TT;25.00;2;Estuche
3518492;EL CAVALLER MARINEROS (10) TT;10.00;10;Estuche
3518910;VEGAFINA VF NI TERRA (25)-NW;145.00;1;Caja
3519176;FLEUR DE LYS BLOND 40G TTE;7.90;5;Bolsa
3519451;CAO ARCANA SERIES THUNDER SMOKE TORO 20;220.00;1;Caja
3519452;MACANUDO EMISSARY PERFECTO 16 TT;206.40;1;Caja
3519453;MACANUDO EMISSARY ROBUSTO 16 TT;174.40;1;Caja
3519454;SILENCIO SERIE M DOUBLE ROBUSTO 10 TT;299.00;1;Caja
3519499;MARLBORO CRAFTED SELECTION (65 g);15.15;4;Lata
3519500;HANDELSGOLD CIGARRITOS SUN 5 TT;1.20;10;Estuche
3519501;HANDELSGOLD CIGARRITOS PURPLE 5 TT;1.20;10;Estuche
3519546;ESSE BLUE;4.80;10;Cajetilla
3519547;ESSE RED;4.80;10;Cajetilla
3519651;AMBER LEAF VIRGINIA SELECTO 30 GR;6.80;5;Bolsa
3519703;BLACK JACK ORIGINAL BLEND 200 GR TT;14.20;1;Bote
3519705;MIX BURTON;94.50;1;Unidad
3519843;FORTUNA ORIGINAL 40 LIMITED EDITION (40);10.35;8;Cajetilla
3519847;VEO RUBY TWIST;4.00;10;Cajetilla
3519848;VEO TROPICAL TWIST;4.00;10;Cajetilla
3519862;FLANDRIA SAUVAGE 65G TT;13.45;1;Lata
3519876;DENIM RED AMERICAN BLEND (29);6.50;8;Cajetilla
3519881;LOOK OUT HOLLAND CLASSIC 40 G TT;8.00;10;Bolsa
3519893;AL FAKHER BIG RED SPLASH 50G TT;4.70;10;Caja
3520048;AL FAKHER BIG RED SPLASH 250G TT;19.95;1;Caja
3520051;REDS AMERICAN BLEND KS RC 20S;4.60;10;Cajetilla
3520052;BUSINESS ROYALS RED KS RC 20S;4.80;10;Cajetilla
3520053;BUSINESS ROYALS BLUE KS RC 20S;4.80;10;Cajetilla
3520072;HAMPTON PIPE NEGRO 30G;2.90;10;Bolsa
3520092;NEWMINSTER EDICIÓN ESPECIAL B DISPLAY TT;84.00;1;Unidad
3520397;BRANIFF LINEA D'ORO DISPLAY 510 TT;78.00;1;Unidad
3520467;DISPLAY AMSTERDAMER HIMALAYA (150G);29.00;1;Unidad
3520468;DISPLAY AMSTERDAMER KASHMIR (150G);29.00;1;Unidad
3520482;ELIXYR RED 40´S.;9.30;5;Cajetilla
3520507;THE TURNER ORIGINAL (30G) TT;5.85;5;Bolsa
3520508;THE TURNER VIRGINIA GREEN (30G) TT;5.85;5;Bolsa
3520509;THE TURNER VIRGINIA WHITE (30G) TT;5.85;5;Bolsa
3520510;THE TURNER DARK (30G) TT;5.85;5;Bolsa
3520514;DUCADOS RUBIO EXTRA 46G;10.20;3;Bote
3520615;ROLL'S EXC. 17 ED. SP. SEP 340 TT;52.00;1;Unidad
3520641;PARAMOUNT RED BOX 20s;4.85;10;Cajetilla
3520724;SILENCIO D´OR CANONAZO (20);310.00;1;Caja
3520726;SILENCIO D´OR ROBUSTO (20);290.00;1;Caja
3520756;Alec Bradley Bl Market Shamrock Toro 10;142.00;1;Caja
3520757;Alec bradley Chunk Maduro XL 4x60 20;150.00;1;Caja
3520758;Alec Bradley Fine and Rare 2024 10;230.00;1;Caja
3520759;Alec Bradley Texas Lancero 10;105.00;1;Caja
3520761;CAO Cameroon Robusto 20;130.00;1;Caja
3520763;Silencio Riviera Robusto 20;260.00;1;Caja
3520764;Macanudo Inspirado Red Toro 20;128.00;1;Caja
3520833;DANNEMANN MB10 (100) RCGOTAS DISP ENE 25;35.00;1;Unidad
3520842;DANNEMANN MOODS KIT PARTY BOX (120);42.00;1;Unidad
3520843;REIG KIT PARTY BOX (120);38.00;1;Unidad
3520844;SILENCIO RIVIERA PERFECTO 10;180.00;1;Caja
3520982;MAC BAREN ROYAL TWIST (100G) TTE;25.50;5;Lata
3521195;DAVIDOFF YEAR OF THE SNAKE (10);620.00;1;Caja
3521197;DAVIDOFF GRAND CRU DIADEMAS FINAS(10);570.00;1;Caja
3521198;DAVIDOFF MADURO TORO (20);1080.00;1;Caja
3521199;DAVIDOFF MADURO SHORT CORONA (20);840.00;1;Caja
3521200;DAVIDOFF MADURO ROBUSTO  (20);1000.00;1;Caja
3521203;ZINO NICARAGUA  SHORT PURITOS (10);8.00;5;Estuche
3521319;NOBEL KS BOX 40;10.50;8;Cajetilla
3521324;ADALYA HAWAII 990 G;65.00;1;Lata
3521325;ADALYA KIZZ 2.0 990 G;65.00;1;Lata
3521326;ADALYA L.KILL 990 G;65.00;1;Lata
3521327;ADALYA LOVE66 990 G;65.00;1;Lata
3521328;ADALYA BRLIN NIGHTS 990 G;65.00;1;Lata
3521329;ADALYA BLUE I'SS 990 G;65.00;1;Lata
3521331;ADALYA MANKO TANKO I'SS 990 G;65.00;1;Lata
3521332;ADALYA SWEES BOOM 990 G;65.00;1;Lata
3521333;BLUE HORSE MI AMOR  990 G;65.00;1;Lata
3521544;NOBEL KS BOX 28;7.65;8;Cajetilla
3521545;DAVIDOFF ORO BLANCO 111 YEARS (1);750.00;1;Caja
3521550;TOSCANO ROBUSTO (8) TTE;17.60;1;Caja
3521551;TOSCANO ROBUSTO (4) TTE;8.90;10;Caja
3521756;HOOKAIN ANGRY DRAGON 200 G;16.95;1;Lata
3521757;HOOKAIN ANGRY GREEN DRAGON 50 G;4.80;6;Bote
3521758;HOOKAIN ANGRY GREEN DRAGON 200 G;16.95;1;Lata
3521759;HOOKAIN ANGRY PIC DRAGON 50 G;4.80;6;Bote
3521760;HOOKAIN ANGRY PIC DRAGON 200 G;16.95;1;Lata
3521761;HOOKAIN ANGRY RED DRAGON 50 G;4.80;6;Bote
3521762;HOOKAIN ANGRY RED DRAGON 200 G;16.95;1;Lata
3521763;HOOKAIN DUBAI STACHIO 50 G;4.80;6;Bote
3521764;HOOKAIN DUBAI STACHIO 200 G;16.95;1;Lata
3521765;HOOKAIN ANGRY DRAGON 50 G;4.80;6;Bote
3521768;WEST RED KS BOX 40;10.00;8;Cajetilla
3521905;GUAJIRO TROMPETAS 5 TT;2.10;5;Estuche
3521979;MARLBORO CRAFTED  35;8.70;5;Cajetilla
3522010;DISPENSADOR MIX NOB28 NOB40;145.20;1;Unidad
3522108;NEOS MINI RED XTRA-S FILTER (20);5.00;10;Lata
3522113;DISPENSADOR HORIZON VIRG 30G LATA;120.00;1;Unidad
3522114;AL CAPONE DUO FILTER (10) FP TTE;2.70;10;Estuche
3522116;AL CAPONE DUO FILTER (4) FP TTE;1.20;10;Estuche
3522372;TEREA CLASSIC GOLD;5.00;10;Cajetilla
3522373;TEREA CLASSIC RED;5.00;10;Cajetilla
3522427;AL CAPONE KIT PARTY BOX (120);36.00;1;Unidad
3522439;DUCAL PICADURA DE LIAR (30G);5.55;10;Bolsa
3522440;AVO HERITAGE SPECIAL TORO (20);238.00;1;Caja
3522441;AVO HERITAGE ROBUSTO (20);210.00;1;Caja
3522442;AVO HERITAGE SHORT ROBUSTO (20);184.00;1;Caja
3522443;AL FAKHER BIG RED SPLASH 200G TTE;17.50;1;Bote
3522444;AL FAKHER YELLOW 200G TTE;17.50;1;Bote
3522445;AL FAKHER SNOWY FUCHSIA GREEN 200G TTE;17.50;1;Bote
3522446;AL FAKHER BIG YELLOW GREEN 200G TTE;17.50;1;Bote
3522447;AL FAKHER GRAPIO 200G TTE;17.50;1;Bote
3522448;AL FAKHER GRAPIO GREEN 200G TTE;17.50;1;Bote
3522449;AL FAKHER BIG BLUE 200G TTE;17.50;1;Bote
3522450;AL FAKHER GREEN CHU 200G TTE;17.50;1;Bote
3522451;AL FAKHER THE DOUBLE CRUNCH 200G TTE;17.50;1;Bote
3522452;AL FAKHER MAGIC LOVE 2.0 200G TTE;17.50;1;Bote
3522453;AL FAKHER BIG GREEN 200G TTE;17.50;1;Bote
3522454;AL FAKHER GRAPIO NIGHT 200G TTE;17.50;1;Bote
3522456;AL FAKHER GREEN CHU 900G TTE;69.95;1;Bote
3522457;AL FAKHER BIG GREEN 900G TTE;69.95;1;Bote
3522458;AL FAKHER THE DOUBLE CRUNCH 900G TTE;69.95;1;Bote
3522459;AL FAKHER GREEN VELVET 900G TTE;69.95;1;Bote
3522586;BLACK JACK ORIGINAL BLEND 20 GR TTE;1.50;5;Bolsa
3522620;HOOKAIN KAFFA YAYO 950G TT;75.00;1;Bote
3522621;HOOKAIN LEMENCIAGA 950G TT;75.00;1;Bote
3522670;VEGAFINA CLASSIC WIDE ROBUSTOS (25)-NW;170.00;1;Caja
3522712;ELIXYR MAXX PIPE (999G);70.00;1;Lata
3522724;DENIM SELECTED BLEND 20;4.50;10;Cajetilla
3522781;LA AURORA DOMINICANA SHORT ROBUSTO (10);71.50;1;Caja
3522782;LA AURORA DOMINICANA TORO (10);81.00;1;Caja
3522783;LA AURORA DOMINICANA ROBUSTO (10);76.50;1;Caja
3522785;ZINO NICARAGUA TORO  (5);34.50;1;Estuche
3522786;ZINO NICARAGUA ROBUSTO (5);29.50;1;Estuche
3522787;DAVIDOFF WINSTON CHURCHILL LE 2025 (10);490.00;1;Caja
3522789;DAVIDOFF ESCURIO 10th ANIVERSARY (12);444.00;1;Caja
3522792;BARAKA 150g TTE;11.10;1;Bote
3522793;BARAKA RED 20 G TTE;1.50;5;Bolsa
3522794;BARAKA SOUL 20 G TTE;1.50;5;Bolsa
3522808;CAMEL PICADURA DE LIAR (40G);9.40;10;Bolsa
3522847;CHESTERFIELD LABEL 23;5.60;20;Cajetilla
3522866;DISPLAY BRANIFF LINEA D'ORO 680 TTE;104.00;1;Unidad
3522873;LUCKIES RED 100s;4.85;10;Cajetilla
3522874;LUCKIES RED 23;5.50;10;Cajetilla
3522875;LUCKIES RED (20);4.85;10;Cajetilla
3522920;ELIXYR ICE PIPE 120G;10.00;1;Lata
3522976;CAMEL PICADURA LIAR O ENT 109 GR;26.10;1;Bolsa
3522977;CAMEL PICADURA DE LIAR O ENTUBAR (455G);109.60;1;Bote
3522978;WINSTON PICAD LIAR O ENT 82GR;19.90;1;Bolsa
3522979;WINSTON PICADURA DE LIAR O ENTUBAR 430GR;103.30;1;Bote
3522981;W.O.LARSEN EDICION LIMITADA 2026 (100G);25.00;3;Lata
3522983;SILENCIO LOS RIOS PEQUEÑO 6;24.00;5;Lata
3522989;NEO AZURE (20);4.00;10;Cajetilla
3522990;VEO BLOSSOM TWIST;4.00;10;Cajetilla
3522991;VEO POLAR TWIST;4.00;10;Cajetilla
3523215;HANDELSGOLD SUMMER (5) TTE;1.20;10;Estuche
3523249;PHILIP MORRIS FILTER KING 30gr.;7.10;10;Bolsa
3523250;PHILIP MORRIS FILTER KING LARGO;5.20;10;Cajetilla
3523258;SIGNATURE FINOS BEIGE (5);1.60;10;Lata
3523259;SIGNATURE FINOS ORIGINAL (5);1.60;10;Lata
3523297;DISPENSADOR MIX NOB SSL FRESH;200.00;1;Unidad
3523304;DISPLAY ESSE-10 2025;48.00;1;Unidad
3523305;COHIBA CLUB LE.24 (60)-TES;60.00;1;Caja
3523306;TRINIDAD SHORT  (El envase de 40);62.00;1;Caja
3523317;PERLA DE CALVANO TORO 10;20.00;1;Caja
3523318;PERLA DE CALVANO SHORT ROBUSTO 10;16.00;1;Caja
3523319;PERLA DE CALVANO ROBUSTO 10;18.00;1;Caja
3523329;HAMPTON PURE PIPE 10 G;1.00;10;Bolsa
3523355;JOCKEY ORIGINAL RED 20G TTE;1.70;5;Bolsa
3523362;LA AURORA 107 ECUADOR SUMO SHT ROBUST 5;28.75;1;Estuche
3523363;LA AURORA 107 NICARAGUA SUMO SHORT ROB5;31.25;1;Estuche
3523364;LA AURORA 107 USA MADURO SS ROBUSTO 5;29.25;1;Estuche
3523365;LA AURORA MADURO 1985 ROBUSTO (5);29.75;1;Estuche
3523366;LA AURORA CAMEROON 1903 ROBUSTO (5);29.25;1;Estuche
3523367;LA AURORA CONNECTICUT 1987 ROBUSTO (5);29.25;1;Estuche
3523368;LA AURORA COROJO 1962 ROBUSTO (5);29.25;1;Estuche
3523420;CLUBMASTER MINI FILTER ICELAND (20) TTE;4.70;10;Lata
3523489;MOON HABANA 500 G TTE. TABACO PIPA TTE;39.00;1;Bote
3523516;FAIRGREEN ARTESANO DISPLAY 300 TT;55.00;1;Unidad
3523519;EASTENDERS ORIGINAL BLEND BOT CARTÓN 100;7.00;1;Bote
3523527;LA PRIMOROSA CORONITAS (25) TTE;10.50;1;Estuche
3523537;DAVIDOFF CHEFS EDITION 2025 (10);550.00;1;Caja
3523541;REDS AMERICAN BLEND WHITE KS 20S;4.60;10;Cajetilla
3523547;AL FAKHER MAGIC LOVE CRAFTED MIXES 50G;3.70;10;Caja
3523548;AL FAKHER MAGIC LOVE CRAFTED MIXES 200G;13.50;1;Bote
3523549;AL FAKHER MAGIC LOVE CRAFTED MIXES 900G;55.90;1;Bote
3523550;AL FAKHER IVORY GOLD 200 G;19.95;1;Bote
3523551;AL FAKHER POLAR FREEZE 200 G;19.95;1;Bote
3523552;TORRES QUART CAMPESINOS (10);7.50;10;Estuche
3523618;SHISHA KARTEL HAPPY HOUND 200G;17.95;1;Caja
3523619;SHISHA KARTEL BOUNCER BRUNO 200G;17.95;1;Caja
3523642;DISPENSADOR MIX NOB SSL FRESH;200.00;1;Unidad
3523662;REIG XS (150) DISP ACT ENE26;43.00;10;Unidad
3523663;REIG 1 (180) DISP ACT 26;56.50;10;Unidad
3523664;REIG 15 MINOR (100) DISP AT 26;55.00;10;Unidad
3523665;DANNEMANN MOODS FILT (200) DISP MAR26;67.00;5;Unidad
3523721;LA AURORA ESCOGIDOS LANCERO E.L. (15);258.00;1;Caja
3523732;WINSTON SELECTION 40s;10.00;5;Cajetilla
3523750;TRINIDAD WIDE SHORT (6)-TES;18.60;10;Caja
3523751;NEO SIGNATURE TOBACCO (20);4.00;10;Cajetilla
3523785;COHIBA WIDE SHORT ED.24 (50);225.00;1;Caja
3523787;KINGSTREET 19GR;1.65;5;Bolsa
3523788;KINGSTREET 95GR;7.90;1;Bote
3523789;KINGSTON SPECIAL EDITION 100 G;7.00;1;Lata
3523790;EASTWOOD SPECIAL EDITION 20 G;1.50;10;Bolsa
3523852;DISPENSADOR LUCKIES (BALEARES);152.00;1;Unidad
3523874;ELIXYR X-LINE;4.80;10;Cajetilla
3523881;CANDLELIGHT CLUB HAVANA (50);10.00;3;Estuche
3523956;SPECIAL STAR AMERICAN BLEND TOB PIP 85 G;6.95;1;Bolsa
3523961;DAVIDOFF YEAR OF THE HORSE (10);650.00;1;Caja
3523995;EVO BRONZE STICKS;4.50;10;Cajetilla
3523996;EVO AMBER STICKS;4.50;10;Cajetilla
3523997;EVO AZURE STICKS;4.50;10;Cajetilla
3523998;EVO BURGUNDY STICKS;4.50;10;Cajetilla
3523999;EVO GOLD STICKS;4.50;10;Cajetilla
3524006;HAMPTON PIPE GOLD 20 G;1.70;10;Bolsa
3524007;HAMPTON PIPE GOLD 12 G;1.10;10;Bolsa
3524009;WINSTON SELECTION LARGO 28S;7.00;8;Cajetilla
3524010;KOPP CARIBBEAN BLUE BELLAMY 50 G;17.50;1;Lata
3524011;KOPP CARIBBEAN BLUE DRAKE 50 G;17.50;1;Lata
3524012;KOPP CARIBBEAN BLUE RACKHAM 50 G;17.50;1;Lata
3524013;KOPP CARIBBEAN BLUE GRAHAM 50 G;17.50;1;Lata
3524014;ROBERT McCONNELL ORIENTAL 50 G;15.50;1;Lata
3524015;ROBERT McCONNELL RED VIRGINIA 50 G;16.50;1;Lata
3524016;ROBERT McCONNELL SCOTTISH CK 50 G;17.00;1;Lata
3524017;ROBERT McCONNELL BOUTIQUE BLEND 50 G;16.00;1;Lata
3524018;ROBERT McCONNELL MARYLEBONE 50 G;16.00;1;Lata
3524019;ROBERT McCONNELL BLACK PARROT 50 G;17.50;1;Lata
3524020;ROBERT McCONNELL HIGHGATE 50 G;32.00;1;Lata
3524021;ROBERT McCONNELL COVENT GARDEN 50 G;16.00;1;Lata
3524022;RATTRAY'S - BRITISH COLLE 7 RESERVE 50 G;16.00;1;Lata
3524024;RATTRAY'S - BRITISH COL BLACK MAYORY 50G;16.00;1;Lata
3524025;RATTRAY'S - BRITISH COLLE MARLIN FL 50 G;17.50;1;Lata
3524026;RATTRAY'S - BRITISH COLLE 7 OLD GOW 50 G;17.00;1;Lata
3524027;RATTRAY'S - BRITISH COLLE RED RAPPA 50 G;17.00;1;Lata
3524028;RATTRAY'S - BRITISH COLLE HAL O'THE 50 G;17.00;1;Lata
3524029;RATTRAY'S - BRITISH COLLE BROWN CLU 50 G;17.00;1;Lata
3524030;RATTRAY'S AROMATIC COL BAGPIPER'S D 50 G;16.00;1;Lata
3524130;DENIM RED FILTER DISPLAY 80;13.00;1;Unidad
3524131;JOCKEY RED&BLUE FILTER MIX DISP 80;13.00;1;Unidad
3524132;BRONX VIRGINIA BLEND 300 G DISPLAY;55.00;1;Unidad
3524140;DISPENSADOR MIX NOB SSL FRESH;200.00;1;Unidad
3524152;HOOKAIN FUGGI NINJA (200 G);16.95;1;Lata
3524153;HOOKAIN FUGGI NINJA 50G;4.80;6;Bote
3524154;HOOKAIN PUMPGUN SPY 50G;4.80;6;Bote
3524155;HOOKAIN PUMPGUN SPY 200G;16.95;1;Lata
3524188;CAO CORE RANGE FRESHPACK (5);33.00;5;Estuche
3524189;MACANUDO INSPIRADO LINE-UP FRESHPACK (5);30.00;5;Estuche
3524208;PARAMOUNT RED 100S;4.70;10;Cajetilla
3524209;PARAMOUNT 30G;5.65;10;Bolsa
3524210;DUCADOS RUBIO EXTRA 70G;15.70;6;Lata
3524211;FORTUNA GO 50S (50);12.00;6;Cajetilla
3524216;LA FINCA NO5 (10);29.00;1;Caja
3524217;LA FINCA NO7 (10);33.00;1;Caja
3524218;LA FINCA NO10 (10);38.00;1;Caja
3524219;LA FINCA NO3 (10);31.00;1;Caja
3524220;VEGAFINA VF 98 VF50P (10);80.00;1;Estuche
3524221;HENRY CLAY WH SHORT (25);110.00;1;Caja
3524301;DAVIDOFF WINSTON CH LATE HOUR BELICOSO 4;36.80;1;Lata
3524504;MARLBORO CRAFTED BLANDO;4.85;10;Cajetilla
3524602;CHESTERFIELD ORIGINAL 38s;10.00;5;Cajetilla
3524603;MARLBORO RED 35S;10.00;5;Cajetilla
3524680;ESSE WHITE (20);4.80;10;Cajetilla
3524707;BRANIFF LINEA D´ORO 510 DISPLAY TTE;78.00;1;Unidad
3524740;PARTAGAS CLUB 20;12.20;5;Caja
3524741;NOBEL 25;6.50;8;Cajetilla
3524804;CAO ARCANA STOKK BELICOSO 20;300.00;1;Caja
3524808;REPOSADO CONNECTICUT TORPEDO 10;19.50;1;Estuche
3524809;REPOSADO COLORADO TORPEDO 10;19.50;1;Estuche
3524810;NEWS (100g);21.50;1;Bolsa
3524811;JPS (450G);99.50;1;Bote
3524812;DENIM 100 MIX DISPLAY;92.00;1;Unidad
3524860;DISPENSADOR MIX NOB SSL FRESH;200.00;1;Unidad
3524861;DISPENSADOR MIX MIN NOB SSL FRESH;100.00;1;Unidad
3524865;AMBER LEAF VIRGINIA NATURE (30 G);6.30;5;Bolsa
3524880;DISPLAY MIX H&B 2026;90.00;1;Unidad
3524890;DISPLAY EXCITE 2026;94.00;1;Unidad
3524927;LUCKIES RED 40;9.00;5;Cajetilla
3524953;Display Al Capone DUO FILTER (80) TTE;24.00;1;Unidad
3524958;CAMEL LEGEND;5.10;10;Cajetilla
3524973;D.TOMAS CLASICO ALLEGRO TUBE 20;120.00;1;Caja
3524975;DENIM VELVET GOLD FILTER CIGAR (17);2.50;10;Caja
3524977;TOBACCO FARM VIRGINIA 30G;5.65;10;Bolsa
3524993;PUEBLO PINK 30 G;7.10;10;Bolsa
3525048;BULLBRAND AB. & NEGRO FILTER MIX-DISP 80;13.00;1;Unidad
3525051;DISPLAY MADDOX MIX 2026;90.00;1;Unidad
3525064;JPS DEEP RED 24;5.80;8;Cajetilla
3525090;BAROUDEUR GOLD 500g;34.90;1;Lata
3525091;BAROUDEUR GOLD 999g;69.00;1;Lata
3525132;CAO PILON CORONA 20;110.00;1;Caja
3525134;LE BARON 100G;6.90;1;Bolsa
3525142;VEO CORAL TWIST;4.00;10;Cajetilla
3525143;VEO INDIGO TWIST;4.00;10;Cajetilla
3525163;DENIM VELVEL GOLD 17´S DISPLAY TTE;25.00;1;Unidad
3525166;JPS DEEP RED 100S;4.85;10;Cajetilla
3525170;JOCKEY ORIGINAL RED (400G);28.50;1;Bote
3525215;JPS DEEP RED KS;4.90;10;Cajetilla
3525237;DAVIDOFF ESCURIO ROBUSTO (12);194.40;1;Caja
3525238;LA AURORA FAM CREED FUERTE SOL TORO (20);190.00;1;Caja
3525239;LA AURORA FAM CREED FUERTE SOL G TORO 20;200.00;1;Caja
3525240;LA AURORA FAM CREED FUERTE SOL ROBU (20);160.00;1;Caja
3525255;AL FAKHER RED PATCH 200G;17.50;1;Bote
3525256;AL FAKHER BIG CORAL 200G;17.50;1;Bote
3525257;AL FAKHER TWIWI 200G;17.50;1;Bote
3525258;AL FAKHER WHITE POD 200G;17.50;1;Bote
3525282;Display ESSE-10 2026;48.00;1;Unidad
3525299;DISPENSADOR MIX NOB SSL FRESH;200.00;1;Unidad
3525311;DAVIDOFF PURO DOM SHORT ROBUSTO (12);186.00;1;Caja
3525312;DAVIDOFF PURO DOMINICANO CORONA LARGA(5);91.50;1;Estuche
3525313;DAVIDOFF PURO DOMINICA CORONA LARGA (12);219.60;1;Caja
3525314;DAVIDOFF PURO DOMINICANO PERFECTO (5);98.50;1;Estuche
3525315;DAVIDOFF PURO DOMINICANO PERFECTO (12);236.40;1;Caja
3525316;DAVIDOFF PURO DOMINICA SHORT ROBUSTO (5);77.50;1;Estuche
3525424;TRABUCOS T-10  TT NP DISPLAY 200;58.00;1;Unidad
3525493;FAIRGREEN MIX DISPLAY (300gr);55.00;1;Unidad
3525528;EXCITE MIX DISPLAY 2026;94.00;1;Unidad
3525556;URNA COBURN 400 TTE;76.00;1;Unidad
3525557;URNA FARIAS MINI 200 TTE;58.00;1;Unidad
3525567;FLEUR DU PAYS (30GR);8.50;10;Bolsa
3525626;Luckies 40A;93.50;1;Unidad
3525627;Luckies 23B;103.50;1;Unidad
3528;VEGAFINA CLASSIC PERLA (25);73.75;1;Caja
35405;C.MED.ORDINARIO SORIA  3,63;3.63;1;Unidad
35406;C.MED.DEFUNCION SORIA  3,63;3.63;1;Unidad
35436;CONT.ARR.LOCALES BURGOS1000/6;6.01;1;Unidad
35477;TARJETA TV. GALICIA       0,20;0.20;1;Unidad
3572;CELLINI CLÁSICO (50 G);5.30;5;Bolsa
3573;CELLINI FORTE (50 G);5.30;5;Bolsa
3657;VEGAFINA CORONAS TUBO (10);50.50;1;Caja
37514;CERTIFICADO DEUDAS 835 / 5 EUR;5.00;1;Unidad
37519;P.TIMB.PAGO ESTADO  1 20,00;20.00;1;Unidad
37520;P.TIMB.PAGO ESTADO  2 10,00;10.00;1;Unidad
37521;P.TIMB.PAGO ESTADO  3  5,00;5.00;1;Unidad
37522;P.TIMB.PAGO ESTADO  4  2,00;2.00;1;Unidad
37523;P.TIMB.PAGO ESTADO  5  1,00;1.00;1;Unidad
37524;P.TIMB.PAGO ESTADO  6  0,50;0.50;1;Unidad
37525;P.TIMB.PAGO ESTADO  7  0,20;0.20;1;Unidad
37526;P.TIMB.PAGO ESTADO  8  0,10;0.10;1;Unidad
37527;P.TIMB.PAGO ESTADO  9  0,05;0.05;1;Unidad
37528;P.TIMB.PAGO ESTADO  10 0,02;0.02;1;Unidad
37529;P.TIMB.PAGO ESTADO  11 0,01;0.01;1;Unidad
37530;TIMBRE  MOVIL  DE   20,00;20.00;1;Unidad
37531;TIMBRE  MOVIL  DE   10,00;10.00;1;Unidad
37532;TIMBRE  MOVIL   DE  5,00;5.00;10;Unidad
37533;TIMBRE  MOVIL   DE  2,00;2.00;10;Unidad
37534;TIMBRE  MOVIL   DE  1,00;1.00;10;Unidad
37535;TIMBRE  MOVIL   DE  0,50;0.50;100;Unidad
37536;TIMBRE  MOVIL   DE  0,20;0.20;100;Unidad
37537;TIMBRE  MOVIL   DE  0,10;0.10;100;Unidad
37538;TIMBRE  MOVIL  DE   0,05;0.05;100;Unidad
37539;TIMBRE  MOVIL  DE   0,02;0.02;100;Unidad
37540;TIMBRE  MOVIL  DE   0,01;0.01;100;Unidad
37546;LETRA  CAMBIO  1    538,51;538.51;1;Unidad
37547;LETRA  CAMBIO   2   269,25;269.25;1;Unidad
37548;LETRA  CAMBIO   3   134,63;134.63;1;Unidad
37549;LETRA  CAMBIO   4   67,31;67.31;1;Unidad
37550;LETRA  CAMBIO   5   33,66;33.66;1;Unidad
37551;LETRA  CAMBIO   6   16,83;16.83;1;Unidad
37552;LETRA  CAMBIO   7   8,41;8.41;1;Unidad
37553;LETRA  CAMBIO   8   4,21;4.21;1;Unidad
37554;LETRA  CAMBIO   9   1,98.;1.98;1;Unidad
37555;LETRA  CAMBIO  10   0,96;0.96;1;Unidad
37556;LETRA  CAMBIO  11   0,48;0.48;1;Unidad
37557;LETRA  CAMBIO  12   0,24;0.24;1;Unidad
37558;LETRA  CAMBIO  13   0,12;0.12;1;Unidad
37559;LETRA  CAMBIO  14   0,06;0.06;1;Unidad
37560;LETRA CAMBIO PC  3  134,63;134.63;1;Unidad
37561;LETRA CAMBIO PC  4  67,31;67.31;1;Unidad
37562;LETRA CAMBIO PC  5  33,66;33.66;1;Unidad
37563;LETRA CAMBIO PC  6  16,83;16.83;1;Unidad
37564;LETRA CAMBIO PC  7   8,41;8.41;1;Unidad
37565;LETRA CAMBIO PC  8   4,21;4.21;1;Unidad
37566;LETRA CAMBIO PC  9   1,98;1.98;1;Unidad
37567;LETRA CAMBIO PC 10  0,96;0.96;1;Unidad
37568;LETRA CAMBIO PC 11  0,48;0.48;1;Unidad
37569;LETRA CAMBIO PC 12  0,24;0.24;1;Unidad
37570;LETRA CAMBIO PC 13  0,12;0.12;1;Unidad
37571;LETRA CAMBIO PC 14  0,06;0.06;1;Unidad
37572;C.A.FINCAS URBANAS 1  30,77;30.77;1;Unidad
37573;C.A.FINCAS URBANAS 2  14,42;14.42;1;Unidad
37574;C.A.FINCAS URBANAS 3   7,21;7.21;1;Unidad
37575;C.A.FINCAS URBANAS 4   3,37;3.37;1;Unidad
37576;C.A.FINCAS URBANAS 5   1,68;1.68;1;Unidad
37577;C.A.FINCAS URBANAS 6   0,78;0.78;1;Unidad
37578;C.A.FINCAS URBANAS 7   0,39;0.39;1;Unidad
37579;C.A.FINCAS URBANAS 8   0,18;0.18;1;Unidad
37580;C.A.FINCAS URBANAS 9   0,09;0.09;1;Unidad
37581;LETRA CATALAN  1    538,51;538.51;1;Unidad
37582;LETRA CATALAN  2    269,25;269.25;1;Unidad
37583;LETRA CATALAN  3    134,63;134.63;1;Unidad
37584;LETRA CATALAN  4     67,31;67.31;1;Unidad
37585;LETRA CATALAN  5    33,66;33.66;1;Unidad
37586;LETRA CATALAN  6    16,83;16.83;1;Unidad
37587;LETRA CATALAN  7     8,41;8.41;1;Unidad
37588;LETRA CATALAN  8     4,21;4.21;1;Unidad
37589;LETRA CATALAN  9     1,98;1.98;1;Unidad
37590;LETRA CATALAN 10     0,96;0.96;1;Unidad
37591;LETRA CATALAN 11     0,48;0.48;1;Unidad
37592;LETRA CATALAN 12     0,24;0.24;1;Unidad
37593;LETRA CATALAN 13     0,12;0.12;1;Unidad
37594;LETRA CATALAN 14     0,06;0.06;1;Unidad
37595;LETRA CATALAN PC 3  134,63;134.63;1;Unidad
37596;LETRA CATALAN PC 4  67,31;67.31;1;Unidad
37597;LETRA CATALAN PC 5  33,66;33.66;1;Unidad
37598;LETRA CATALAN PC 6  16,83;16.83;1;Unidad
37599;LETRA CATALAN PC 7   8,41;8.41;1;Unidad
37600;LETRA CATALAN PC 8   4,21;4.21;1;Unidad
37601;LETRA CATALAN PC 9   1,98;1.98;1;Unidad
37604;LETRA CATALAN PC 10  0,96;0.96;1;Unidad
37605;LETRA CATALAN PC 11  0,48;0.48;1;Unidad
37606;LETRA CATALAN PC 12  0,24;0.24;1;Unidad
37607;LETRA CATALAN PC 13  0,12;0.12;1;Unidad
37608;LETRA CATALAN PC 14  0,06;0.06;1;Unidad
37609;P.TIMB. COMUN  CL. 2  0,15 BI;0.15;1;Unidad
37610;LETRA   CL.   1     538,51 BI;538.51;1;Unidad
37611;LETRA   CL.   2     269,25 BI;269.25;1;Unidad
37612;LETRA   CL.   3     134,63 BI;134.63;1;Unidad
37613;LETRA   CL.   4     67,31 BI;67.31;1;Unidad
37614;LETRA   CL.   5     33,66 BI;33.66;1;Unidad
37615;LETRA  CL.   6      16,83 BI;16.83;1;Unidad
37616;LETRA   CL.   7     8,41 BI;8.41;1;Unidad
37617;LETRA   CL.   8     4,21 BI;4.21;1;Unidad
37618;LETRA   CL.   9     1,98 BI;1.98;1;Unidad
37619;LETRA   CL.  10     0,96 BI;0.96;1;Unidad
37620;LETRA   CL.  11     0,48 BI;0.48;1;Unidad
37621;LETRA   CL.  12     0,24 BI;0.24;1;Unidad
37622;LETRA   CL.  13     0,12 BI;0.12;1;Unidad
37623;LETRA   CL.  14     0,06 BI;0.06;1;Unidad
37624;C.A.F.URBANAS CL. 1    130 BI;130.00;1;Unidad
37625;C.A.F.URBANAS CL. 2   43,25 BI;43.25;1;Unidad
37626;TIMBRE MOVIL CL. 1   25 BI;25.00;1;Unidad
37627;TIMBRE MOVIL CL. 2   10 BI;10.00;1;Unidad
37628;TIMBRE MOVIL CL. 3    5 BI;5.00;1;Unidad
37629;TIMBRE MOVIL CL. 4    1 BI;1.00;1;Unidad
37630;TIMBRE MOVIL CL. 5  0,5 BI;0.50;1;Unidad
37631;TIMBRE MOVIL CL. 6  0,25 BI;0.25;1;Unidad
37633;TIMBRE MOVIL CL. 8  0,05 BI;0.05;1;Unidad
37645;LETRA   CL.   1    538,51 GI;538.51;1;Unidad
37646;LETRA    CL.   2     269,25 GI;269.25;1;Unidad
37657;LETRA    CL.  13    0,12 GI;0.12;1;Unidad
37669;LETRA P.C. EUROS 13ª   0,12 GI;0.12;1;Unidad
37671;LETRA   CLASE   1   538,51 AL;538.51;1;Unidad
37672;LETRA   CLASE  2    269,25 AL;269.25;1;Unidad
37673;LETRA   CLASE   3   134,63 AL;134.63;1;Unidad
37674;LETRA   CLASE   4   67,31 AL;67.31;1;Unidad
37675;LETRA   CLASE   5   33,66 AL;33.66;1;Unidad
37676;LETRA   CLASE   6    16,83 AL;16.83;1;Unidad
37677;LETRA  CLASE   7    8,41 AL;8.41;1;Unidad
37678;LETRA  CLASE   8    4,21 AL;4.21;1;Unidad
37679;LETRA  CLASE   9    1,98 AL;1.98;1;Unidad
37680;LETRA  CLASE  10    0,96 AL;0.96;1;Unidad
37681;LETRA  CLASE  11    0,48 AL;0.48;1;Unidad
37682;LETRA  CLASE  12    0,24 AL;0.24;1;Unidad
37683;LETRA  CLASE  13    0,12 AL;0.12;1;Unidad
37684;LETRA  CLASE  14    0,06 AL;0.06;1;Unidad
37722;FOR.GUIP.IMP.DECL. 347 2014;0.45;1;Unidad
37726;FOR.ALAVA CARAT.190       0,06;0.06;1;Unidad
37727;FOR.ALAVA IMP.347 ANEXO   0,06;0.06;1;Unidad
37728;FOR.ALAVA IMP.347 CARATUL 0,06;0.06;1;Unidad
37729;FOR.ALAVA IMP.347 COMUN   0,06;0.06;1;Unidad
37730;FOR.ALAVA IMP.M.190       0,06;0.06;1;Unidad
37733;FOR.ALAVA IMP.M.391       0,12;0.12;1;Unidad
37734;FOR.ALAVA IMP.MODELO 390  0,30;0.30;1;Unidad
37735;FOR.ALAVA IMPRESO 110     0,12;0.12;1;Unidad
37737;FOR.ALAVA IVA     M.310   0,12;0.12;1;Unidad
37739;FOR.ALAVA M.115 IRPF      0,12;0.12;1;Unidad
37740;FOR.ALAVA M.180 CARATULA  0,06;0.06;1;Unidad
37741;FOR.ALAVA M.180 HOJA INT  0,06;0.06;1;Unidad
37780;P.TIMB COMUN CL.8   0,300506 AL;0.30;1;Unidad
37813;FOR.VIZC.IMP.IVA MOD. 300 0,10;0.10;1;Unidad
37814;FOR.VIZC.IMP.IRPF.MOD.110 0,10;0.10;1;Unidad
37815;FOR.VIZC.IMP.IRPF.MOD.130 0,10;0.10;1;Unidad
37824;LETRA  EURO  CL  1  538,51  NA;538.51;1;Unidad
37825;LETRA  EURO  CL   2 269,25  NA;269.25;1;Unidad
37826;LETRA  EURO  CL   3 134,63  NA;134.63;1;Unidad
37827;LETRA  EURO  CL   4  67,31  NA;67.31;1;Unidad
37828;LETRA  EURO  CL  5  33,66  NA;33.66;1;Unidad
37829;LETRA  EURO  CL  6  16,83  NA;16.83;1;Unidad
37830;LETRA  EURO  CL  7   8,41  NA;8.41;1;Unidad
37831;LETRA  EURO CL  8   4,21  NA;4.21;1;Unidad
37832;LETRA EURO CL  9    1,98  NA;1.98;1;Unidad
37833;LETRA EURO CL 10    0,96  NA;0.96;1;Unidad
37834;LETRA EURO CL 11    0,48  NA;0.48;1;Unidad
37835;LETRA EURO CL 12    0,24  NA;0.24;1;Unidad
37836;LETRA EURO CL 13    0,12  NA;0.12;1;Unidad
37837;LETRA EURO CL 14    0,06  NA;0.06;1;Unidad
37861;FOR.VIZC.IMP.IVA MOD. 390 0,50;0.50;1;Unidad
37862;FOR.VIZC.LIQ.IVA.MOD. 391 0,50;0.50;1;Unidad
37863;FOR.VIZC.IMP.IRPF.MOD 190 0,50;0.50;1;Unidad
37871;FOR.VIZC.MOD.190 HOJA INT 0,10;0.10;1;Unidad
37944;FOR.VIZC.IMP.IRPF MO.10-T 0,10;0.10;1;Unidad
38119;P.TIM.COMUN 8ª A-4  0,03;0.03;1;Unidad
38331;C.MED.ORDINARIO TARRAGONA 3,63;3.63;1;Unidad
38332;C.MED.DEFUNCION TARRAGONA 3,63;3.63;1;Unidad
38385;C.MED.ORDINARIO SALAMANCA 3,63;3.63;1;Unidad
38394;C.MED.ORDINARIO CACERES 3,63;3.63;1;Unidad
38395;C.MED.DEFUNCION CACERES 3,63;3.63;1;Unidad
38396;C.MED.ORDINARIO RIOJA  3,63;3.63;1;Unidad
38397;C.MED.DEFUNCION RIOJA  3,63;3.63;1;Unidad
38400;C.MED.ORDINARIO MALAGA  3,63;3.63;1;Unidad
38408;C.MED.ORDINARIO ZARAGOZA  3,63;3.63;1;Unidad
38409;C.MED.DEFUNCION ZARAGOZA  3,63;3.63;1;Unidad
38423;B.BUS VILANOVA T-10;7.90;1;Unidad
38602;CONT.COM-VEN.BURGOS 3,00;3.00;1;Unidad
38614;CONT.COMPRA VENTA PRIVADO 6,00;6.00;1;Unidad
38615;CONT.COMPRA VENT VEHICULO 6,00;6.00;1;Unidad
3872;F.T.PARTAGAS CORONAS SEN  T (25);247.50;1;Caja
3873;F.T.PARTAGAS P.DE LUXE (25);285.00;1;Caja
3884;FARIAS MINI (10);2.90;20;Estuche
3926;ALSBO SUNGOLD   (50G);7.80;5;Bolsa
3927;ALSBO RUBY       (50G);8.00;5;Bolsa
39289;TARJETAS CONSORCIO DE CADIZ;0.00;1;Unidad
39294;FULL OFIC.DE RECLAMACIO/DENUN.;0.00;1;Unidad
39316;C.A.F.U.CATAL.CASTELL.1  30,77;30.77;1;Unidad
39317;C.A.F.U.CATAL.CASTELL.2  14,42;14.42;1;Unidad
39318;C.A.F.U.CATAL.CASTELL.3  7,21;7.21;1;Unidad
39319;C.A.F.U.CATAL.CASTELL.4  3,37;3.37;1;Unidad
39320;C.A.F.U.CATAL.CASTELL.5  1,68;1.68;1;Unidad
39321;C.A.F.U.CATAL.CASTELL.6  0,78;0.78;1;Unidad
39322;C.A.F.U.CATAL.CASTELL.7  0,39;0.39;1;Unidad
39323;C.A.F.U.CATAL.CASTELL.8  0,18;0.18;1;Unidad
39324;C.A.F.U.CATAL.CASTELL.9  0,09;0.09;1;Unidad
39325;C.A.F.U.CATAL.CATALAN 1  30,77;30.77;1;Unidad
39326;C.A.F.U.CATAL.CATALAN 2  14,42;14.42;1;Unidad
39327;C.A.F.U.CATAL.CATALAN 3  7,21;7.21;1;Unidad
39328;C.A.F.U.CATAL.CATALAN 4  3,37;3.37;1;Unidad
39329;C.A.F.U.CATAL.CATALAN 5  1,68;1.68;1;Unidad
39330;C.A.F.U.CATAL.CATALAN 6  0,78;0.78;1;Unidad
39331;C.A.F.U.CATAL.CATALAN 7  0,39;0.39;1;Unidad
39332;C.A.F.U.CATAL.CATALAN 8  0,18;0.18;1;Unidad
39333;C.A.F.U.CATAL.CATALAN 9  0,09;0.09;1;Unidad
3952;DAVIDOFF ANIVER SH. PERFECTO 4 NL;80.80;1;Estuche
4010094;MK-651-T24 IMP.SUC.Y DON.-DONACION 0,80;0.80;1;Unidad
4010152;LIBRO EMISIONES ESPEC.2024;215.00;1;Unidad
4010162;MK-650-T24 IMP.SUC.Y DON.INDIVIDUAL 0,80;0.80;1;Unidad
4010215;Tarjeta Bono Bus Albacete;3.00;1;Unidad
4010216;Tarjeta Contigo Albacete;3.00;1;Unidad
4010218;Tarjeta Bono Joven Abacete;3.00;1;Unidad
4010219;Tarjeta Bono F.N. Albacete;3.00;1;Unidad
4010220;Tarjeta Bono Joven 30D Albacete;3.00;1;Unidad
4010221;Tarjeta Bono Bus 30D Albacete;3.00;1;Unidad
4010222;Tarjeta Bono F.N.365D Albacete;3.00;1;Unidad
4010223;Tarjeta Bono Joven 365D Albacete;3.00;1;Unidad
4010224;Tarjeta Bono Infantil Albacete;3.00;1;Unidad
4010255;TARJETA TRANSPORTE BONOBUR;2.00;1;Unidad
4010260;TARJETA TRANSP TITC CANTABRIA.;3.00;1;Unidad
4010343;TARJETA TRANSPORTE TORRELAVEGA;3.00;1;Unidad
4010364;BASICA25 ESPAÑA ES: 2,40;2.40;20;Unidad
4010415;B.BUS MATARO T-10 2026;4.85;1;Unidad
4010416;MATARO BUS  T-ROSA 2026;3.95;1;Unidad
4010417;LIBRO EMISIONES ESPEC.2025;225.00;1;Unidad
4010419;B 10 TLA -Ajuntament de Lliçà d'Amunt 26;10.40;1;Unidad
4010420;T25 Trans. Urba Terrassa 2026;10.85;1;Unidad
4010421;T-10 1 ZONA-SOCIAL LA LLAGOSTA 26;10.40;1;Unidad
4010423;T-10 SOCIAL PALAUTORDERA 26;10.40;1;Unidad
4010424;T-10 SOCIAL SANT FOST 26;10.40;1;Unidad
4010425;T-10 SOCIAL PINEDA 2026;4.15;1;Unidad
4010426;T-10 SOCIAL ALELLA-TEIA 26;10.40;1;Unidad
4010428;T-10 SOCIAL STA. PERPETUA 26;10.40;1;Unidad
4010429;T SENIOR  Arenys de Munt 26;10.40;1;Unidad
4010430;T-10 URBA MOLLET 2026;6.25;1;Unidad
4010431;T-10 JOVE MOLLET 2026;2.60;1;Unidad
4010432;T-10 GENT GRAN MOLLET 2026;3.15;1;Unidad
4010433;T-10 SOCIAL PINEDA.CALELLA 2026;10.05;1;Unidad
4010434;T-10 SOC PALAU-SOLITA i PLEGA 2026;10.40;1;Unidad
4010435;B.BUS SAGALES T-10 JUBILAT 2026;4.15;1;Unidad
4010436;T-10 MANRESA BUS 2026;8.50;1;Unidad
4010437;TMES MANRESA BUS 2026;20.15;1;Unidad
4010438;S1 T-10 1 ZONA 2026;10.40;1;Unidad
4010439;S2 T-10 2 ZONAS 2026;20.40;1;Unidad
4010440;S3 T-10 3 ZONAS 2026;27.75;1;Unidad
4010442;S4 T-10 4 ZONAS 2026;35.70;1;Unidad
4010443;S5 T-10 5 ZONAS 2026;40.95;1;Unidad
4010444;S6 T-10 6 ZONAS 2026;43.55;1;Unidad
4010472;PACK 5 TARJETAS AIRCASH;5.00;5;Unidad
4010510;MK-620-T26 COMPRA-VTA VEH USADO 0,8;0.80;1;Unidad
4010511;MK-600-T26 IMP TRANS PATRIM PVP 1,60;1.60;1;Unidad
40183;TARJETAS CONSORCIO DE GRANADA;0.00;1;Unidad
40271;TARJETAS CONSORCIO DE MALAGA;0.00;1;Unidad
4038;CALYPSO DANNEMANN MOODS(20)NL;6.50;5;Estuche
4039;CALYPSO DANNEMANN MOODS FIL(20)NL;6.70;10;Estuche
4083;CLUBMASTER MINI RED 232 (20);4.70;10;Lata
4086;NEOS PACIFIC              (50);16.00;4;Caja
4090;GOLDEN BLEND'S Nº 1 (50 G);5.30;5;Bolsa
4093;W.O.LARSEN SIGNATURE    (100G);19.30;3;Lata
4189;VEGAFINA CLASSIC PERLA (4);11.80;5;Caja
4191;MAC BAREN CLASSIC LOOSE CUT 50G;8.10;5;Bolsa
41976;TARJETAS CONSORCIO CAMPO GIBRALTAR;0.00;1;Unidad
42099;TARJETAS CONSORCIO DE SEVILLA;0.00;1;Unidad
42253;TARJETAS ATM LLEIDA;0.00;1;Unidad
42278;T-10 PROPIA SANT SADURNI D'ANOIA;8.20;1;Unidad
42279;T-10 ESTUDIANT SANT SADURNI D'ANOIA;4.90;1;Unidad
42432;TARJETAS ATM GIRONA;0.00;1;Unidad
42636;T-10 2 ZONA-SOCIAL LA LLAGOSTA;16.25;1;Unidad
42638;T-10 GENT GRAN ST.CELONI;9.10;1;Unidad
4274;MONTECRISTO CLUB (20);15.60;5;Caja
42749;C.MED.DEFUNCION SALAMANCA 3,63;3.63;1;Unidad
4276;COHIBA CLUB (20);19.00;5;Caja
42761;FOR.ALAVA IMP.  MODELO 303  0,12;0.12;1;Unidad
42763;TARJETAS ATM TARRAGONA;0.00;1;Unidad
42988;TARJETAS CONSORCIO DE JAEN;0.00;1;Unidad
43004;TARJETAS CONSORCIO DE ALMERIA;0.00;1;Unidad
4327;RAMON ALLONES SPEC. SELEC.(25);475.00;1;Caja
43352;BONOBUS EMT TARJETA MOBILIS;2.00;1;Unidad
43353;ETM TARJETA MOBILIS 2,20E;2.20;1;Unidad
43363;TUS TARJETA SANTANDER;1.00;1;Unidad
4449;CLAN N (50G);8.10;5;Bolsa
4502;ROM Y JUL C.D. LUX N.2 (25);395.00;1;Caja
4504;ROM Y JUL BELICOSOS (25);537.50;1;Caja
4516;ROM Y JUL C.D.LUX N.3(25);297.50;1;Caja
4517;ROM Y JUL CAZADORES  (25);410.00;1;Caja
4522;CUABA DIVINOS             (25);237.50;1;Caja
46063;FOR.GUIP.IMP.DECL. MOD 036 2015;0.45;1;Unidad
46074;ALSA TARJETA CANTABRIA;1.50;1;Unidad
46095;TARJETAS CONSORCIO DE CORDOBA;0.00;1;Unidad
46096;C.MED.ORDINARIO BADAJOZ 3,63;3.63;1;Unidad
46097;C.MED.DEFUNCION BADAJOZ 3,63;3.63;1;Unidad
46099;TARJETA TORRENT;4.00;1;Unidad
46100;C.MED.ORDINARIO C.REAL 3,63;3.63;1;Unidad
46101;C.MED.DEFUNCION C.REAL 3,63;3.63;1;Unidad
46102;C.MED.ORDINARIO CORDOBA  3,63;3.63;1;Unidad
46103;C.MED.ORDINARIO ASTURIAS  3,63;3.63;1;Unidad
46104;C.MED.DEFUNCION ASTURIAS 3,63;3.63;1;Unidad
46105;C.MED.ORDINARIO LUGO;3.63;1;Unidad
46106;C.MED.DEFUNCION LUGO;3.63;1;Unidad
46110;C.MED.ORDINARIO BARCELONA  3,63;3.63;1;Unidad
46111;C.MED.ORDINARIO LERIDA    3,63;3.63;1;Unidad
46112;C.MED.ORDINARIO GIRONA  3,63;3.63;1;Unidad
46114;C.MED.DEFUNCION BARCELONA. 3,63;3.63;1;Unidad
46115;C.MED.DEFUNCION LERIDA    3,63;3.63;1;Unidad
46735;C.MED.ORDINARIO VALLADOL. 3,63;3.63;1;Unidad
46736;C.MED.DEFUNCION VALLADOL. 3,63;3.63;1;Unidad
4688;ALSBO GOLD              (50G);8.10;5;Bolsa
4690;ALSBO BLACK             (50G);8.10;5;Bolsa
47161;B.BUS ACTIVA VILANOVA;4.25;1;Unidad
47162;B.BUS JOVE VILANOVA;5.30;1;Unidad
4770;H. UPMANN MAGNUM 46       (25);475.00;1;Caja
4772;H. UPMANN UPMANN NO.2     (25);547.50;1;Caja
4784;BOLIVAR PETIT CORONAS     (25);265.00;1;Caja
4785;BOLIVAR ROYAL CORONAS     (25);490.00;1;Caja
48128;SELLO BASICA 2012   0,85 (PL50);0.85;50;Unidad
4844;H. UPMANN EPICURES (H/M)  (25);135.00;1;Caja
48475;CHH LIBRO GASTOS   L-026-02  4,00;4.00;1;Unidad
48532;TARJETAS CONSORCIO DE HUELVA;0.00;1;Unidad
48577;TARJETAS LEON;0.00;1;Unidad
48719;C.MED.ORDINARIO BURGOS  3,63;3.63;1;Unidad
48720;C.MED.DEFUNCION BURGOS  3,63;3.63;1;Unidad
48745;CHH LIBRO INGRESOS PROF. L-027-02  4,00;4.00;1;Unidad
48770;TARJETAS BARIK KIDE;0.00;1;Unidad
48794;CONVENIO ARBITRAJE AEADE+CONTRATO;50.00;1;Unidad
48795;ARRENTA BASICO+CONTRATO;98.00;1;Unidad
48796;C.MED.ORDINARIO LA CORUÑA 3,63;3.63;1;Unidad
48797;C.MED.DEFUNCION LA CORUÑA 3,63;3.63;1;Unidad
48856;TARJETAS BARIK GIZA;0.00;1;Unidad
49016;Bonobux Publico General;9.00;1;Unidad
49017;Bonobux Familia Numerosa General;7.20;1;Unidad
49018;Bonobux Familia Numerosa Especial;4.50;1;Unidad
50164;Tarjeta Mobilis Castellon Joven;3.00;1;Unidad
50205;BASICA S.M. REY FELIPE VI 0,01;0.01;50;Unidad
50207;BASICA S.M. REY FELIPE VI 1,00;1.00;50;Unidad
50210;eTM TARJETA MOBILIS CASTELLON;2.00;1;Unidad
50211;TARJETAS TUSSAM CON TRANSBORDO;0.00;1;Unidad
50212;TARJETAS TUSSAM SIN TRANSBORDO;0.00;1;Unidad
50227;BASICA S.M. REY FELIPE VI 0,04;0.04;50;Unidad
50294;TARJETAS LEON METROPOLITANO;0.00;1;Unidad
50870;BASICA S.M.REY FELIPE VI T*A;0.96;50;Unidad
50871;BASICA S.M.REY FELIPE VI T*A2;1.15;50;Unidad
50872;BASICA S.M.REY FELIPE VI T*B;2.00;50;Unidad
50873;BASICA S.M.REY FELIPE VI T*C;2.10;50;Unidad
50874;BASICA S.M.REY FELIPE VI 0,02;0.02;50;Unidad
50875;BASICA S.M.REY FELIPE VI 0,03;0.03;50;Unidad
51351;CRTM TTP ANóNIMA;0.00;1;Unidad
51437;BASICA S.M.REY FELIPE VI 0,05;0.05;50;Unidad
51516;MK-043E-31 TASA F S/JUEGO BINGO 0,45;0.45;1;Unidad
51705;FOR.GUIP.IMP.DECL. MOD 036 2017;0.45;1;Unidad
51709;LETRA   CL.   1   538,51 GI 17;538.51;1;Unidad
51710;LETRA   CL.   2   269,25 GI 17;269.25;1;Unidad
51711;LETRA   CL.   3   134,63 GI 17;134.63;1;Unidad
51712;LETRA   CL.   4    67,31 GI 17;67.31;1;Unidad
51713;LETRA   CL.   5    33,66 GI 17;33.66;1;Unidad
51714;LETRA   CL.   6    16,83 GI 17;16.83;1;Unidad
51715;LETRA   CL.   7     8,41 GI 17;8.41;1;Unidad
51716;LETRA   CL.   8     4,21 GI 17;4.21;1;Unidad
51717;LETRA   CL.   9     1,98 GI 17;1.98;1;Unidad
51718;LETRA   CL.   10    0,96 GI 17;0.96;1;Unidad
51719;LETRA   CL.   11    0,48 GI 17;0.48;1;Unidad
51720;LETRA   CL.   12    0,24 GI 17;0.24;1;Unidad
51721;LETRA   CL.   13    0,12 GI 17;0.12;1;Unidad
51722;LETRA   CL.   14    0,06 GI 17;0.06;1;Unidad
5177;GOLDEN VIRGINIA (50G);15.50;10;Bolsa
5180;MACANUDO CONNECTICUT ASCOTS 10;16.20;1;Caja
51834;MX-430E-72 COMPRA-VTA DET.TTES  0,45;0.45;1;Unidad
5204;DRUM (50G);12.05;10;Bolsa
5205;DRUM GOLD (50G);12.05;10;Bolsa
5206;DRUM BRIGHT BLUE (50G);12.05;10;Bolsa
5222;J.CORTES CLUB           (5);8.00;10;Caja
5239;LA PRIMOROSA CORON.EXTRA    25;22.50;1;Caja
5255;DAVIDOFF MIL.B. PET.CORO(25)NL;135.00;1;Caja
5260;COHIBA MINI (10);7.70;10;Estuche
5269;DAVIDOFF MIL.B. PET.CORON(5)NL;27.00;1;Estuche
5321;CUTTERS CHOICE        (50G) BY;13.50;5;Bolsa
5322;SAMSON ORIGINAL BLEND  (50G);12.00;10;Bolsa
53269;MX-430E-90 COMPRA-VTA USADOS 0,55;0.55;1;Unidad
5337;CALYPSO DANNEMANN EXPRESS 20 NL;7.15;5;Caja
53400;FOR.GUIP.IMP.670 ISD 2021 0,15;0.15;1;Unidad
53401;FOR.GUIP.IMP.671 ISD 2021 0,15;0.15;1;Unidad
53402;FOR.GUIP.IMP.672 ISD 2021 0,15;0.15;1;Unidad
5348;PARTAGAS MINI (20);9.60;5;Estuche
53480;FOR.GUIP.IMP.DECL. MOD 036 2021;0.45;1;Unidad
53876;MK-D650-T22 SUC. Y DON PRINC. 2,80;2.80;1;Unidad
53889;BASICA22 Amnistia Internacional T*D;2.65;50;Unidad
53923;CONTRATO ARRENDAMIENTO L.NEGOCIO COAPI;20.00;1;Unidad
53924;CONTRATO ARRENDAMIENTO TEMPORADA COAPI;20.00;1;Unidad
53925;CONTRATO ARRENDAMIENTO P.GARAJE COAPI;20.00;1;Unidad
53926;CONTRATO ARRAS COAPI;25.00;1;Unidad
5414;DUX PURITOS (10);3.15;10;Estuche
54149;FOR.GUIP.IMP.M.A.J.D.60A  0,15 2022;0.15;1;Unidad
54150;FOR.GUIP.IMP.DECL.M.60S 0,15 2022;0.15;1;Unidad
54152;FOR.GUIP.IMP.DECL.M.60T 0,15 2022;0.15;1;Unidad
54153;FOR.GUIP.ITP 60 AST 0,15  2022;0.15;1;Unidad
54193;MK-660-T22 DOC SUCESORIOS DECLARA. 0,30;0.30;1;Unidad
54197;TARJETA ABONO GRATUITO NORMAL;4.60;1;Unidad
54198;TARJETA ABONO GRATUITO JOVEN MENOR 30;4.60;1;Unidad
54199;TARJETA ABONO GRATUITO MAYOR DE 65;4.60;1;Unidad
54284;FOR.GUIP.IMP.DEC.MODEL.300-2022;0.15;1;Unidad
54312;FOR.GUIP.IMP.VEH.M.620 2023  0,15;0.15;1;Unidad
54507;CONTRATO ARRENDAMIENTO VIVIENDA COAPI;20.00;1;Unidad
54612;ETIQUETA DGT COCHE 0 EMISIONES;0.70;1;Unidad
54613;ETIQUETA DGT COCHE ECO;0.70;1;Unidad
54614;ETIQUETA DGT COCHE B;0.70;1;Unidad
54615;ETIQUETA DGT COCHE C;0.70;1;Unidad
54616;ETIQUETA DGT MOTO 0 EMISIONES;0.70;1;Unidad
54617;ETIQUETA DGT MOTO B;0.70;1;Unidad
54618;ETIQUETA DGT MOTO C;0.70;1;Unidad
54678;TARJETA CARTON T-USUAL;1.00;1;Unidad
54679;TARJETA CARTON ANONIMA;1.00;1;Unidad
54777;SARBUS S1;10.40;1;Unidad
54778;SARBUS S2;20.40;1;Unidad
54779;SARBUS S3;27.75;1;Unidad
54780;T-10 SANT CUGAT BONIFICAT;9.05;1;Unidad
54781;T-10 CERDANYOLA VALLES BONIFI;7.50;1;Unidad
54782;T-4 CERDANYOLA VALLES BONIF;3.65;1;Unidad
54783;LA VALLESANA V1;10.40;1;Unidad
54784;LA VALLESANA V2;20.40;1;Unidad
54785;LA VALLESANA V3;27.75;1;Unidad
54828;FOR.GUIP.IMP.IVA MOD.390-2023 0,45;0.45;1;Unidad
54830;LIBRO EMISIONES ESPEC.2023;210.00;1;Unidad
5494;ROM Y JUL ROMEO N.2     (10);120.00;1;Caja
5520;GUANTANAMERA CRISTALES (25);52.50;1;Caja
5521;GUANTANAMERA DECIMOS (10);15.00;5;Caja
5586;VAN NELLE ZWARE (50G);13.05;10;Bolsa
5659;MONTECRISTO N.2            (3);77.40;1;Estuche
5942;MAC BAREN MIXTURE       (100G);18.50;5;Lata
6060;CALYPSO REIG MINOR PACK NL (2);2.20;64;Estuche
6266;BENSON & HEDGES SILVER;7.75;10;Cajetilla
6267;MAYFAIR SUPERKINGS;7.40;10;Cajetilla
6275;DESERT GOLD RED;4.60;10;Cajetilla
6355;MONTE NEGRO SERIE ORO (24) NL;57.60;1;Caja
6554;BARLOVENTO TUBULARES (25) NL;52.50;1;Caja
6555;BARLOVENTO CORONAS ESPEC.25 NL;32.50;1;Caja
6600;H.MONTERREY H.DU DEPUT  (25);225.00;1;Caja
6680;CALYPSO DANNEMANN ESPRESSO(5)NL;1.80;20;Caja
6681;DAVIDOFF EXQUISITOS NL (10);38.00;5;Estuche
6970;TORRES QUART CALIQUE.Nº2 (2)BY;2.00;50;Estuche
7015;MONTECRISTO N.2        (10) NL;258.00;1;Caja
7040;BOLIVAR TUBOS N.2 (25);282.50;1;Caja
7102;MONTECRISTO PETIT TUBOS (3);40.20;1;Caja
7264;AGIO MEHARI'S RED ORIENT (50) BY;15.60;4;Caja
7265;AGIO MEHARI'S RED ORIEN FIL 20;6.30;10;Estuche
7267;AGIO FILTER TIP        (50) BY;16.60;1;Caja
7389;TRINIDAD COLONIALES     (24) BY;1176.00;1;Caja
7390;TRINIDAD REYES       (24)  BY;816.00;1;Caja
7436;DUX MAIOR (10);3.50;10;Estuche
8200;MONTECRISTO EDMUNDO  (25);642.50;1;Caja
8208;MAC BAREN ORIGINAL CHOICE 100G;18.20;3;Lata
8496;NEWS ROJO DURO;5.75;10;Cajetilla
8498;NEWS AZUL DURO;5.75;10;Cajetilla
8527;F.T.PARTAGAS PRESIDENTES 25 BY;472.50;1;Caja
8730;DUCADOS RUBIO RED BOX (20);5.80;10;Cajetilla
8797;INTERVAL BLOND 40 GR;10.90;10;Bolsa
8798;INTERVAL BLOND 200 GR;48.00;3;Lata
8905;AMBER LEAF 5X50 G;15.50;5;Bolsa
8912;H.MONTERREY P. ROBUSTOS(25)BY;385.00;1;Caja
9005;W.O.LARSEN  1864  (100 G)  BY;19.30;3;Bolsa
9007;STANWELL MELANGE  (50 G)   BY;8.70;5;Bolsa
9008;STANWELL SUNGOLD  (50 G)   BY;8.70;5;Bolsa
9111;TRABUCOS MINIS 10;2.70;10;Estuche
9112;TRABUCOS T-10;2.90;5;Estuche
9171;LA PRIMOROSA ISLEÑOS 25;11.25;1;Caja
9529;SIGNATURE FINOS ORIGINAL 20;5.10;5;Lata
9530;SIGNATURE FINOS RED 20 BY;5.10;5;Lata
9531;CANALEÑOS CALIQUEÑOS MINI  5;4.00;10;Caja
9590;VASCO DA GAMA TUBOS ESPEC(25);55.00;1;Estuche
9638;AGIO MINI MEHARI'S JAVA  (20)   BY;6.30;10;Estuche
9641;H.MONTERREY HOYO DU MAIRE 25 BY;140.00;1;Caja
9750;Vegafina Classic Corona Tubos (25);126.25;1;Caja
9907;RICHMOND KING SIZE;7.35;10;Cajetilla
9967;F.T.PARTAGAS SER.P N.2  (25) BY;592.50;1;Caja
9968;F.T.PARTAGAS SER.P N.2  (10) BY;237.00;1;Caja
9969;F.T.PARTAGAS SER.P N.2 TUB (3) NL;73.20;1;Estuche
9977;F.T.PARTAGAS SHORTS  (25) BY;180.00;1;Caja
